Geo_ID,Ship_City,Ship_State,Ship_Postal_Code,Ship_Country,Is_Valid_PIN
1,Mumbai,Maharashtra,400081,IN,True
2,Bengaluru,Karnataka,560085,IN,True
3,Navi Mumbai,Maharashtra,410210,IN,True
4,Puducherry,Puducherry,605008,IN,True
5,Chennai,Tamil Nadu,600073,IN,True
6,Ghaziabad,Uttar Pradesh,201102,IN,True
7,Chandigarh,Chandigarh,160036,IN,True
8,Hyderabad,Telangana,500032,IN,True
9,Hyderabad,Telangana,500008,IN,True
10,Chennai,Tamil Nadu,600041,IN,True
11,Noida,Uttar Pradesh,201303,IN,True
12,Amravati.,Maharashtra,444606,IN,True
13,Mumbai,Maharashtra,400053,IN,True
14,Guntakal,Andhra Pradesh,515801,IN,True
15,Jaipur,Rajasthan,302020,IN,True
16,New Delhi,Delhi,110074,IN,True
17,Gurgaon,Haryana,122004,IN,True
18,Bengaluru,Karnataka,560017,IN,True
19,Tiruchirappalli,Tamil Nadu,620018,IN,True
20,Bengaluru,Karnataka,560040,IN,True
21,Hyderabad,Telangana,500072,IN,True
22,Pune,Maharashtra,411044,IN,True
23,Tezpur,Assam,784001,IN,True
24,Ranchi,Jharkhand,834002,IN,True
25,Bilaspur,Chhattisgarh,495001,IN,True
26,Pune,Maharashtra,411052,IN,True
27,Bengaluru,Karnataka,560037,IN,True
28,Guwahati,Assam,781003,IN,True
29,Thiruvarur,Tamil Nadu,613704,IN,True
30,Lucknow,Uttar Pradesh,226010,IN,True
31,Visakhapatnam,Andhra Pradesh,530016,IN,True
32,Jeypur,Odisha,764001,IN,True
33,Hyderabad,Telangana,500028,IN,True
34,Lucknow,Uttar Pradesh,226016,IN,True
35,Chennai,Tamil Nadu,600033,IN,True
36,New Delhi,Delhi,110092,IN,True
37,Thiruvananthapuram,Kerala,695011,IN,True
38,Greater Noida,Uttar Pradesh,201306,IN,True
39,Jabalpur,Madhya Pradesh,482002,IN,True
40,Mumbai,Maharashtra,400092,IN,True
41,Lucknow,Uttar Pradesh,226017,IN,True
42,Mumbai,Maharashtra,400076,IN,True
43,Kolkata,West Bengal,700014,IN,True
44,Ongole,Andhra Pradesh,523001,IN,True
45,Secunderabad,Telangana,500017,IN,True
46,Hyderabad,Telangana,500062,IN,True
47,Kewalpur,Uttar Pradesh,271881,IN,True
48,Cuttack,Odisha,753012,IN,True
49,Badlapur,Maharashtra,421503,IN,True
50,Dimapur,Nagaland,797112,IN,True
51,Bengaluru,Karnataka,560047,IN,True
52,Bengaluru,Karnataka,560076,IN,True
53,Warangal,Telangana,506001,IN,True
54,Dhaulpur,Rajasthan,328024,IN,True
55,Guwahati,Assam,781029,IN,True
56,Bengaluru,Karnataka,560103,IN,True
57,Bengaluru,Karnataka,560023,IN,True
58,Nagpur,Maharashtra,440022,IN,True
59,Thane,Maharashtra,400607,IN,True
60,Dahod,Gujarat,389151,IN,True
61,Ranchi,Jharkhand,834004,IN,True
62,Pune,Maharashtra,411014,IN,True
63,Vijapura,Karnataka,586201,IN,True
64,Mumbai,Maharashtra,400080,IN,True
65,Bangalore,Karnataka,560001,IN,True
66,Bengaluru,Karnataka,560098,IN,True
67,Berhampur,Odisha,760002,IN,True
68,Hyderabad,Telangana,500085,IN,True
69,Pune,Maharashtra,411045,IN,True
70,Himmatnagar,Gujarat,383001,IN,True
71,Kolkata,West Bengal,700048,IN,True
72,Hyderabad,Telangana,502032,IN,True
73,Dehradun,Uttarakhand,248001,IN,True
74,Kolkata,West Bengal,700078,IN,True
75,Dharmapuri,Tamil Nadu,636705,IN,True
76,Dehradun,Uttarakhand,248005,IN,True
77,Jaipur,Rajasthan,303905,IN,True
78,Vadodara,Gujarat,390019,IN,True
79,Chavakkad,Kerala,680506,IN,True
80,Patna,Bihar,800026,IN,True
81,Chennai,Tamil Nadu,600028,IN,True
82,Vadodara,Gujarat,390018,IN,True
83,Vadodara,Gujarat,390003,IN,True
84,Pune,Maharashtra,411046,IN,True
85,Jammu,Jammu and Kashmir,180011,IN,True
86,Bangalore,Karnataka,560026,IN,True
87,New Delhi,Delhi,110036,IN,True
88,Narnaund,Haryana,125039,IN,True
89,Ahmedabad,Gujarat,380051,IN,True
90,Ambarnath,Maharashtra,421502,IN,True
91,Gwalior,Madhya Pradesh,474005,IN,True
92,New Delhi,Delhi,110078,IN,True
93,Rohtak,Haryana,124001,IN,True
94,Kolkata,West Bengal,700156,IN,True
95,New Delhi,Delhi,110034,IN,True
96,Hyderabad,Telangana,500054,IN,True
97,Patna,Bihar,800002,IN,True
98,Ramagundam,Telangana,505211,IN,True
99,Pithoragarh,Uttarakhand,262501,IN,True
100,Kolkata,West Bengal,700057,IN,True
101,Mumbai,Maharashtra,400101,IN,True
102,Hyderabad,Telangana,500053,IN,True
103,"Guwahati, Kamrup (M)",Assam,781014,IN,True
104,Kolar,Karnataka,563101,IN,True
105,Patiala,Punjab,147001,IN,True
106,Rewa,Madhya Pradesh,486001,IN,True
107,Bongaigaon,Assam,783380,IN,True
108,Hyderabad,Telangana,500087,IN,True
109,Bengaluru,Karnataka,560055,IN,True
110,Chengalpattu,Tamil Nadu,603002,IN,True
111,Perambalur,Tamil Nadu,621212,IN,True
112,Bilaspur,Himachal Pradesh,174001,IN,True
113,Chennai,Tamil Nadu,600099,IN,True
114,Varanasi,Uttar Pradesh,221010,IN,True
115,Bengaluru,Karnataka,560036,IN,True
116,Coimbatore,Tamil Nadu,641035,IN,True
117,Chirmiri,Chhattisgarh,497449,IN,True
118,Azamgarh,Uttar Pradesh,276302,IN,True
119,Kalyan,Maharashtra,421306,IN,True
120,New Delhi,Delhi,110016,IN,True
121,Guwahati,Assam,781026,IN,True
122,Mysore,Karnataka,570008,IN,True
123,Barabanki,Uttar Pradesh,225001,IN,True
124,Amila,Uttar Pradesh,275301,IN,True
125,Vijayawada,Andhra Pradesh,520010,IN,True
126,Rawan Ambuja Cement Plant,Chhattisgarh,493331,IN,True
127,Herbertpur,Uttarakhand,248142,IN,True
128,Bengaluru,Karnataka,560048,IN,True
129,Kalamassery,Kerala,682021,IN,True
130,Puri-2,Odisha,752002,IN,True
131,Tikabali,Odisha,762010,IN,True
132,Biharsharif,Bihar,803115,IN,True
133,Hyderabad,Telangana,500075,IN,True
134,Paravur,Kerala,683513,IN,True
135,Basti,Uttar Pradesh,272001,IN,True
136,Walajapet,Tamil Nadu,632513,IN,True
137,Bengaluru,Karnataka,560029,IN,True
138,Mahendragarh,Haryana,123027,IN,True
139,Hyderabad,Telangana,500086,IN,True
140,New Delhi,Delhi,110019,IN,True
141,Gurugram,Haryana,122002,IN,True
142,Bengaluru,Karnataka,560022,IN,True
143,Mumbai,Maharashtra,400069,IN,True
144,Bijnor,Uttar Pradesh,246722,IN,True
145,Mumbai,Maharashtra,400078,IN,True
146,Allahabad,Uttar Pradesh,211001,IN,True
147,Vasai Virar,Maharashtra,401202,IN,True
148,Bengaluru,Karnataka,560087,IN,True
149,Bijnor,Uttar Pradesh,246701,IN,True
150,Hyderabad,Telangana,500090,IN,True
151,Bengaluru,Karnataka,560075,IN,True
152,Mangaluru,Karnataka,575001,IN,True
153,Hyderabad,Telangana,500034,IN,True
154,New Town,West Bengal,700059,IN,True
155,Mumbai,Maharashtra,400016,IN,True
156,Sambhal,Uttar Pradesh,244302,IN,True
157,Nagpur,Maharashtra,441002,IN,True
158,Elavanasurkottai,Tamil Nadu,607202,IN,True
159,Sangli Miraj Kupwad,Maharashtra,416410,IN,True
160,Mysuru,Karnataka,570016,IN,True
161,Ankleshwr,Gujarat,393002,IN,True
162,Chennai,Tamil Nadu,600117,IN,True
163,Greater Noida West,Uttar Pradesh,201009,IN,True
164,Jammu,Jammu and Kashmir,180007,IN,True
165,Itanagar,Arunachal Pradesh,791113,IN,True
166,Kolkata,West Bengal,700075,IN,True
167,Karanja,Maharashtra,444105,IN,True
168,Nimbahera,Rajasthan,312620,IN,True
169,Imphal East,Manipur,795010,IN,True
170,Bidhan Nagar,West Bengal,700064,IN,True
171,Bengaluru,Karnataka,560064,IN,True
172,Ahmedabad,Gujarat,380015,IN,True
173,Tiruchirappalli,Tamil Nadu,620001,IN,True
174,Bhubaneswar,Odisha,752054,IN,True
175,Aligarh,Uttar Pradesh,202001,IN,True
176,Kochi,Kerala,682006,IN,True
177,Ghaziabad,Uttar Pradesh,201014,IN,True
178,Pune,Maharashtra,412207,IN,True
179,Bangalore,Karnataka,560016,IN,True
180,Malappuram,Kerala,676517,IN,True
181,Noida,Uttar Pradesh,201301,IN,True
182,Greater Noida,Uttar Pradesh,201308,IN,True
183,Patna,Bihar,800023,IN,True
184,Sibsagar,Assam,785674,IN,True
185,Gaya,Bihar,823001,IN,True
186,Bengaluru,Karnataka,560083,IN,True
187,Gurugram,Haryana,122001,IN,True
188,Kollam,Kerala,691522,IN,True
189,Peralasseri,Kerala,670622,IN,True
190,Bengaluru,Karnataka,560102,IN,True
191,Bengaluru,Karnataka,560100,IN,True
192,Udupi,Karnataka,576104,IN,True
193,Mariani,Assam,785634,IN,True
194,New Delhi,Delhi,110075,IN,True
195,Mangaluru,Karnataka,575006,IN,True
196,Ahmedabad,Gujarat,380022,IN,True
197,Kolkata,West Bengal,700051,IN,True
198,Cooch Behar,West Bengal,736101,IN,True
199,Pune,Maharashtra,411037,IN,True
200,Dehradun,Uttarakhand,248009,IN,True
201,Jharia Khas,Jharkhand,828111,IN,True
202,Kolkata,West Bengal,700070,IN,True
203,Secunderabad,Telangana,500010,IN,True
204,Udaipur,Rajasthan,313001,IN,True
205,Coimbatore,Tamil Nadu,641030,IN,True
206,Bhubaneswar,Odisha,751006,IN,True
207,Bhagalpur,Bihar,812003,IN,True
208,Nagpur,Maharashtra,440036,IN,True
209,Chennai,Tamil Nadu,600096,IN,True
210,Berhampore,West Bengal,742103,IN,True
211,Seoni,Madhya Pradesh,480661,IN,True
212,Agra,Uttar Pradesh,282002,IN,True
213,Lucknow,Uttar Pradesh,226029,IN,True
214,Bengaluru,Karnataka,560067,IN,True
215,Patna,Bihar,800001,IN,True
216,Ghaziabad,Uttar Pradesh,201012,IN,True
217,Nermand,Himachal Pradesh,172023,IN,True
218,Chennai,Tamil Nadu,600010,IN,True
219,Kamareddy,Telangana,503111,IN,True
220,Srinagar,Jammu and Kashmir,190015,IN,True
221,Bengaluru,Karnataka,560042,IN,True
222,Muddebihal,Karnataka,586212,IN,True
223,Santhamaguluru Mandal,Andhra Pradesh,523302,IN,True
224,Hyderabad,Telangana,500058,IN,True
225,New Delhi,Delhi,110045,IN,True
226,Bengaluru,Karnataka,562125,IN,True
227,Kolkata 700034,West Bengal,700034,IN,True
228,Kolkata,West Bengal,700045,IN,True
229,Hyderabad,Telangana,500001,IN,True
230,Baruipur,West Bengal,700145,IN,True
231,Kendrapara,Odisha,754211,IN,True
232,Vijayawada,Andhra Pradesh,521225,IN,True
233,Mumbai,Maharashtra,400072,IN,True
234,Nashik,Maharashtra,422003,IN,True
235,Thane,Maharashtra,401107,IN,True
236,Hoshiarpur,Punjab,146001,IN,True
237,Bengaluru,Karnataka,560010,IN,True
238,Barshi,Maharashtra,413401,IN,True
239,Hyderabad,Telangana,500089,IN,True
240,Bengaluru,Karnataka,560068,IN,True
241,Chennai,Tamil Nadu,600036,IN,True
242,Chandi Mandir,Haryana,134107,IN,True
243,Ujjain,Madhya Pradesh,456010,IN,True
244,Haldwani,Uttarakhand,263139,IN,True
245,Chennai,Tamil Nadu,600125,IN,True
246,Mumbai,Maharashtra,400049,IN,True
247,Uttarkashi,Uttarakhand,249193,IN,True
248,Old Goa,Goa,403107,IN,True
249,Maheshwar,Madhya Pradesh,451224,IN,True
250,Hardoi,Uttar Pradesh,241001,IN,True
251,Hyderabad,Telangana,500073,IN,True
252,Shillong,Meghalaya,793008,IN,True
253,Dhamnod Dhar District,Madhya Pradesh,454552,IN,True
254,Bengaluru,Karnataka,560070,IN,True
255,Chakdaha,West Bengal,741222,IN,True
256,Chennai,Tamil Nadu,600082,IN,True
257,Kolkata,West Bengal,700044,IN,True
258,Chikkamagaluru,Karnataka,577101,IN,True
259,Bhubaneswar,Odisha,751003,IN,True
260,Gurugram,Haryana,122018,IN,True
261,Kolkata,West Bengal,700050,IN,True
262,Allahabad,Uttar Pradesh,211004,IN,True
263,Lucknow,Uttar Pradesh,226022,IN,True
264,Kolkata,West Bengal,700089,IN,True
265,Malda,West Bengal,732101,IN,True
266,Nellore,Andhra Pradesh,524314,IN,True
267,Cuncolim,Goa,403703,IN,True
268,Hyderabad,Telangana,500068,IN,True
269,Pune,Maharashtra,411028,IN,True
270,Trivandrum,Kerala,695003,IN,True
271,Kanpur,Uttar Pradesh,208027,IN,True
272,Chinnalapatti,Tamil Nadu,624301,IN,True
273,Bengaluru,Karnataka,560072,IN,True
274,Bageshwar,Uttarakhand,263642,IN,True
275,New Delhi,Delhi,110059,IN,True
276,Barrackpore,West Bengal,700122,IN,True
277,Dombivali  East,Maharashtra,421201,IN,True
278,New Delhi,Delhi,110017,IN,True
279,Patna,Bihar,801105,IN,True
280,Hyderabad,Telangana,500070,IN,True
281,New Delhi,Delhi,110085,IN,True
282,New Town,West Bengal,700135,IN,True
283,Hyderabad,Telangana,502319,IN,True
284,New Delhi,Delhi,110096,IN,True
285,Sibsagar,Assam,785667,IN,True
286,Jammu,Jammu and Kashmir,180015,IN,True
287,Pune,Maharashtra,411019,IN,True
288,Pathanapuram,Kerala,689695,IN,True
289,Jaunpur,Uttar Pradesh,222001,IN,True
290,Solapur,Maharashtra,413001,IN,True
291,Pune,Maharashtra,411047,IN,True
292,Mahbubnagar,Telangana,509001,IN,True
293,Nk Sweets Vikasnagar,Uttarakhand,248198,IN,True
294,Darjeeling,West Bengal,734101,IN,True
295,Ranchi,Jharkhand,834001,IN,True
296,Bengaluru,Karnataka,560019,IN,True
297,Ludhiana,Punjab,141001,IN,True
298,Hyderabad,Telangana,500043,IN,True
299,Muzaffarpur,Bihar,842002,IN,True
300,Secunderabad,Telangana,500011,IN,True
301,Sonbhadra,Uttar Pradesh,231216,IN,True
302,Kakinada,Andhra Pradesh,533003,IN,True
303,Haldia,West Bengal,721635,IN,True
304,Hyderabad,Telangana,500056,IN,True
305,Tivim,Goa,403502,IN,True
306,Chennai,Tamil Nadu,600024,IN,True
307,Agra,Uttar Pradesh,282001,IN,True
308,Mandvi Kachchh District,Gujarat,370465,IN,True
309,Sambalpur,Odisha,768004,IN,True
310,Kanniyakumari,Tamil Nadu,629701,IN,True
311,"Chinchwad ,Pune",Maharashtra,411019,IN,True
312,Hyderabad,Telangana,500094,IN,True
313,Chennai,Tamil Nadu,600091,IN,True
314,Purnia,Bihar,854301,IN,True
315,Kolkata,West Bengal,700059,IN,True
316,Shillong,Meghalaya,793022,IN,True
317,Pune,Maharashtra,411057,IN,True
318,Tadepalligudem,Andhra Pradesh,534101,IN,True
319,Ghaziabad,Uttar Pradesh,201001,IN,True
320,Gwalior,Madhya Pradesh,474001,IN,True
321,Akola,Maharashtra,444101,IN,True
322,Jorhat,Assam,785001,IN,True
323,Chennai,Tamil Nadu,600100,IN,True
324,Ramanagara,Karnataka,562159,IN,True
325,Vijayapur,Karnataka,586109,IN,True
326,Bokaro Steel City,Jharkhand,827001,IN,True
327,Bengaluru,Karnataka,560008,IN,True
328,Lucknow,Uttar Pradesh,226002,IN,True
329,Khammam,Telangana,507003,IN,True
330,New Delhi,Delhi,110084,IN,True
331,Aurangabad,Maharashtra,431002,IN,True
332,Gadarwara,Madhya Pradesh,487551,IN,True
333,Hyderabad,Telangana,500050,IN,True
334,Puducherry,Puducherry,605001,IN,True
335,Shirdi,Maharashtra,423109,IN,True
336,Vellore,Tamil Nadu,632004,IN,True
337,Mangaluru,Karnataka,575007,IN,True
338,Singrauli,Madhya Pradesh,486889,IN,True
339,New Delhi,Delhi,110063,IN,True
340,Bengaluru,Karnataka,560077,IN,True
341,Mumbai,Maharashtra,400097,IN,True
342,Thrippunithura,Kerala,682301,IN,True
343,Kendujhar,Odisha,758001,IN,True
344,Mumbai,Maharashtra,400066,IN,True
345,Kalyan,Maharashtra,421201,IN,True
346,Chennai,Tamil Nadu,600015,IN,True
347,Chennai,Tamil Nadu,600115,IN,True
348,Gurugram,Haryana,122022,IN,True
349,Ludhiana,Punjab,141012,IN,True
350,Nerul,Goa,403114,IN,True
351,Imphal,Manipur,795004,IN,True
352,Palasbari,Assam,781120,IN,True
353,Chikkaballapur,Karnataka,562101,IN,True
354,Andul Near Maya Stores,West Bengal,711302,IN,True
355,Bengaluru,Karnataka,560078,IN,True
356,Mumbai,Maharashtra,400067,IN,True
357,Hyderabad,Telangana,500067,IN,True
358,Bengaluru,Karnataka,560011,IN,True
359,Bengaluru,Karnataka,560035,IN,True
360,Surat,Gujarat,395007,IN,True
361,Chittoor,Andhra Pradesh,517001,IN,True
362,Kadur,Karnataka,577548,IN,True
363,Suratgarh,Rajasthan,335804,IN,True
364,Mira Road,Maharashtra,401107,IN,True
365,Mumbai,Maharashtra,400095,IN,True
366,Dinanagar,Punjab,143531,IN,True
367,Kolkata,West Bengal,700028,IN,True
368,Kalyan,Maharashtra,421004,IN,True
369,Arakandanallur,Tamil Nadu,605752,IN,True
370,Bhopal,Madhya Pradesh,462038,IN,True
371,Gurgaon,Haryana,122001,IN,True
372,Hyderabad,Telangana,500036,IN,True
373,Bhatgaon,Chhattisgarh,497235,IN,True
374,Bhanjanagar,Odisha,761126,IN,True
375,Visakhapatnam,Andhra Pradesh,531173,IN,True
376,Madhurawada,Andhra Pradesh,530048,IN,True
377,Almora,Uttarakhand,263601,IN,True
378,Proddatur,Andhra Pradesh,516360,IN,True
379,Shrigonda,Maharashtra,413701,IN,True
380,Warangal,Telangana,506330,IN,True
381,Chennai,Tamil Nadu,600089,IN,True
382,Faizabad,Uttar Pradesh,224001,IN,True
383,Bhiwadi,Rajasthan,301019,IN,True
384,Bangalore,Karnataka,560078,IN,True
385,Allahabad,Uttar Pradesh,211002,IN,True
386,Warangal,Telangana,506009,IN,True
387,Vadodara,Gujarat,390011,IN,True
388,New Delhi,Delhi,110030,IN,True
389,Nashik,Maharashtra,422101,IN,True
390,Malda,West Bengal,732103,IN,True
391,Kalyan,Maharashtra,421301,IN,True
392,Visakhapatnam,Andhra Pradesh,530047,IN,True
393,Kollam,Kerala,690521,IN,True
394,Bengaluru,Karnataka,560021,IN,True
395,Mumbai,Maharashtra,400042,IN,True
396,Guntur,Andhra Pradesh,522614,IN,True
397,Ahmedabad,Gujarat,380058,IN,True
398,Mangaluru,Karnataka,575002,IN,True
399,Bengaluru,Karnataka,560043,IN,True
400,Pune,Maharashtra,411033,IN,True
401,Roorkee,Uttarakhand,247667,IN,True
402,Nagpur,Maharashtra,440006,IN,True
403,Golabandha,Odisha,761002,IN,True
404,Bhatpara,West Bengal,743127,IN,True
405,Palampur,Himachal Pradesh,176092,IN,True
406,Pune,Maharashtra,411001,IN,True
407,Kanpur,Uttar Pradesh,208017,IN,True
408,Mumbai,Maharashtra,400074,IN,True
409,Chennai,Tamil Nadu,600128,IN,True
410,New Delhi,Delhi,110058,IN,True
411,Pichhore Shivpuri District,Madhya Pradesh,473995,IN,True
412,Lucknow,Uttar Pradesh,226025,IN,True
413,Sikandarabad Industrial Area,Uttar Pradesh,203205,IN,True
414,Mumbai,Maharashtra,400098,IN,True
415,Thiruvananthapuram,Kerala,695005,IN,True
416,Mavelikkara,Kerala,690107,IN,True
417,Kolkata,West Bengal,700022,IN,True
418,Thane,Maharashtra,400615,IN,True
419,Mysuru,Karnataka,570001,IN,True
420,Qadian,Punjab,143516,IN,True
421,Bhubaneswar,Odisha,751021,IN,True
422,Kalaburgi,Karnataka,585101,IN,True
423,Nagpur,Maharashtra,440003,IN,True
424,Rangareddy,Telangana,509327,IN,True
425,Hyderabad,Telangana,500013,IN,True
426,Ahmedabad,Gujarat,380054,IN,True
427,Chennai,Tamil Nadu,600063,IN,True
428,Dharmanagar,Tripura,799250,IN,True
429,Jaipur,Rajasthan,302012,IN,True
430,Jhajjar,Haryana,124103,IN,True
431,Hyderabad,Telangana,500005,IN,True
432,Bengaluru,Karnataka,560105,IN,True
433,Jamshedpur,Jharkhand,831005,IN,True
434,Vadodara,Gujarat,390016,IN,True
435,Meerut,Uttar Pradesh,250001,IN,True
436,Gorakhpur,Uttar Pradesh,273004,IN,True
437,Mudbidri,Karnataka,574227,IN,True
438,Vasco Da Gama,Goa,403802,IN,True
439,Nadiad,Gujarat,387001,IN,True
440,Janipur,Jammu and Kashmir,180007,IN,True
441,Nagpur,Maharashtra,440015,IN,True
442,Ghaziabad,Uttar Pradesh,201009,IN,True
443,Hyderabad,Telangana,500006,IN,True
444,Visakhapatnam,Andhra Pradesh,530027,IN,True
445,Kanpurkanpur,Uttar Pradesh,208013,IN,True
446,Hyderabad,Telangana,500098,IN,True
447,Hamirpur,Uttar Pradesh,210504,IN,True
448,Chennai,Tamil Nadu,600086,IN,True
449,Amritsar,Punjab,143001,IN,True
450,New Delhi,Delhi,110039,IN,True
451,Coimbatore,Tamil Nadu,641037,IN,True
452,Pali,Rajasthan,306401,IN,True
453,Bassein,Maharashtra,401201,IN,True
454,Thiruvalla,Kerala,689101,IN,True
455,Imphal,Manipur,795113,IN,True
456,Ambasamudram,Tamil Nadu,627401,IN,True
457,Pathanamthitta,Kerala,689698,IN,True
458,Chennai,Tamil Nadu,600002,IN,True
459,Vizianagaram,Andhra Pradesh,535002,IN,True
460,Chittoor District,Andhra Pradesh,517113,IN,True
461,Rae Bareli,Uttar Pradesh,229001,IN,True
462,Benipur,Bihar,847201,IN,True
463,Khatima,Uttarakhand,262308,IN,True
464,Erode,Tamil Nadu,638005,IN,True
465,Bokaro Steel City,Jharkhand,827012,IN,True
466,Ulhasnagar,Maharashtra,421001,IN,True
467,Indore,Madhya Pradesh,452010,IN,True
468,Halwara,Punjab,141106,IN,True
469,Thane,Maharashtra,401101,IN,True
470,Bengaluru,Karnataka,560056,IN,True
471,"Neelakudi, Thiruvarur",Tamil Nadu,610005,IN,True
472,Jaipur,Rajasthan,302021,IN,True
473,Cuttack,Odisha,753009,IN,True
474,Kolkata,West Bengal,700032,IN,True
475,Vijayawada,Andhra Pradesh,520015,IN,True
476,Vasai Virar,Maharashtra,401209,IN,True
477,Shimla,Himachal Pradesh,171009,IN,True
478,Coimbatore,Tamil Nadu,641062,IN,True
479,Darbhanga,Bihar,846003,IN,True
480,Burdwan,West Bengal,713101,IN,True
481,Hyderabad,Telangana,500055,IN,True
482,Kolkata,West Bengal,700017,IN,True
483,Secunderabad,Telangana,500094,IN,True
484,Mihan,Maharashtra,441110,IN,True
485,Khurja,Uttar Pradesh,203131,IN,True
486,New Delhi,Delhi,110029,IN,True
487,Choglamsar,Ladakh,194104,IN,True
488,Bengaluru,Karnataka,560033,IN,True
489,Yavatmal,Maharashtra,445001,IN,True
490,Allahabad,Uttar Pradesh,212404,IN,True
491,Redhakhol,Odisha,768106,IN,True
492,Faridabad,Haryana,121002,IN,True
493,Chennai,Tamil Nadu,600071,IN,True
494,Shillong,Meghalaya,793018,IN,True
495,Hyderabad,Telangana,500084,IN,True
496,Faridpur Bareilly District,Uttar Pradesh,243503,IN,True
497,Rourkela,Odisha,769015,IN,True
498,Vizianagaram,Andhra Pradesh,535004,IN,True
499,Jaipur,Rajasthan,302019,IN,True
500,Dharwad,Karnataka,580003,IN,True
501,Daulatpur,Himachal Pradesh,177204,IN,True
502,Jalna,Maharashtra,431203,IN,True
503,Karimnagar,Telangana,505001,IN,True
504,New Delhi,Delhi,110033,IN,True
505,"Arvi,Dist- Wardha",Maharashtra,442201,IN,True
506,Kurseong,West Bengal,734203,IN,True
507,Hyderabad,Telangana,500015,IN,True
508,Nandura,Maharashtra,443404,IN,True
509,Diu,Dadra and Nagar Haveli and Daman and Diu,362570,IN,True
510,Mumbai 400101,Maharashtra,400101,IN,True
511,Ghaziabad,Uttar Pradesh,201010,IN,True
512,Chennai,Tamil Nadu,600012,IN,True
513,Ponneri,Tamil Nadu,601204,IN,True
514,Hyderabad,Telangana,500049,IN,True
515,Serampore,West Bengal,712249,IN,True
516,Kinnigoli,Karnataka,574141,IN,True
517,Mirzapur Cum Vindhyachal,Uttar Pradesh,231001,IN,True
518,Bengaluru,Karnataka,560016,IN,True
519,Dibrugarh,Assam,786001,IN,True
520,Thane,Maharashtra,401105,IN,True
521,Bengaluru,Karnataka,560066,IN,True
522,Deganga,West Bengal,743438,IN,True
523,Kolkata,West Bengal,700033,IN,True
524,Karimganj,Assam,788710,IN,True
525,Ahmedabad,Gujarat,382340,IN,True
526,Alathur,Kerala,678572,IN,True
527,Aluva,Kerala,683102,IN,True
528,Chennai,Tamil Nadu,600083,IN,True
529,Azamgarh,Uttar Pradesh,276141,IN,True
530,Chengamanad,Kerala,683102,IN,True
531,Nagpur,Maharashtra,441110,IN,True
532,Nizamabad,Telangana,503001,IN,True
533,Loni Kalbhor,Maharashtra,412201,IN,True
534,Khelari,Jharkhand,829205,IN,True
535,Bengaluru,Karnataka,560097,IN,True
536,Ghazipur,Uttar Pradesh,233001,IN,True
537,Kolkata,West Bengal,700034,IN,True
538,Pune,Maharashtra,411048,IN,True
539,Cuttack,Odisha,753001,IN,True
540,Kalaburgi,Karnataka,585104,IN,True
541,Katihar,Bihar,855102,IN,True
542,Bengaluru,Karnataka,560086,IN,True
543,Nagercoil,Tamil Nadu,629002,IN,True
544,Mumbai,Maharashtra,400077,IN,True
545,Kothagudem,Telangana,507101,IN,True
546,Bhinder,Rajasthan,313603,IN,True
547,Ahmedabad,Gujarat,382481,IN,True
548,Chennai,Tamil Nadu,600078,IN,True
549,Jalandhar,Punjab,144005,IN,True
550,Narasapur,Andhra Pradesh,534275,IN,True
551,Palakkad,Kerala,678502,IN,True
552,Parvathipuram,Andhra Pradesh,535501,IN,True
553,Pune,Maharashtra,411024,IN,True
554,Mumbai,Maharashtra,400030,IN,True
555,Satna,Madhya Pradesh,485001,IN,True
556,Padur,Tamil Nadu,603103,IN,True
557,Madurai,Tamil Nadu,625007,IN,True
558,Mumbai,Maharashtra,400029,IN,True
559,Ballia,Uttar Pradesh,277001,IN,True
560,Pune,Maharashtra,411041,IN,True
561,Faridabad,Haryana,121003,IN,True
562,Kalyan,Maharashtra,421204,IN,True
563,Devarakonda,Telangana,508248,IN,True
564,Gurugram,Haryana,122017,IN,True
565,Thrissur,Kerala,680003,IN,True
566,Bangalore,Karnataka,560061,IN,True
567,Bengaluru,Karnataka,560057,IN,True
568,Bengaluru,Karnataka,560032,IN,True
569,Dharmapuri,Tamil Nadu,636701,IN,True
570,Meerut,Uttar Pradesh,250002,IN,True
571,Secunderabad,Telangana,500009,IN,True
572,Noida,Uttar Pradesh,201305,IN,True
573,Danguwapasi,Jharkhand,833212,IN,True
574,Dhemaji,Assam,786189,IN,True
575,Pulgaon,Maharashtra,442302,IN,True
576,Akathiyoor,Kerala,680542,IN,True
577,Shakarpur,Delhi,110092,IN,True
578,Kolkata,West Bengal,700004,IN,True
579,Imphal East,Manipur,795008,IN,True
580,Chebrolu,Andhra Pradesh,522212,IN,True
581,Alappuzha,Kerala,688006,IN,True
582,Akbarpur,Uttar Pradesh,224122,IN,True
583,Nagpur,Maharashtra,441111,IN,True
584,Nabagram Colony,West Bengal,712246,IN,True
585,Kolkata,West Bengal,700074,IN,True
586,Thane,Maharashtra,400604,IN,True
587,Kozhikode,Kerala,673574,IN,True
588,Puducherry,Puducherry,605009,IN,True
589,New Delhi,Delhi,110086,IN,True
590,New Town,West Bengal,700156,IN,True
591,Nelamangala,Karnataka,562123,IN,True
592,"Kotpad, Koraput",Odisha,764058,IN,True
593,Bhubaneswar,Odisha,751015,IN,True
594,Nashik,Maharashtra,422401,IN,True
595,Katihar,Bihar,854107,IN,True
596,Kolkata,West Bengal,700090,IN,True
597,Alappuzha,Kerala,688002,IN,True
598,New Delhi,Delhi,110008,IN,True
599,Bareilly,Uttar Pradesh,243001,IN,True
600,New Delhi,Delhi,110007,IN,True
601,Kolkata,West Bengal,700039,IN,True
602,Chennai,Tamil Nadu,600043,IN,True
603,Chennai,Tamil Nadu,600093,IN,True
604,Tirora,Maharashtra,441911,IN,True
605,Zirakpur,Punjab,140603,IN,True
606,Vadodara,Gujarat,390025,IN,True
607,Ajmer,Rajasthan,305001,IN,True
608,Madikeri,Karnataka,571201,IN,True
609,Thrissur,Kerala,680596,IN,True
610,Pune,Maharashtra,411006,IN,True
611,Bengaluru,Karnataka,560091,IN,True
612,Chennai,Tamil Nadu,600040,IN,True
613,Jammu,Jammu and Kashmir,181124,IN,True
614,Dungarpur,Rajasthan,314031,IN,True
615,Panchkula,Haryana,134117,IN,True
616,Dholka,Gujarat,382225,IN,True
617,Daltonganj,Jharkhand,822102,IN,True
618,Bengaluru,Karnataka,560094,IN,True
619,Bathinda,Punjab,151001,IN,True
620,Lucknow,Uttar Pradesh,226026,IN,True
621,Hyderabad,Telangana,501505,IN,True
622,Nagpur,Maharashtra,440030,IN,True
623,Ranchi,Jharkhand,834003,IN,True
624,Patna,Bihar,800024,IN,True
625,"Kamatgi,Hunugund Taluk,Bagalkot District",Karnataka,587120,IN,True
626,Guwahati,Assam,781017,IN,True
627,Guwahati,Assam,781015,IN,True
628,Ranchi,Jharkhand,834009,IN,True
629,Chennai,Tamil Nadu,600088,IN,True
630,Bhubaneswar,Odisha,751001,IN,True
631,New Delhi,Delhi,110068,IN,True
632,Nagpur,Maharashtra,440013,IN,True
633,Arni,Maharashtra,445103,IN,True
634,Morbi,Gujarat,363641,IN,True
635,Chennai,Tamil Nadu,600106,IN,True
636,Bantwal,Karnataka,574211,IN,True
637,Guwahati,Assam,781035,IN,True
638,Ganjam,Odisha,761209,IN,True
639,Dewas,Madhya Pradesh,455001,IN,True
640,Pune,Maharashtra,411040,IN,True
641,Patna,Bihar,800003,IN,True
642,Nagaur,Rajasthan,342037,IN,True
643,Kanpur,Uttar Pradesh,209864,IN,True
644,Neyyattinkara,Kerala,695122,IN,True
645,Coimbatore,Tamil Nadu,641049,IN,True
646,Mumbai,Maharashtra,400012,IN,True
647,Siliguri,West Bengal,734013,IN,True
648,Kushalanagara,Karnataka,571234,IN,True
649,Kolkata,West Bengal,700008,IN,True
650,Chennai,Tamil Nadu,603112,IN,True
651,Simlapal,West Bengal,722151,IN,True
652,Narkatiaganj,Bihar,845455,IN,True
653,"Wagholi, Pune",Maharashtra,412207,IN,True
654,Kohima,Nagaland,797001,IN,True
655,Jalandhar,Punjab,144008,IN,True
656,Surat,Gujarat,394210,IN,True
657,Thane (W),Maharashtra,400601,IN,True
658,Mysuru,Karnataka,570023,IN,True
659,New Delhi,Delhi,110052,IN,True
660,Porvorim,Goa,403501,IN,True
661,Noida,Uttar Pradesh,201304,IN,True
662,Hyderabad,Telangana,500016,IN,True
663,Vasai,Maharashtra,401201,IN,True
664,Guwahati,Assam,781011,IN,True
665,Sangli,Maharashtra,416416,IN,True
666,Vadodara,Gujarat,390010,IN,True
667,Coimbatore,Tamil Nadu,641006,IN,True
668,Kottayam,Kerala,686020,IN,True
669,Dharmadom,Kerala,670661,IN,True
670,Mumbai,Maharashtra,400037,IN,True
671,Vasai Virar,Maharashtra,401208,IN,True
672,Ludhiana,Punjab,141008,IN,True
673,Nathdwara,Rajasthan,313301,IN,True
674,Varanasi,Uttar Pradesh,221002,IN,True
675,Ullal,Karnataka,575018,IN,True
676,Nanded Waghala,Maharashtra,431606,IN,True
677,Bengaluru,Karnataka,560024,IN,True
678,Sangareddy District,Telangana,502345,IN,True
679,Nagpur,Maharashtra,440007,IN,True
680,Hyderabad,Telangana,500079,IN,True
681,Madurai,Tamil Nadu,625010,IN,True
682,Coimbatore,Tamil Nadu,641045,IN,True
683,Thane,Maharashtra,400606,IN,True
684,Belagavi,Karnataka,590006,IN,True
685,Hyderabad,Telangana,500081,IN,True
686,Patna,Bihar,800008,IN,True
687,Kanniyakumari,Tamil Nadu,629177,IN,True
688,Hyderabad,Telangana,500033,IN,True
689,Hyderabad,Telangana,500012,IN,True
690,Mumbai,Maharashtra,400063,IN,True
691,Lucknow,Uttar Pradesh,226012,IN,True
692,Kolkata,West Bengal,700019,IN,True
693,Kolkata,West Bengal,700151,IN,True
694,Isnapur,Telangana,502307,IN,True
695,Puducherry,Puducherry,605110,IN,True
696,Basudebpur,Odisha,756125,IN,True
697,Puttaparthi,Andhra Pradesh,515134,IN,True
698,Bengaluru,Karnataka,560002,IN,True
699,Biswan,Uttar Pradesh,261201,IN,True
700,Guwahati,Assam,781007,IN,True
701,Villupuram,Tamil Nadu,605602,IN,True
702,Kampur Town,Assam,782426,IN,True
703,Barasat,West Bengal,700129,IN,True
704,Mumbai,Maharashtra,400088,IN,True
705,Lakkavaram,Andhra Pradesh,534451,IN,True
706,New Delhi,Delhi,110003,IN,True
707,Hazaribagh,Jharkhand,825302,IN,True
708,Allahabad,Uttar Pradesh,211016,IN,True
709,Meerut Cantt,Uttar Pradesh,250001,IN,True
710,Mysore,Karnataka,570010,IN,True
711,Pune,Maharashtra,411023,IN,True
712,Mathura,Uttar Pradesh,281004,IN,True
713,Naigoan,Maharashtra,401208,IN,True
714,Bhilai,Chhattisgarh,490020,IN,True
715,Jind,Haryana,126102,IN,True
716,Chennai,Tamil Nadu,600077,IN,True
717,Mumbai,Maharashtra,400015,IN,True
718,Bengaluru,Karnataka,560050,IN,True
719,Sanand,Gujarat,382110,IN,True
720,Hyderabad,Telangana,500100,IN,True
721,Hyderabad,Telangana,500083,IN,True
722,Bengaluru,Karnataka,560084,IN,True
723,Hoskote,Karnataka,562114,IN,True
724,Surat,Gujarat,395009,IN,True
725,Vadodara,Gujarat,390021,IN,True
726,Pimpri Chinchwad,Maharashtra,411033,IN,True
727,Pimpri Chinchwad,Maharashtra,412101,IN,True
728,Vadodara,Gujarat,390006,IN,True
729,Motihari,Bihar,845401,IN,True
730,Meerut,Uttar Pradesh,250004,IN,True
731,Noida,Uttar Pradesh,201309,IN,True
732,Davangere,Karnataka,577004,IN,True
733,Hyderabad,Telangana,500020,IN,True
734,Kochi,Kerala,682030,IN,True
735,Jetpur,Gujarat,360370,IN,True
736,Bangalore,Karnataka,560035,IN,True
737,Raiganj,West Bengal,733130,IN,True
738,Navi Mumbai,Maharashtra,410206,IN,True
739,Noida Extension,Uttar Pradesh,201305,IN,True
740,Coimbatore,Tamil Nadu,641027,IN,True
741,Dohad,Gujarat,389151,IN,True
742,Karnal,Haryana,132001,IN,True
743,Nagpur,Maharashtra,440024,IN,True
744,Jaipur,Rajasthan,302018,IN,True
745,Chittoor,Andhra Pradesh,517002,IN,True
746,Patna,Bihar,800013,IN,True
747,Kolkata,West Bengal,700010,IN,True
748,Lonavala,Maharashtra,410405,IN,True
749,Deoria,Uttar Pradesh,274001,IN,True
750,Mumbai,Maharashtra,400017,IN,True
751,Thiruvananthapuram,Kerala,695004,IN,True
752,Dombivli West,Maharashtra,421202,IN,True
753,Yerraguntla,Andhra Pradesh,516309,IN,True
754,Faridabad,Haryana,121010,IN,True
755,New Delhi,Delhi,110054,IN,True
756,Mumbai,Maharashtra,400068,IN,True
757,Mandi,Himachal Pradesh,175008,IN,True
758,Jodhpur,Rajasthan,342001,IN,True
759,Sriperumbudur,Tamil Nadu,602105,IN,True
760,Nashik,Maharashtra,422009,IN,True
761,Bengaluru,Karnataka,560028,IN,True
762,Mumbai,Maharashtra,400089,IN,True
763,Hubballi,Karnataka,580023,IN,True
764,Bengaluru,Karnataka,560059,IN,True
765,Thiruvananthapuram,Kerala,695009,IN,True
766,Ghaziabad,Uttar Pradesh,201005,IN,True
767,Sidhi,Madhya Pradesh,486661,IN,True
768,Pune,Maharashtra,411036,IN,True
769,Mumbai,Maharashtra,400102,IN,True
770,Chennai,Tamil Nadu,600003,IN,True
771,Agartala,Tripura,799003,IN,True
772,"Durganagar ,Nimta South",West Bengal,700049,IN,True
773,Durg,Chhattisgarh,491001,IN,True
774,Gorakhpur,Uttar Pradesh,273001,IN,True
775,Karimpur,West Bengal,741152,IN,True
776,Mustafabad,Haryana,133103,IN,True
777,Agartala,Tripura,799006,IN,True
778,Koothparamba,Kerala,670612,IN,True
779,Ernakulam,Kerala,682017,IN,True
780,Kattangal,Kerala,673601,IN,True
781,Sikar,Rajasthan,332001,IN,True
782,New Delhi,Delhi,110023,IN,True
783,Bengaluru,Karnataka,560046,IN,True
784,Gwalior,Madhya Pradesh,474011,IN,True
785,Dabi,Rajasthan,323022,IN,True
786,Noida,Uttar Pradesh,201310,IN,True
787,Arwal,Bihar,804421,IN,True
788,Pakaur,Jharkhand,816107,IN,True
789,Ernakulam,Kerala,686664,IN,True
790,Coimbatore,Tamil Nadu,641041,IN,True
791,Hyderabad,Telangana,500080,IN,True
792,Phirangipuram,Andhra Pradesh,522529,IN,True
793,Dhanbad,Jharkhand,826001,IN,True
794,Jaipur,Rajasthan,302004,IN,True
795,Chennai,Tamil Nadu,600004,IN,True
796,Punjaipuliampatti,Tamil Nadu,638459,IN,True
797,Bengaluru,Karnataka,560093,IN,True
798,Attur,Tamil Nadu,636121,IN,True
799,Kolkata,West Bengal,700024,IN,True
800,Kadapa,Andhra Pradesh,516001,IN,True
801,Mumbai,Maharashtra,400093,IN,True
802,Badlapur,Uttar Pradesh,222125,IN,True
803,Jaipur,Rajasthan,302006,IN,True
804,Udaipurudipur,Rajasthan,313002,IN,True
805,Bangalore,Karnataka,560004,IN,True
806,Adampur,Punjab,144102,IN,True
807,Sathupally,Telangana,507303,IN,True
808,"Chamarajanagar, District And Subdistrict",Karnataka,571127,IN,True
809,Krishnagiri,Tamil Nadu,635103,IN,True
810,Tumakuru,Karnataka,572102,IN,True
811,Bhubaneswar,Odisha,751012,IN,True
812,Gurugram,Haryana,122101,IN,True
813,Pune,Maharashtra,411042,IN,True
814,Ludhiana,Punjab,141003,IN,True
815,Pune,Maharashtra,411060,IN,True
816,Unnao,Uttar Pradesh,209863,IN,True
817,Chennai,Tamil Nadu,600113,IN,True
818,Bangalore,Karnataka,560075,IN,True
819,Chennai,Tamil Nadu,600054,IN,True
820,Kawardha,Chhattisgarh,491995,IN,True
821,Vadodara,Gujarat,390009,IN,True
822,Bhandara,Maharashtra,441904,IN,True
823,Guwahati,Assam,781006,IN,True
824,Aurangabad,Maharashtra,431113,IN,True
825,Hyderabad,Telangana,500096,IN,True
826,Ponda,Goa,403401,IN,True
827,Bhilwara,Rajasthan,311001,IN,True
828,Thane,Maharashtra,400610,IN,True
829,Sohna,Haryana,122102,IN,True
830,Kannamangalam Alappuzha District,Kerala,690109,IN,True
831,Kottayam,Kerala,686006,IN,True
832,Mumbai,Maharashtra,400018,IN,True
833,Hyderabad,Telangana,500010,IN,True
834,Darwha,Maharashtra,445202,IN,True
835,Hyderabad,Telangana,500035,IN,True
836,Gandhinagar,Gujarat,382007,IN,True
837,Pune,Maharashtra,411005,IN,True
838,Faridabad,Haryana,121008,IN,True
839,Ahmedabad,Gujarat,380052,IN,True
840,Gurugram,Haryana,122006,IN,True
841,Tirur,Kerala,676107,IN,True
842,Chennai,Tamil Nadu,600110,IN,True
843,Bengaluru,Karnataka,560001,IN,True
844,Chandigarh,Chandigarh,160022,IN,True
845,Ranchi,Jharkhand,834008,IN,True
846,Berhampore,West Bengal,742101,IN,True
847,Nagpur,Maharashtra,440009,IN,True
848,Kadungalloor,Kerala,683110,IN,True
849,Mumbai,Maharashtra,400050,IN,True
850,Nellore,Andhra Pradesh,524003,IN,True
851,Patna,Bihar,801503,IN,True
852,Kancheepuram,Tamil Nadu,631502,IN,True
853,Gautam Buddha Nagar,Uttar Pradesh,201309,IN,True
854,Hyderabad,Telangana,500097,IN,True
855,Khandwa,Madhya Pradesh,450001,IN,True
856,Vadodara,Gujarat,391101,IN,True
857,Murwara Katni,Madhya Pradesh,483504,IN,True
858,Sambalpur,Odisha,768002,IN,True
859,Majhaulia,Bihar,845454,IN,True
860,Daman,Dadra and Nagar Haveli and Daman and Diu,396210,IN,True
861,Madukkarai,Tamil Nadu,641105,IN,True
862,Karunagappally,Kerala,690573,IN,True
863,Navi Mumbai,Maharashtra,400705,IN,True
864,Hyderabad,Telangana,500029,IN,True
865,Lucknow,Uttar Pradesh,226018,IN,True
866,Kalyan West,Maharashtra,421301,IN,True
867,Sangli,Maharashtra,415301,IN,True
868,Rishra,West Bengal,712249,IN,True
869,Aurangabad,Maharashtra,431003,IN,True
870,Bengaluru,Karnataka,560099,IN,True
871,Chennai,Tamil Nadu,600058,IN,True
872,Berhampur,Odisha,760001,IN,True
873,Pune,Maharashtra,411008,IN,True
874,Pune,Maharashtra,411007,IN,True
875,Gurugram,Haryana,122505,IN,True
876,Nagpur,Maharashtra,440027,IN,True
877,Guwahati,Assam,781036,IN,True
878,Bhubaneswar,Odisha,751024,IN,True
879,New Delhi,Delhi,110024,IN,True
880,Beltangadi,Karnataka,574224,IN,True
881,Pedaamiram,Andhra Pradesh,534204,IN,True
882,Guntur,Andhra Pradesh,522006,IN,True
883,Ghaziabad,Uttar Pradesh,201002,IN,True
884,Kadapa,Andhra Pradesh,516356,IN,True
885,Aurangabad,Maharashtra,431009,IN,True
886,Bengaluru,Karnataka,560049,IN,True
887,Bijpur,Uttar Pradesh,231223,IN,True
888,Patna,Bihar,800007,IN,True
889,Wardha,Maharashtra,442001,IN,True
890,Gurugram,Haryana,122009,IN,True
891,Fatehabad,Haryana,125050,IN,True
892,Bokaro Steel City,Jharkhand,827013,IN,True
893,Chennai,Tamil Nadu,600074,IN,True
894,Kadegaon,Maharashtra,415304,IN,True
895,Shimla,Himachal Pradesh,171005,IN,True
896,Hyderabad,Telangana,500064,IN,True
897,Guwahati,Assam,781028,IN,True
898,Konnagar,West Bengal,712235,IN,True
899,Navi Mumbai,Maharashtra,400706,IN,True
900,Mulamthuruthy,Kerala,682314,IN,True
901,Secunderabad,Telangana,500061,IN,True
902,Totu,Himachal Pradesh,171011,IN,True
903,Udma,Kerala,671319,IN,True
904,Nellore,Andhra Pradesh,524004,IN,True
905,Rayagiri,Tamil Nadu,627764,IN,True
906,Bilaspur,Himachal Pradesh,171102,IN,True
907,New Delhi,Delhi,110021,IN,True
908,Kolkata,West Bengal,700053,IN,True
909,Navsari,Gujarat,396445,IN,True
910,Barnala,Punjab,148109,IN,True
911,Mandya,Karnataka,571401,IN,True
912,Kolkata,West Bengal,700092,IN,True
913,Dombivli(E),Maharashtra,421203,IN,True
914,Gwalior,Madhya Pradesh,474020,IN,True
915,Kanchipuram,Tamil Nadu,600059,IN,True
916,Kannur,Kerala,670571,IN,True
917,Kolkata,West Bengal,700102,IN,True
918,"Mumbai,Malad West,Malvani.",Maharashtra,400095,IN,True
919,Vilayat Gidc,Gujarat,392020,IN,True
920,Khammam,Telangana,507002,IN,True
921,Mangaluru,Karnataka,575003,IN,True
922,Sipcot Perundurai,Tamil Nadu,638052,IN,True
923,Kolkata,West Bengal,700084,IN,True
924,Pune,Maharashtra,411038,IN,True
925,Maraimalainagar,Tamil Nadu,603209,IN,True
926,Mysuru,Karnataka,570017,IN,True
927,Kishanganj,Bihar,855115,IN,True
928,Thiruvananthapuram,Kerala,695581,IN,True
929,Bettiah,Bihar,845438,IN,True
930,Bangalore,Karnataka,560083,IN,True
931,Dist Alipurduar,West Bengal,735214,IN,True
932,Barsur,Chhattisgarh,494441,IN,True
933,Chennai,Tamil Nadu,602117,IN,True
934,Panmana,Kerala,691583,IN,True
935,Sankra,Chhattisgarh,492112,IN,True
936,Namchi,Sikkim,737126,IN,True
937,Ahemdabad,Gujarat,380058,IN,True
938,Sidcul Haridwar,Uttarakhand,249403,IN,True
939,Boisar,Maharashtra,401501,IN,True
940,Mysuru,Karnataka,570004,IN,True
941,Thodupuzha,Kerala,685595,IN,True
942,Thiruvidaimarudur,Tamil Nadu,612104,IN,True
943,Thane,Maharashtra,400605,IN,True
944,Jhumri Tilaiya,Jharkhand,825409,IN,True
945,Leh,Jammu and Kashmir,194101,IN,True
946,Durgapur,West Bengal,713206,IN,True
947,Jamshedpur,Jharkhand,831017,IN,True
948,Jsw Steel Plant Township,Karnataka,583123,IN,True
949,Gurugram,Haryana,122003,IN,True
950,Pudupakkam,Tamil Nadu,603103,IN,True
951,Mughalsarai,Uttar Pradesh,232101,IN,True
952,Secunderabad,Telangana,500025,IN,True
953,Thiruvananthapuram,Kerala,695003,IN,True
954,"Colachal, Kanya Kumari District",Tamil Nadu,629251,IN,True
955,Mumbai,Maharashtra,400013,IN,True
956,Faridabad,Haryana,121004,IN,True
957,Anjuna Bardez Go,Goa,403509,IN,True
958,"New Town, Kolkata",West Bengal,700159,IN,True
959,Bangalore,Karnataka,560043,IN,True
960,Nashik,Maharashtra,422001,IN,True
961,Varanas,Uttar Pradesh,221106,IN,True
962,Durgapur,West Bengal,713216,IN,True
963,Gurugram,Haryana,122004,IN,True
964,Bengaluru,Karnataka,560095,IN,True
965,Chennai,Tamil Nadu,600092,IN,True
966,Edapally,Kerala,682024,IN,True
967,Chamba,Himachal Pradesh,176310,IN,True
968,Navi Mumbai,Maharashtra,410218,IN,True
969,Chennai,Tamil Nadu,600001,IN,True
970,"Vaduthala,Kochi",Kerala,682023,IN,True
971,Betul Bazar,Madhya Pradesh,460004,IN,True
972,Vennandur,Tamil Nadu,637505,IN,True
973,Ahmedabad,Gujarat,380055,IN,True
974,Davanagere,Karnataka,577002,IN,True
975,Salur,Andhra Pradesh,535591,IN,True
976,Satara,Maharashtra,415002,IN,True
977,Baruipur,West Bengal,700144,IN,True
978,Debra,West Bengal,721140,IN,True
979,Ahmedabad,Gujarat,382330,IN,True
980,Agartala,Tripura,799010,IN,True
981,Egra,West Bengal,721429,IN,True
982,Badlapur,Maharashtra,421504,IN,True
983,Coimbatore,Tamil Nadu,641046,IN,True
984,Town.Budhana Village. Husainpur Kalan,Uttar Pradesh,251309,IN,True
985,Kolkata,West Bengal,700095,IN,True
986,Jabalpur,Madhya Pradesh,482003,IN,True
987,Tral,Jammu and Kashmir,192123,IN,True
988,Panchkula,Haryana,134114,IN,True
989,Lucknow,Uttar Pradesh,226008,IN,True
990,Hyderabad,Telangana,500004,IN,True
991,Mumbai,Maharashtra,400008,IN,True
992,New Delhi,Delhi,110025,IN,True
993,Najibabad,Uttar Pradesh,246763,IN,True
994,Greater Noida,Uttar Pradesh,201301,IN,True
995,Hyderabad,Telangana,500076,IN,True
996,Srungavarapukota,Andhra Pradesh,535145,IN,True
997,Chennai,Tamil Nadu,600126,IN,True
998,Takhatpur,Chhattisgarh,495330,IN,True
999,Panchkula,Haryana,134116,IN,True
1000,Maniyat,Kerala,671310,IN,True
1001,Jammu,Jammu and Kashmir,180005,IN,True
1002,Ahmedabad,Gujarat,380060,IN,True
1003,Jalandhar,Punjab,144022,IN,True
1004,Medinipur,West Bengal,721101,IN,True
1005,Bhagalpur,Bihar,812001,IN,True
1006,Rishikesh,Uttarakhand,249201,IN,True
1007,Bhilai,Chhattisgarh,490006,IN,True
1008,Kolkata,West Bengal,700016,IN,True
1009,Dobiwali,Maharashtra,421201,IN,True
1010,Wcl Umred,Maharashtra,441204,IN,True
1011,Bangalore,Karnataka,560086,IN,True
1012,Sundargarh,Odisha,770002,IN,True
1013,Bengaluru,Karnataka,560061,IN,True
1014,Sadasivpet,Telangana,502291,IN,True
1015,Thiruvananthapuram,Kerala,695564,IN,True
1016,Vadodara,Gujarat,390008,IN,True
1017,Jamshedpur,Jharkhand,831013,IN,True
1018,Mumbai,Maharashtra,400002,IN,True
1019,Pimpri Chinchwad,Maharashtra,411019,IN,True
1020,Lucknowlucknow,Uttar Pradesh,226003,IN,True
1021,Dwarka,Gujarat,361335,IN,True
1022,Kottayam,Kerala,686536,IN,True
1023,Indore,Madhya Pradesh,452001,IN,True
1024,Nagpur,Maharashtra,440034,IN,True
1025,Daltonganj,Jharkhand,822101,IN,True
1026,Bhubaneswar,Odisha,751013,IN,True
1027,Thoothukkudi,Tamil Nadu,628004,IN,True
1028,Bambolim,Goa,403206,IN,True
1029,Chandigarh,Chandigarh,160030,IN,True
1030,Mumbai,Maharashtra,400025,IN,True
1031,Kancheepuram,Tamil Nadu,631501,IN,True
1032,Hyderabad,Telangana,500047,IN,True
1033,Sonipat,Haryana,131001,IN,True
1034,Mumbai,Maharashtra,400059,IN,True
1035,Chentrappinni,Kerala,680687,IN,True
1036,Ratnagiri,Maharashtra,415612,IN,True
1037,"Bangalore, Karnataka",Karnataka,560093,IN,True
1038,Arnia,Jammu and Kashmir,181131,IN,True
1039,Jamshedpur,Jharkhand,831004,IN,True
1040,Lucknow,Uttar Pradesh,226003,IN,True
1041,Tirunelveli,Tamil Nadu,627358,IN,True
1042,Mumbai,Maharashtra,400091,IN,True
1043,Pardi,Gujarat,396125,IN,True
1044,Etmadpur,Uttar Pradesh,283202,IN,True
1045,Greater Noida,Uttar Pradesh,201309,IN,True
1046,Isagarh,Madhya Pradesh,473335,IN,True
1047,Nashik,Maharashtra,422013,IN,True
1048,Moradabad,Uttar Pradesh,244001,IN,True
1049,Deoria,Uttar Pradesh,274602,IN,True
1050,New Delhi,Delhi,110002,IN,True
1051,Mangaluru,Karnataka,575029,IN,True
1052,Joshi Road Karol Bagh New Delhi,Delhi,110005,IN,True
1053,Kanpur,Uttar Pradesh,208001,IN,True
1054,New Delhi,Delhi,110062,IN,True
1055,Visakhapatnam,Andhra Pradesh,530026,IN,True
1056,Jamshedpur,Jharkhand,831009,IN,True
1057,Avanigadda,Andhra Pradesh,521121,IN,True
1058,Raigarh Mh,Maharashtra,410210,IN,True
1059,Maheswaram Mandal,Telangana,501359,IN,True
1060,Thane West,Maharashtra,400615,IN,True
1061,Chennai,Tamil Nadu,600123,IN,True
1062,Kharagpur,West Bengal,721126,IN,True
1063,Chandigarh,Chandigarh,160014,IN,True
1064,Utekhol,Maharashtra,402104,IN,True
1065,Shimla,Himachal Pradesh,171301,IN,True
1066,Mysore,Karnataka,570009,IN,True
1067,Anantapur,Andhra Pradesh,515001,IN,True
1068,Thiruvananthapuram,Kerala,695608,IN,True
1069,Payyannur,Kerala,670307,IN,True
1070,Navi Mumbai,Maharashtra,400708,IN,True
1071,Karanja Lad,Maharashtra,444105,IN,True
1072,Samastipur,Bihar,848101,IN,True
1073,Ahmedabad,Gujarat,380008,IN,True
1074,Osmanabad,Maharashtra,413501,IN,True
1075,Mumbai,Maharashtra,400028,IN,True
1076,Raichur,Karnataka,584102,IN,True
1077,Andipatti Jakkampatti,Tamil Nadu,625512,IN,True
1078,Margao,Goa,403709,IN,True
1079,Kolkata,West Bengal,700101,IN,True
1080,Karwar,Karnataka,581301,IN,True
1081,Nellore,Andhra Pradesh,524002,IN,True
1082,Panchkula,Haryana,134113,IN,True
1083,Jabalpur,Madhya Pradesh,482001,IN,True
1084,Agartala,Tripura,799001,IN,True
1085,Hyderabad,Telangana,500048,IN,True
1086,New Delhi,Delhi,110095,IN,True
1087,Vijayawada,Andhra Pradesh,520008,IN,True
1088,Mahnar Bazar,Bihar,844504,IN,True
1089,Hazaribagh,Jharkhand,825301,IN,True
1090,Patna,Bihar,800014,IN,True
1091,Vizianagaram A,Andhra Pradesh,535240,IN,True
1092,Arakonam,Tamil Nadu,631002,IN,True
1093,Industrial Area Devakathikoppa And Sidlipura,Karnataka,577204,IN,True
1094,Haridwar,Uttarakhand,249408,IN,True
1095,Puttur,Karnataka,574203,IN,True
1096,Tuchamakeri,Karnataka,571216,IN,True
1097,Sambalpur,Odisha,768005,IN,True
1098,Siwan,Bihar,841226,IN,True
1099,Mumbai,Maharashtra,400022,IN,True
1100,"Kandivali (E), Mumbai",Maharashtra,400101,IN,True
1101,Kolkata,West Bengal,700063,IN,True
1102,Hyderabad,Telangana,500051,IN,True
1103,Jangaon,Telangana,506167,IN,True
1104,Ernakulam,Kerala,682039,IN,True
1105,Merta City,Rajasthan,341510,IN,True
1106,Ranni,Kerala,689676,IN,True
1107,Bangalore,Karnataka,560047,IN,True
1108,Digras,Maharashtra,445203,IN,True
1109,Cuttack,Odisha,753008,IN,True
1110,Mumbai,Maharashtra,400056,IN,True
1111,Jalandhar,Punjab,144004,IN,True
1112,Eluru,Andhra Pradesh,534004,IN,True
1113,Chennai,Tamil Nadu,600018,IN,True
1114,North Guwahati,Assam,781031,IN,True
1115,Ramagundam,Telangana,505188,IN,True
1116,Kanchrapara,West Bengal,743145,IN,True
1117,Dindigul,Tamil Nadu,624703,IN,True
1118,Hyderabad,Telangana,500024,IN,True
1119,Hugli Chinsurah,West Bengal,712103,IN,True
1120,Dehradun,Uttarakhand,248002,IN,True
1121,Chennai,Tamil Nadu,600070,IN,True
1122,Chirawa,Rajasthan,333026,IN,True
1123,Hoovina Hadagalli,Karnataka,583219,IN,True
1124,Haldia,West Bengal,721607,IN,True
1125,Ratia,Haryana,125051,IN,True
1126,Kakkanadu.Ernakulam,Kerala,682030,IN,True
1127,Indri,Haryana,132041,IN,True
1128,Thiruvananthapuram,Kerala,695574,IN,True
1129,Unknown/Not Provided,Unknown/Not Provided,UNKNOWN,UNKNOWN/NOT PROVIDED,False
1130,Thane,Maharashtra,400601,IN,True
1131,Mudhol,Karnataka,587313,IN,True
1132,Jodhpur,Rajasthan,342010,IN,True
1133,Aurangabad,Maharashtra,431001,IN,True
1134,New Delhi,Delhi,110018,IN,True
1135,Bhubaneswar,Odisha,751002,IN,True
1136,Mysuru,Karnataka,570007,IN,True
1137,Nellore,Andhra Pradesh,524001,IN,True
1138,Burdwan,West Bengal,713102,IN,True
1139,Jaipur,Rajasthan,302001,IN,True
1140,Tiruchirappalli,Tamil Nadu,620017,IN,True
1141,New Delhi,Delhi,110089,IN,True
1142,Chennai,Tamil Nadu,600017,IN,True
1143,Ahmedabad,Gujarat,380059,IN,True
1144,Sibsagar,Assam,785640,IN,True
1145,Mumbai,Maharashtra,400060,IN,True
1146,Mahabubnagar,Telangana,509001,IN,True
1147,Rajahmundry,Andhra Pradesh,533103,IN,True
1148,Chidambaram,Tamil Nadu,608001,IN,True
1149,Navi Mumbai,Maharashtra,400701,IN,True
1150,Vadakara,Kerala,673506,IN,True
1151,Kharagpur,West Bengal,721305,IN,True
1152,Pune,Maharashtra,411017,IN,True
1153,Kolkata,West Bengal,700041,IN,True
1154,Coimbatore,Tamil Nadu,641034,IN,True
1155,Kakinada,Andhra Pradesh,533005,IN,True
1156,Hyderabad,Telangana,500018,IN,True
1157,Thanjavur,Tamil Nadu,614901,IN,True
1158,Parlakhemundi,Odisha,761200,IN,True
1159,Bangaon,West Bengal,743235,IN,True
1160,Bharuch,Gujarat,393130,IN,True
1161,Katihar,Bihar,854105,IN,True
1162,Mandya,Karnataka,571403,IN,True
1163,"Sattenapalli(Md),Guntur(Dt)",Andhra Pradesh,522403,IN,True
1164,Mahindra World City,Tamil Nadu,603002,IN,True
1165,Gobardanga,West Bengal,743252,IN,True
1166,Imphal,Manipur,795001,IN,True
1167,Coimbatore,Tamil Nadu,641004,IN,True
1168,Chennai,Tamil Nadu,600030,IN,True
1169,Bihta Patna District,Bihar,801103,IN,True
1170,Patna,Bihar,800004,IN,True
1171,Thiruvananthapuram,Kerala,695582,IN,True
1172,Navi Mumbai,Maharashtra,400703,IN,True
1173,Gurugram,Haryana,122016,IN,True
1174,Rajahmundry,Andhra Pradesh,533101,IN,True
1175,Ahmedabad,Gujarat,382470,IN,True
1176,Banda,Uttar Pradesh,210001,IN,True
1177,Pimpri Chinchwad,Maharashtra,411035,IN,True
1178,Deoghar,Jharkhand,815383,IN,True
1179,Aluva,Kerala,683511,IN,True
1180,Vijayawada,Andhra Pradesh,521108,IN,True
1181,Navi Mumbai,Maharashtra,410209,IN,True
1182,Indore,Madhya Pradesh,452016,IN,True
1183,Vijayawada,Andhra Pradesh,520002,IN,True
1184,South Goa,Goa,403715,IN,True
1185,Dharuhera,Haryana,123106,IN,True
1186,Hisar,Haryana,125001,IN,True
1187,Ambala,Haryana,133203,IN,True
1188,Bengaluru,Karnataka,560079,IN,True
1189,Delhi,Delhi,110096,IN,True
1190,Pimpri Chinchwad,Maharashtra,411044,IN,True
1191,Pune,Maharashtra,411030,IN,True
1192,Hubballi,Karnataka,580030,IN,True
1193,Budaun,Uttar Pradesh,243601,IN,True
1194,Upper Tadong,Sikkim,737102,IN,True
1195,Mumbai,Maharashtra,401208,IN,True
1196,Bengaluru,Karnataka,560082,IN,True
1197,Ulhasnagar,Maharashtra,421003,IN,True
1198,Vapi,Gujarat,396191,IN,True
1199,Visakhapatnam,Andhra Pradesh,530011,IN,True
1200,Mumbai,Maharashtra,400075,IN,True
1201,Khordha,Odisha,752055,IN,True
1202,Ludhiana,Punjab,141013,IN,True
1203,Dhule,Maharashtra,424002,IN,True
1204,Chennai,Tamil Nadu,600116,IN,True
1205,New Delhi,Delhi,110088,IN,True
1206,New Delhi,Delhi,110022,IN,True
1207,Surat,Gujarat,395002,IN,True
1208,Coimbatore,Tamil Nadu,641009,IN,True
1209,Thane,Maharashtra,400612,IN,True
1210,Ratanpota,West Bengal,711410,IN,True
1211,Faridabad,Haryana,121001,IN,True
1212,Imphal,Manipur,795005,IN,True
1213,Loni,Uttar Pradesh,201102,IN,True
1214,Chennai,Tamil Nadu,600011,IN,True
1215,Vadodara,Gujarat,390022,IN,True
1216,Cheruthazham,Kerala,670305,IN,True
1217,Chennai,Tamil Nadu,600062,IN,True
1218,Gudiyatham,Tamil Nadu,632602,IN,True
1219,Vinukonda,Andhra Pradesh,522647,IN,True
1220,Hyderabad,Telangana,500044,IN,True
1221,Patna,Bihar,800025,IN,True
1222,Rudrapur,Uttarakhand,263145,IN,True
1223,Vikarabad,Telangana,501101,IN,True
1224,Gurugram,Haryana,122010,IN,True
1225,New Delhi,Delhi,110064,IN,True
1226,Anakapalle,Andhra Pradesh,531031,IN,True
1227,Rajkot,Gujarat,360004,IN,True
1228,Raipur,Chhattisgarh,492001,IN,True
1229,Chennai,Tamil Nadu,600118,IN,True
1230,Cheranallur,Kerala,682023,IN,True
1231,Thane,Maharashtra,421204,IN,True
1232,Bareilly,Uttar Pradesh,243122,IN,True
1233,Mumbai,Maharashtra,400006,IN,True
1234,Srinagar,Jammu and Kashmir,190003,IN,True
1235,Palam,Maharashtra,431720,IN,True
1236,Pathanamthitta,Kerala,689546,IN,True
1237,Mauganj,Madhya Pradesh,486331,IN,True
1238,Jamtara,Jharkhand,815351,IN,True
1239,Port Blair,Andaman and Nicobar Islands,744102,IN,True
1240,Paliganj,Bihar,801110,IN,True
1241,Hsiidc Sohna,Haryana,122103,IN,True
1242,Konavattam,Tamil Nadu,632013,IN,True
1243,Bikaner,Rajasthan,334005,IN,True
1244,Dera Bassi Industrial Area,Punjab,140507,IN,True
1245,Nellore,Andhra Pradesh,524005,IN,True
1246,Sulur,Tamil Nadu,641402,IN,True
1247,Varanasi,Uttar Pradesh,221007,IN,True
1248,Chennai,Tamil Nadu,600023,IN,True
1249,Baheri,Uttar Pradesh,243201,IN,True
1250,Gurugram,Haryana,122011,IN,True
1251,Pipariya,Madhya Pradesh,461775,IN,True
1252,Belagavi,Karnataka,590001,IN,True
1253,Gurdaspur,Punjab,143521,IN,True
1254,Palacole,Andhra Pradesh,534250,IN,True
1255,Vellichantai,Tamil Nadu,629203,IN,True
1256,Mecheda,West Bengal,721137,IN,True
1257,Jamshedpur,Jharkhand,831012,IN,True
1258,Thiruvallur,Tamil Nadu,602001,IN,True
1259,Hassan (Amazon Arun),Karnataka,573201,IN,True
1260,Mohali,Punjab,160055,IN,True
1261,Chennai,Tamil Nadu,600051,IN,True
1262,Margao,Goa,403601,IN,True
1263,Mumbai,Maharashtra,400084,IN,True
1264,Dehradun,Uttarakhand,248140,IN,True
1265,Jalandhar,Punjab,144007,IN,True
1266,Chennai,Tamil Nadu,600006,IN,True
1267,Allahabad,Uttar Pradesh,211008,IN,True
1268,Tinsukia,Assam,786152,IN,True
1269,Yamunanagar,Haryana,135001,IN,True
1270,Bhilai,Chhattisgarh,490001,IN,True
1271,Gunupur,Odisha,765022,IN,True
1272,Namakkal,Tamil Nadu,637001,IN,True
1273,Lumding,Assam,782447,IN,True
1274,Chennai,Tamil Nadu,600008,IN,True
1275,Agartala,Tripura,799004,IN,True
1276,Chennai,Tamil Nadu,600056,IN,True
1277,Firozpur,Punjab,152002,IN,True
1278,Mohali,Punjab,160062,IN,True
1279,Gurgaon,Haryana,122103,IN,True
1280,Sukdal,West Bengal,713403,IN,True
1281,Gondiya,Maharashtra,441614,IN,True
1282,Burdwan,West Bengal,713104,IN,True
1283,Mumbai,Maharashtra,400086,IN,True
1284,Pathanamthitta,Kerala,689654,IN,True
1285,Mysore,Karnataka,570011,IN,True
1286,Purnia,Bihar,854303,IN,True
1287,Chitradurga,Karnataka,577501,IN,True
1288,Varanasi,Uttar Pradesh,221005,IN,True
1289,Jalandhar,Punjab,144002,IN,True
1290,Bodinayakanur,Tamil Nadu,625513,IN,True
1291,Obra Sonebhadra,Uttar Pradesh,231219,IN,True
1292,Pimpri Chinchwad,Maharashtra,411017,IN,True
1293,New Delhi,Delhi,110027,IN,True
1294,Chennai,Tamil Nadu,600119,IN,True
1295,Bengaluru,Karnataka,560062,IN,True
1296,Kozhikode,Kerala,673016,IN,True
1297,Satara,Maharashtra,415001,IN,True
1298,Maddur,Karnataka,571428,IN,True
1299,Karur,Tamil Nadu,639004,IN,True
1300,Cuttack,Odisha,753003,IN,True
1301,Sedam,Karnataka,585222,IN,True
1302,Kashipur,Uttarakhand,244713,IN,True
1303,Pune,Maharashtra,411020,IN,True
1304,Vadodara,Gujarat,390012,IN,True
1305,Asansol,West Bengal,713303,IN,True
1306,Jammu,Jammu and Kashmir,180010,IN,True
1307,Mysuru,Karnataka,570008,IN,True
1308,Chennai,Tamil Nadu,600069,IN,True
1309,Shillong,Meghalaya,793002,IN,True
1310,Pudukkottai,Tamil Nadu,613402,IN,True
1311,Kolkata,West Bengal,700060,IN,True
1312,Jalgaon,Maharashtra,425001,IN,True
1313,Kolkata,West Bengal,700085,IN,True
1314,Giridih,Jharkhand,815301,IN,True
1315,Azhiyur,Kerala,673310,IN,True
1316,Kamtaul,Bihar,847304,IN,True
1317,Mandla,Madhya Pradesh,481661,IN,True
1318,Coimbatore,Tamil Nadu,641038,IN,True
1319,Bhimavaram,Andhra Pradesh,534202,IN,True
1320,Chandigar,Chandigarh,160022,IN,True
1321,Mumbai Dadar  West,Maharashtra,400028,IN,True
1322,Lachhmangarh,Rajasthan,332311,IN,True
1323,Shivamogga,Karnataka,577201,IN,True
1324,Bhatapara,Chhattisgarh,493118,IN,True
1325,Hassan,Karnataka,573201,IN,True
1326,Jugauli,Uttar Pradesh,273164,IN,True
1327,Bareilly,Uttar Pradesh,243502,IN,True
1328,Sambalpur,Odisha,768106,IN,True
1329,Bengaluru,Karnataka,560045,IN,True
1330,Chennai,Tamil Nadu,600016,IN,True
1331,Mumbai,Maharashtra,400104,IN,True
1332,Madurai,Tamil Nadu,625014,IN,True
1333,Ernakulam,Kerala,682020,IN,True
1334,New Delhi,Delhi,110081,IN,True
1335,Jalandhar,Punjab,144001,IN,True
1336,Ratnapur,Telangana,505212,IN,True
1337,Aurangabad,Maharashtra,431005,IN,True
1338,Barasat,West Bengal,700126,IN,True
1339,Nagpur,Maharashtra,440002,IN,True
1340,Mumbai,Maharashtra,400051,IN,True
1341,Guwahati,Assam,781022,IN,True
1342,Dongargarh,Chhattisgarh,491445,IN,True
1343,Jodhpur,Rajasthan,342026,IN,True
1344,Fatehgarh,Uttar Pradesh,209601,IN,True
1345,Bindki,Uttar Pradesh,212635,IN,True
1346,Bangalore,Karnataka,560076,IN,True
1347,Vadodara,Gujarat,391330,IN,True
1348,Eluru,Andhra Pradesh,534005,IN,True
1349,Mumbai,Maharashtra,400071,IN,True
1350,"Navi Mumbai,",Maharashtra,400708,IN,True
1351,Bengaluru,Karnataka,562107,IN,True
1352,Hyderabad,Telangana,500092,IN,True
1353,Vadodara,Gujarat,391410,IN,True
1354,Kolkata,West Bengal,700038,IN,True
1355,Pipili,Odisha,752104,IN,True
1356,Mohali,Punjab,160059,IN,True
1357,Lucknow,Uttar Pradesh,226001,IN,True
1358,Bharwari,Uttar Pradesh,212201,IN,True
1359,Ujjain,Madhya Pradesh,456006,IN,True
1360,Jammu,Jammu and Kashmir,181123,IN,True
1361,Bidar,Karnataka,585401,IN,True
1362,Navelim,Goa,403707,IN,True
1363,Visakhapatnam,Andhra Pradesh,530052,IN,True
1364,New Delhi,Delhi,110076,IN,True
1365,Krishnapuram,Kerala,690533,IN,True
1366,Navi Mumbai,Maharashtra,410208,IN,True
1367,Visakhapatnam,Andhra Pradesh,531027,IN,True
1368,Narpala,Andhra Pradesh,515425,IN,True
1369,Mumbai,Maharashtra,400023,IN,True
1370,Mysore,Karnataka,570022,IN,True
1371,Bikaner,Rajasthan,334001,IN,True
1372,South Goa,Goa,403601,IN,True
1373,Madhubani,Bihar,847225,IN,True
1374,Bangalore,Karnataka,560103,IN,True
1375,Ranipettai,Tamil Nadu,632403,IN,True
1376,Ahmadnagar,Maharashtra,414003,IN,True
1377,Bengaluru,Karnataka,560030,IN,True
1378,Hailakandi,Assam,788151,IN,True
1379,Gangapur City,Rajasthan,322201,IN,True
1380,Hyderabad,Telangana,500027,IN,True
1381,New Town,West Bengal,700157,IN,True
1382,Risod,Maharashtra,444506,IN,True
1383,Vadodara,Gujarat,390013,IN,True
1384,New Delhi,Delhi,110041,IN,True
1385,New Delhi,Delhi,110011,IN,True
1386,Nanded,Maharashtra,431605,IN,True
1387,Surat,Gujarat,395001,IN,True
1388,Hyderabad,Andhra Pradesh,500032,IN,True
1389,Thiruvananthapuram,Kerala,695010,IN,True
1390,Buxar,Bihar,802101,IN,True
1391,Mangattidam,Kerala,670643,IN,True
1392,Bangalore,Karnataka,560066,IN,True
1393,Bhopal,Madhya Pradesh,462030,IN,True
1394,"Phanigiri Road,Chaitanyapuri,Hyderabad",Telangana,500060,IN,True
1395,Jaipur,Rajasthan,302017,IN,True
1396,Supaul,Bihar,852131,IN,True
1397,Tirunelveli,Tamil Nadu,627003,IN,True
1398,Pallipalayam,Tamil Nadu,638008,IN,True
1399,New Delhi,Delhi,110067,IN,True
1400,Ahmedabad,Gujarat,380061,IN,True
1401,New Delhi-110075,Delhi,110075,IN,True
1402,New Delhi,Delhi,110091,IN,True
1403,Jabalpur,Madhya Pradesh,482005,IN,True
1404,Mumbai,Maharashtra,400103,IN,True
1405,New Delhi,Delhi,110049,IN,True
1406,New Delhi,Delhi,110060,IN,True
1407,Thrissur,Kerala,680027,IN,True
1408,Howrah,West Bengal,711101,IN,True
1409,Kotdwara,Uttarakhand,246149,IN,True
1410,Sriganganagar,Rajasthan,335001,IN,True
1411,Gwalior,Madhya Pradesh,474009,IN,True
1412,Chennai,Tamil Nadu,600026,IN,True
1413,Jaipur,Rajasthan,302029,IN,True
1414,Nashik,Maharashtra,422002,IN,True
1415,Tiruppur,Tamil Nadu,641604,IN,True
1416,Karkal,Karnataka,574104,IN,True
1417,Bengaluru,Karnataka,562122,IN,True
1418,Bhopal,Madhya Pradesh,462001,IN,True
1419,Duliajan,Assam,786602,IN,True
1420,Kanchipuram,Tamil Nadu,600044,IN,True
1421,Andheri,Maharashtra,400059,IN,True
1422,Orathanadu,Tamil Nadu,614904,IN,True
1423,Gondal,Gujarat,360311,IN,True
1424,Gorakhpur,Uttar Pradesh,273008,IN,True
1425,Pune,Maharashtra,411015,IN,True
1426,Bengaluru,Karnataka,560004,IN,True
1427,Vadodara,Gujarat,390020,IN,True
1428,Thiruvananthapuram,Kerala,695543,IN,True
1429,Anantapur,Andhra Pradesh,515004,IN,True
1430,Bhopal,Madhya Pradesh,462016,IN,True
1431,Kolkata,West Bengal,700133,IN,True
1432,Narikombu,Karnataka,574231,IN,True
1433,Phaltan,Maharashtra,415523,IN,True
1434,Jangareddigudem,Andhra Pradesh,534447,IN,True
1435,Korba,Chhattisgarh,495454,IN,True
1436,Delhi,Delhi,110001,IN,True
1437,New Delhi,Delhi,110031,IN,True
1438,Thoothukkudi,Tamil Nadu,628002,IN,True
1439,Navi Mumbai,Maharashtra,400614,IN,True
1440,Nilokheri,Haryana,132117,IN,True
1441,Pattambi,Kerala,679303,IN,True
1442,Chennai,Tamil Nadu,600085,IN,True
1443,Ranchi,Jharkhand,834005,IN,True
1444,Thrikkaruva,Kerala,691602,IN,True
1445,Banswara,Rajasthan,327001,IN,True
1446,Surat,Gujarat,394101,IN,True
1447,Rajkot,Gujarat,360006,IN,True
1448,Dapoli,Maharashtra,415712,IN,True
1449,Gautam Buddha Nagar,Uttar Pradesh,201308,IN,True
1450,Bellary,Karnataka,583104,IN,True
1451,Tirupati,Andhra Pradesh,517501,IN,True
1452,Mumbai,Maharashtra,400070,IN,True
1453,Chennai,Tamil Nadu,600094,IN,True
1454,Eluru,Andhra Pradesh,534001,IN,True
1455,Chennai,Tamil Nadu,600075,IN,True
1456,Jhansi,Uttar Pradesh,284003,IN,True
1457,Chennai,Tamil Nadu,600047,IN,True
1458,Kolkata,West Bengal,700056,IN,True
1459,Hyderabad,Telangana,501301,IN,True
1460,Karaikal,Puducherry,609602,IN,True
1461,Vadodara,Gujarat,391740,IN,True
1462,Tirupathur Sivaganga District,Tamil Nadu,630211,IN,True
1463,Vazhakkala,Kerala,682021,IN,True
1464,"Dhasai, Shahapur",Maharashtra,421601,IN,True
1465,Bahraich,Uttar Pradesh,271801,IN,True
1466,Solan,Himachal Pradesh,173211,IN,True
1467,Bhimavaram,Andhra Pradesh,534239,IN,True
1468,Pimpri Chinchwad,Maharashtra,411026,IN,True
1469,Lucknow,Uttar Pradesh,226020,IN,True
1470,Jammu,Jammu and Kashmir,180001,IN,True
1471,Nagpur,Maharashtra,440008,IN,True
1472,Hyderabad,Telangana,500074,IN,True
1473,Kottayam,Kerala,686579,IN,True
1474,Koyyalagudem,Andhra Pradesh,534312,IN,True
1475,Thane,Maharashtra,421302,IN,True
1476,Kottayam,Kerala,686002,IN,True
1477,Chamarajanagar,Karnataka,571313,IN,True
1478,Mumbai,Maharashtra,400082,IN,True
1479,Kolkata,West Bengal,700052,IN,True
1480,Delhi,Delhi,110093,IN,True
1481,Kalimpong,West Bengal,734301,IN,True
1482,Pune,Maharashtra,412412,IN,True
1483,Bilimora,Gujarat,396321,IN,True
1484,Hubballi,Karnataka,580020,IN,True
1485,Taliparamba,Kerala,670581,IN,True
1486,Rajkot,Gujarat,360002,IN,True
1487,Kolkata,West Bengal,700040,IN,True
1488,Shahada,Maharashtra,425409,IN,True
1489,Uppalaguptam,Andhra Pradesh,533213,IN,True
1490,Mumbai,Maharashtra,400020,IN,True
1491,Muzaffarpur,Bihar,843119,IN,True
1492,Warangal,Telangana,506252,IN,True
1493,Serampore,West Bengal,712201,IN,True
1494,Warangal,Telangana,506002,IN,True
1495,New Delhi,Delhi,110046,IN,True
1496,Pune,Maharashtra,411027,IN,True
1497,Palakkad,Kerala,678556,IN,True
1498,Visakhapatnam,Andhra Pradesh,530051,IN,True
1499,Varangaon,Maharashtra,425305,IN,True
1500,Visakhapatnam,Andhra Pradesh,530007,IN,True
1501,Bagru,Rajasthan,303007,IN,True
1502,Hyderabad,Telangana,500039,IN,True
1503,Pathanamthitta,Kerala,689581,IN,True
1504,Dhule,Maharashtra,424001,IN,True
1505,Armur,Telangana,503224,IN,True
1506,Parasi/Anpara,Uttar Pradesh,231225,IN,True
1507,Thiruvananthapuram,Kerala,695125,IN,True
1508,Puducherry,Puducherry,605012,IN,True
1509,Coimbatore,Tamil Nadu,641005,IN,True
1510,Srikakulam,Andhra Pradesh,532001,IN,True
1511,Chendamangalam,Kerala,683594,IN,True
1512,Nasik,Maharashtra,422207,IN,True
1513,Forbesganj,Bihar,854318,IN,True
1514,Bangalore,Karnataka,560037,IN,True
1515,Eddumailaram,Telangana,502285,IN,True
1516,Ankleshwar,Gujarat,393001,IN,True
1517,Secunderabad,Telangana,500026,IN,True
1518,Mirganj,Bihar,841438,IN,True
1519,Chengannur,Kerala,689121,IN,True
1520,Chockli,Kerala,670672,IN,True
1521,Azamgarh,Uttar Pradesh,276128,IN,True
1522,Sheopur,Madhya Pradesh,476337,IN,True
1523,Lucknow,Uttar Pradesh,226006,IN,True
1524,Kochi,Kerala,682005,IN,True
1525,Ambarnath,Maharashtra,421501,IN,True
1526,Bhatni Bazar (Deoria),Uttar Pradesh,274701,IN,True
1527,Ettumanoor,Kerala,686631,IN,True
1528,Chennai,Tamil Nadu,600095,IN,True
1529,Guntur,Andhra Pradesh,522007,IN,True
1530,Pataudi,Haryana,122503,IN,True
1531,Srinagar,Jammu and Kashmir,190012,IN,True
1532,Vadodara,Gujarat,390007,IN,True
1533,Haldia,West Bengal,721657,IN,True
1534,Shivamogga,Karnataka,577205,IN,True
1535,Sultanpur,Uttar Pradesh,228001,IN,True
1536,Chittoor District,Andhra Pradesh,517123,IN,True
1537,Chennai,Tamil Nadu,603103,IN,True
1538,Kakkanad,Kerala,682039,IN,True
1539,Vaishali,Bihar,844114,IN,True
1540,Kolhapur,Maharashtra,416008,IN,True
1541,New Delhi,Delhi,110065,IN,True
1542,Kolkata,West Bengal,700023,IN,True
1543,Gwalior,Madhya Pradesh,474006,IN,True
1544,Belagavi,Karnataka,590016,IN,True
1545,"Navi Mumbai,Thane",Maharashtra,400614,IN,True
1546,Coimbatore,Tamil Nadu,641025,IN,True
1547,Bengaluru,Karnataka,560015,IN,True
1548,Vellore,Tamil Nadu,632014,IN,True
1549,Port Blair,Andaman and Nicobar Islands,744101,IN,True
1550,Bandel,West Bengal,712104,IN,True
1551,"Ilayangudi, Sivagangai",Tamil Nadu,630709,IN,True
1552,Panihati,West Bengal,700114,IN,True
1553,Bengaluru,Karnataka,560092,IN,True
1554,Thrissur,Kerala,680555,IN,True
1555,Hyderabad,Telangana,500038,IN,True
1556,Mahesana,Gujarat,384001,IN,True
1557,Nagpur,Maharashtra,440016,IN,True
1558,"Banaswadi, Bengaluru",Karnataka,560043,IN,True
1559,Gandhinagar,Gujarat,382355,IN,True
1560,Bengaluru,Karnataka,560073,IN,True
1561,Ghaziabad,Uttar Pradesh,201017,IN,True
1562,Periyakulam,Tamil Nadu,625601,IN,True
1563,Razam,Andhra Pradesh,532127,IN,True
1564,Raxaul Bazar,Bihar,845305,IN,True
1565,Chennai,Tamil Nadu,600044,IN,True
1566,Udalguri,Assam,784510,IN,True
1567,Kanpur,Uttar Pradesh,208002,IN,True
1568,Ulhasnagar,Maharashtra,421004,IN,True
1569,Badli,Haryana,124105,IN,True
1570,Hyderabad,Telangana,500059,IN,True
1571,Visakhapatnam,Andhra Pradesh,530017,IN,True
1572,Tirupati,Andhra Pradesh,517502,IN,True
1573,Bhabhar,Gujarat,385320,IN,True
1574,Mattannur,Kerala,670702,IN,True
1575,Ahmedabad,Gujarat,380007,IN,True
1576,Thiruvananthapuram,Kerala,695017,IN,True
1577,Villiappally,Kerala,673542,IN,True
1578,Hyderabad,Telangana,501218,IN,True
1579,Karnaprayag,Uttarakhand,246444,IN,True
1580,Mumbai,Maharashtra,400010,IN,True
1581,Bhubaneswar,Odisha,751020,IN,True
1582,Guntur Dist Ponnur,Andhra Pradesh,522124,IN,True
1583,Mumbai,Maharashtra,400004,IN,True
1584,Bhubaneswar,Odisha,751014,IN,True
1585,Bengaluru,Karnataka,560096,IN,True
1586,Bhopal,Madhya Pradesh,462022,IN,True
1587,Bungal,Punjab,145001,IN,True
1588,Kadikkad,Kerala,679561,IN,True
1589,Vijayawada,Andhra Pradesh,520013,IN,True
1590,Kolkata,West Bengal,700018,IN,True
1591,Vellore,Tamil Nadu,632009,IN,True
1592,Mumbai,Maharashtra,400055,IN,True
1593,New Delhi,Delhi,110070,IN,True
1594,Palakkad,Kerala,679551,IN,True
1595,Bengaluru,Karnataka,560038,IN,True
1596,Rajkot,Gujarat,360001,IN,True
1597,Chennai,Tamil Nadu,600048,IN,True
1598,Ulhasnagar,Maharashtra,421005,IN,True
1599,Thalakkulathur,Kerala,673303,IN,True
1600,Navi Mumbai,Maharashtra,400702,IN,True
1601,Kolkata,West Bengal,700082,IN,True
1602,Kolkata,West Bengal,700006,IN,True
1603,Kolkata,West Bengal,700141,IN,True
1604,Patna,Bihar,800020,IN,True
1605,Nagpur,Maharashtra,440026,IN,True
1606,Bhuntar,Himachal Pradesh,175125,IN,True
1607,Hooghly,West Bengal,712223,IN,True
1608,Vadodara,Gujarat,390002,IN,True
1609,Allahabad,Uttar Pradesh,211012,IN,True
1610,Bhubaneswar,Odisha,751022,IN,True
1611,Digboi,Assam,786171,IN,True
1612,Ernakulam,Kerala,682012,IN,True
1613,Hyderabad,Telangana,500019,IN,True
1614,Gurugram,Haryana,122015,IN,True
1615,Basti,Uttar Pradesh,272124,IN,True
1616,Rewari,Haryana,123401,IN,True
1617,Kolkata,West Bengal,700054,IN,True
1618,Hosur,Tamil Nadu,635109,IN,True
1619,Secunderabad,Telangana,500003,IN,True
1620,Jagtial,Telangana,505327,IN,True
1621,Cachar,Assam,788003,IN,True
1622,Beawar,Rajasthan,305901,IN,True
1623,New Delhi,Delhi,110015,IN,True
1624,Butibori,Maharashtra,441108,IN,True
1625,Bhiwandi,Maharashtra,421302,IN,True
1626,Thane,Maharashtra,421301,IN,True
1627,Jamkhandi,Karnataka,587301,IN,True
1628,Chennai,Tamil Nadu,600080,IN,True
1629,Nedumangad,Kerala,695541,IN,True
1630,Chennai,Tamil Nadu,600059,IN,True
1631,Chandigarh,Chandigarh,160011,IN,True
1632,Hyderabad,Telangana,501510,IN,True
1633,Raipur,Chhattisgarh,492010,IN,True
1634,Guwahati,Assam,781019,IN,True
1635,Sri Ganganagar,Rajasthan,335001,IN,True
1636,Chanchal,West Bengal,732123,IN,True
1637,Chennai,Tamil Nadu,600050,IN,True
1638,Vadodara,Gujarat,390001,IN,True
1639,Kurukshetra,Haryana,136118,IN,True
1640,Agra,Uttar Pradesh,282010,IN,True
1641,Kochi,Kerala,682002,IN,True
1642,New Delhi,Delhi,110055,IN,True
1643,Srinagar,Jammu and Kashmir,190001,IN,True
1644,Vizianagaram,Andhra Pradesh,535003,IN,True
1645,Bokaro Steel City,Jharkhand,827004,IN,True
1646,New Town,West Bengal,700136,IN,True
1647,Rajpur Sonarpur,West Bengal,700150,IN,True
1648,Chennai,Tamil Nadu,601301,IN,True
1649,Lala,Assam,788163,IN,True
1650,Chandigarh,Chandigarh,160002,IN,True
1651,Madurai,Tamil Nadu,625009,IN,True
1652,Kottayam,Kerala,686635,IN,True
1653,Nalgonda,Telangana,508001,IN,True
1654,Nellore,Andhra Pradesh,524413,IN,True
1655,Durgapur,West Bengal,713214,IN,True
1656,Coochbehar,West Bengal,736172,IN,True
1657,Jodhpur,Rajasthan,342005,IN,True
1658,Kochi,Kerala,682010,IN,True
1659,Mumbai,Maharashtra,401107,IN,True
1660,Pondycherry,Puducherry,605107,IN,True
1661,Margao,Goa,403602,IN,True
1662,Greater Noida,Uttar Pradesh,201310,IN,True
1663,Balaghat,Madhya Pradesh,481001,IN,True
1664,Amtady,Karnataka,574219,IN,True
1665,New Delhi,Delhi,110012,IN,True
1666,Haliyal,Karnataka,581329,IN,True
1667,Kottayam,Kerala,686016,IN,True
1668,Shahjahanpur,Uttar Pradesh,242001,IN,True
1669,Chengalpattu,Tamil Nadu,603004,IN,True
1670,Allapalli,Maharashtra,442703,IN,True
1671,Shahdol,Madhya Pradesh,484117,IN,True
1672,Bela Pratapgarh,Uttar Pradesh,230001,IN,True
1673,Ghaziabad,Uttar Pradesh,201016,IN,True
1674,Noida,Uttar Pradesh,201307,IN,True
1675,Una,Himachal Pradesh,174303,IN,True
1676,Imphal West,Manipur,795002,IN,True
1677,Vasai Virar,Maharashtra,401303,IN,True
1678,Tamnar,Chhattisgarh,496107,IN,True
1679,Durgapur,West Bengal,713205,IN,True
1680,Bengaluru,Karnataka,560058,IN,True
1681,Gurgaon,Haryana,122018,IN,True
1682,Udhampur,Jammu and Kashmir,182101,IN,True
1683,Mumbai,Maharashtra,400064,IN,True
1684,Addakal,Telangana,509382,IN,True
1685,Raia,Goa,403720,IN,True
1686,Hyderabad,Telangana,500060,IN,True
1687,Gagret Industrial Area,Himachal Pradesh,177205,IN,True
1688,Guntur,Andhra Pradesh,522410,IN,True
1689,Pallichal,Kerala,695020,IN,True
1690,Shivpuri,Madhya Pradesh,473551,IN,True
1691,Muzaffarnagar,Uttar Pradesh,251001,IN,True
1692,Bengaluru,Karnataka,560060,IN,True
1693,Kanniyakumari,Tamil Nadu,629702,IN,True
1694,Thiruvananthapuram,Kerala,695525,IN,True
1695,Kanakammachathram,Tamil Nadu,631204,IN,True
1696,Bangalore North,Karnataka,560016,IN,True
1697,"Mahadevapura, Bangalore",Karnataka,560048,IN,True
1698,Vadodara,Gujarat,390023,IN,True
1699,Piduguralla,Andhra Pradesh,522413,IN,True
1700,Ramapuram Chennai,Tamil Nadu,631204,IN,True
1701,New Delhi,Delhi,110051,IN,True
1702,"Damdim, Jalpaiguri",West Bengal,735209,IN,True
1703,Pimpri Chinchwad,Maharashtra,411027,IN,True
1704,Bangalore,Karnataka,560096,IN,True
1705,Kalady,Kerala,683574,IN,True
1706,Coimbatore,Tamil Nadu,641042,IN,True
1707,Arrah,Bihar,802301,IN,True
1708,Kolkata,West Bengal,700021,IN,True
1709,Palai,Kerala,686578,IN,True
1710,Lucknow,Uttar Pradesh,226028,IN,True
1711,Visakhapatnam,Andhra Pradesh,530022,IN,True
1712,Chennai,Tamil Nadu,603110,IN,True
1713,Titabor Town,Assam,785635,IN,True
1714,Kolkata,West Bengal,700080,IN,True
1715,Nalagarh,Himachal Pradesh,174101,IN,True
1716,Delhi,Delhi,110074,IN,True
1717,Kanina,Haryana,123027,IN,True
1718,Rajahmundry,Andhra Pradesh,533102,IN,True
1719,Jamnagar,Gujarat,361002,IN,True
1720,Bhachau,Gujarat,370140,IN,True
1721,Adalaj,Gujarat,382421,IN,True
1722,Hanumangarh Junction,Rajasthan,335512,IN,True
1723,Pune,Maharashtra,411058,IN,True
1724,Alipurduat,West Bengal,736121,IN,True
1725,Churu,Rajasthan,331001,IN,True
1726,Delhi,Delhi,110015,IN,True
1727,Kottayam,Kerala,686613,IN,True
1728,Leh,Ladakh,194101,IN,True
1729,Cuttack,Odisha,753014,IN,True
1730,New Delhi,Delhi,110053,IN,True
1731,Ballepalle,Telangana,509301,IN,True
1732,Panipat,Haryana,132103,IN,True
1733,Mumbai,Maharashtra,400057,IN,True
1734,Sasaram,Bihar,821115,IN,True
1735,Bengaluru,Karnataka,560041,IN,True
1736,Trivandrum,Kerala,695006,IN,True
1737,Vijayawada,Andhra Pradesh,520007,IN,True
1738,Pollachi,Tamil Nadu,642002,IN,True
1739,Bengaluru,Karnataka,560069,IN,True
1740,Rushikonda Apiic,Andhra Pradesh,530045,IN,True
1741,Bardhaman,West Bengal,713148,IN,True
1742,Chennai,Tamil Nadu,600097,IN,True
1743,Ratlam,Madhya Pradesh,457001,IN,True
1744,Pandaria,Chhattisgarh,491559,IN,True
1745,Medak,Telangana,502321,IN,True
1746,Srikakulam,Andhra Pradesh,532264,IN,True
1747,Bengaluru,Karnataka,560027,IN,True
1748,Navi Mumbai,Maharashtra,400709,IN,True
1749,Gadhinglaj,Maharashtra,416502,IN,True
1750,Pimpri Chinchwad Pune,Maharashtra,411027,IN,True
1751,Dimapur,Nagaland,797116,IN,True
1752,Bangalore,Karnataka,560046,IN,True
1753,Dhanbad,Jharkhand,826005,IN,True
1754,Uravakonda,Andhra Pradesh,515812,IN,True
1755,Waluj Midc,Maharashtra,431136,IN,True
1756,Kolkata,West Bengal,700003,IN,True
1757,Kottakkal,Kerala,676503,IN,True
1758,Mukkom,Kerala,673602,IN,True
1759,Chennai,Tamil Nadu,600035,IN,True
1760,Shimla,Himachal Pradesh,172031,IN,True
1761,Thane,Maharashtra,400608,IN,True
1762,Surat,Gujarat,395010,IN,True
1763,Chandigarh,Chandigarh,160101,IN,True
1764,Robertsganj,Uttar Pradesh,231216,IN,True
1765,Mysuru,Karnataka,570022,IN,True
1766,Jatani,Odisha,752050,IN,True
1767,Bangalore,Karnataka,560020,IN,True
1768,Deoband,Uttar Pradesh,247554,IN,True
1769,Irakasandra,Karnataka,572117,IN,True
1770,New Delhi,Delhi,110009,IN,True
1771,Kozhikode,Kerala,673006,IN,True
1772,Kanpur,Uttar Pradesh,208019,IN,True
1773,Eluru,Andhra Pradesh,534002,IN,True
1774,Durgapur,West Bengal,713213,IN,True
1775,Guwahati,Assam,781020,IN,True
1776,Bangalore,Karnataka,560068,IN,True
1777,Jamshedpur,Jharkhand,831011,IN,True
1778,Shahdara,Delhi,110032,IN,True
1779,Hunsur,Karnataka,571105,IN,True
1780,Dharwad,Karnataka,580001,IN,True
1781,Ernakulam,Kerala,682018,IN,True
1782,"Venjarammoodu,Thiruvananthapuram",Kerala,695607,IN,True
1783,Gua,Jharkhand,833213,IN,True
1784,Tiruchirappalli,Tamil Nadu,620006,IN,True
1785,Rayadurg,Andhra Pradesh,515865,IN,True
1786,Morena,Madhya Pradesh,476001,IN,True
1787,Ranchi,Jharkhand,835222,IN,True
1788,Bulandshahr,Uttar Pradesh,203001,IN,True
1789,Mysuru,Karnataka,570002,IN,True
1790,Paravoor,Kerala,691301,IN,True
1791,Dohad,Gujarat,389172,IN,True
1792,Fatehpur Fatehpur District,Uttar Pradesh,212601,IN,True
1793,Jodhpur,Rajasthan,342002,IN,True
1794,Mangaluru,Karnataka,574142,IN,True
1795,Kottayam,Kerala,686604,IN,True
1796,Pattiom,Kerala,670691,IN,True
1797,Dharwad,Karnataka,580006,IN,True
1798,Bilimora,Gujarat,396325,IN,True
1799,Hubballi,Karnataka,580021,IN,True
1800,Kurud,Chhattisgarh,493663,IN,True
1801,Vilangad,Kerala,673506,IN,True
1802,Pune,Maharashtra,411032,IN,True
1803,Raipur,Chhattisgarh,492006,IN,True
1804,Durgapur,West Bengal,713212,IN,True
1805,Puducherry,Puducherry,605014,IN,True
1806,Kakkanad,Kerala,682037,IN,True
1807,Ramagundam,Telangana,505215,IN,True
1808,Jaipur,Rajasthan,302025,IN,True
1809,Kanhangad,Kerala,671531,IN,True
1810,Indore,Madhya Pradesh,452009,IN,True
1811,Gandhinagar,Gujarat,382006,IN,True
1812,Miryalaguda,Telangana,508207,IN,True
1813,Kottayam,Kerala,686001,IN,True
1814,Muzzafarnagar,Uttar Pradesh,251202,IN,True
1815,Modinagar,Uttar Pradesh,201204,IN,True
1816,Varanasi,Uttar Pradesh,221003,IN,True
1817,Akola,Maharashtra,444001,IN,True
1818,Sundargarh,Odisha,770001,IN,True
1819,Ghaziabad,Uttar Pradesh,201011,IN,True
1820,Tallapudi,Andhra Pradesh,534340,IN,True
1821,Mokokchung,Nagaland,798601,IN,True
1822,Mumbai -400064,Maharashtra,400064,IN,True
1823,Manjeri,Kerala,676122,IN,True
1824,Hyderabad,Telangana,500091,IN,True
1825,Berhampur,Odisha,760006,IN,True
1826,Tonk,Rajasthan,304001,IN,True
1827,Ahmedabad,Gujarat,380013,IN,True
1828,Bangalore,Karnataka,560100,IN,True
1829,Nashik,Maharashtra,422006,IN,True
1830,Sulluru,Andhra Pradesh,524121,IN,True
1831,Gorakhpur,Uttar Pradesh,273016,IN,True
1832,Chidambaram,Tamil Nadu,608602,IN,True
1833,Bina,Madhya Pradesh,470113,IN,True
1834,Jamshedpur,Jharkhand,832401,IN,True
1835,Chennai,Tamil Nadu,600107,IN,True
1836,Hyderabad,Telangana,500045,IN,True
1837,Mangaluru,Karnataka,575025,IN,True
1838,Aroor,Kerala,688537,IN,True
1839,Vijayawada,Andhra Pradesh,520004,IN,True
1840,Visakhapatnam,Andhra Pradesh,530002,IN,True
1841,Kanpur,Uttar Pradesh,208011,IN,True
1842,Chennai,Tamil Nadu,600090,IN,True
1843,Tiruttani,Tamil Nadu,631209,IN,True
1844,Rishikesh,Uttarakhand,249204,IN,True
1845,Sangareddy,Telangana,502001,IN,True
1846,Hindalco Industries Ltd,Uttar Pradesh,231217,IN,True
1847,Vapi,Gujarat,396195,IN,True
1848,Saharanpur,Uttar Pradesh,247001,IN,True
1849,Delhi,Delhi,110092,IN,True
1850,Lucknow,Uttar Pradesh,227105,IN,True
1851,Bangalore,Karnataka,560085,IN,True
1852,Mannarkad,Kerala,678582,IN,True
1853,Bettiyah,Bihar,845438,IN,True
1854,Kolkata,West Bengal,700029,IN,True
1855,Pimpri Chinchwad,Maharashtra,411018,IN,True
1856,Lathi,Gujarat,365435,IN,True
1857,Sikar,Rajasthan,332030,IN,True
1858,Sherghati,Bihar,824211,IN,True
1859,Jaipur,Rajasthan,302016,IN,True
1860,Sulya,Karnataka,574239,IN,True
1861,Khargone,Madhya Pradesh,451442,IN,True
1862,Curchorem,Goa,403706,IN,True
1863,Karur,Tamil Nadu,639002,IN,True
1864,Ooty,Tamil Nadu,643206,IN,True
1865,Saharsa,Bihar,852201,IN,True
1866,Bengaluru,Karnataka,560053,IN,True
1867,Lucknow,Uttar Pradesh,226005,IN,True
1868,Iroopara,Kerala,695584,IN,True
1869,"Avinashi, Tirupur",Tamil Nadu,641654,IN,True
1870,Port Blair,Andaman and Nicobar Islands,744103,IN,True
1871,Sitamarhi,Bihar,847302,IN,True
1872,Vasai(West),Maharashtra,401202,IN,True
1873,Mayiladuthurai,Tamil Nadu,609003,IN,True
1874,Neyyattinkara,Kerala,695121,IN,True
1875,Mumbai,Maharashtra,400058,IN,True
1876,Kangra,Himachal Pradesh,176060,IN,True
1877,Thodupuzha,Kerala,686670,IN,True
1878,Kandukur,Andhra Pradesh,523105,IN,True
1879,Jaunpur,Uttar Pradesh,222002,IN,True
1880,Allahabad,Uttar Pradesh,211003,IN,True
1881,Derlakkatte,Karnataka,575018,IN,True
1882,Tharamangalam,Tamil Nadu,636502,IN,True
1883,Mathura,Uttar Pradesh,281123,IN,True
1884,Bantval,Karnataka,574279,IN,True
1885,Chittaurgarh,Rajasthan,312602,IN,True
1886,Anand,Gujarat,380001,IN,True
1887,Kolkata,West Bengal,700061,IN,True
1888,Dhanbad,Jharkhand,828130,IN,True
1889,Medak,Telangana,500090,IN,True
1890,Basmath,Maharashtra,431512,IN,True
1891,Imphal East,Manipur,795114,IN,True
1892,Ambur,Tamil Nadu,635802,IN,True
1893,Bhopal,Madhya Pradesh,462023,IN,True
1894,"Vandipettai, Kurukupuram, Rasipuram, Namakkal",Tamil Nadu,637401,IN,True
1895,Lucknow,Uttar Pradesh,226021,IN,True
1896,Gurgaon,Haryana,122011,IN,True
1897,Valsad,Gujarat,396001,IN,True
1898,Barrackpore,West Bengal,700120,IN,True
1899,Sangamner,Maharashtra,422605,IN,True
1900,Petlad,Gujarat,388450,IN,True
1901,Krishna District,Andhra Pradesh,521325,IN,True
1902,Mandvi Surat District,Gujarat,394160,IN,True
1903,Tumkur District,Karnataka,572138,IN,True
1904,New Delhi,Delhi,110035,IN,True
1905,Jagatdal,West Bengal,743124,IN,True
1906,Howrah,West Bengal,711106,IN,True
1907,Mumbai,Maharashtra,400054,IN,True
1908,Kalaburgi,Karnataka,585222,IN,True
1909,"Kotra Road ,Raigarh",Chhattisgarh,496001,IN,True
1910,Chengannur,Kerala,689520,IN,True
1911,Danapur,Bihar,801503,IN,True
1912,Balaghat,Madhya Pradesh,481556,IN,True
1913,Chennai,Tamil Nadu,602024,IN,True
1914,Beri,Haryana,124201,IN,True
1915,Mapusa,Goa,403510,IN,True
1916,Bangalore,Karnataka,560090,IN,True
1917,Gangtok,Sikkim,737101,IN,True
1918,Greater Noida,Uttar Pradesh,203207,IN,True
1919,Kalamnuri,Maharashtra,431702,IN,True
1920,Pedaparupudi,Andhra Pradesh,521148,IN,True
1921,Mangaluru,Karnataka,575030,IN,True
1922,Rayachoti,Andhra Pradesh,516269,IN,True
1923,Guduvanchery,Tamil Nadu,603202,IN,True
1924,Kollam,Kerala,691001,IN,True
1925,Ichalkaranji,Maharashtra,416121,IN,True
1926,South Andaman,Andaman and Nicobar Islands,744101,IN,True
1927,"Sabbavaram,Visakhapatnam",Andhra Pradesh,531035,IN,True
1928,Veraval,Gujarat,362265,IN,True
1929,Bengaluru,Karnataka,560026,IN,True
1930,New Delhi,Delhi,110001,IN,True
1931,Karnal,Haryana,136044,IN,True
1932,Ghaziabad,Uttar Pradesh,201003,IN,True
1933,Guntur,Andhra Pradesh,522002,IN,True
1934,Krishnapur Hugli District,West Bengal,712708,IN,True
1935,Ghaziabad,Uttar Pradesh,201013,IN,True
1936,Kollegal,Karnataka,571440,IN,True
1937,Kalachowki Mumbai,Maharashtra,400033,IN,True
1938,Sultanpur,Uttar Pradesh,228118,IN,True
1939,Surat,Gujarat,394107,IN,True
1940,Curtorim,Goa,403709,IN,True
1941,Guwahati,Assam,781021,IN,True
1942,P.O.Chirakkal,Kerala,670011,IN,True
1943,Mumbai,Maharashtra,400033,IN,True
1944,Ghazipur,Uttar Pradesh,232325,IN,True
1945,Rajam,Andhra Pradesh,532127,IN,True
1946,Ambikapur,Chhattisgarh,497001,IN,True
1947,Jhansi,Uttar Pradesh,284001,IN,True
1948,Sant Kabirnagar.,Uttar Pradesh,272125,IN,True
1949,Tiruchirappalli,Tamil Nadu,620004,IN,True
1950,Saharsa,Bihar,852107,IN,True
1951,Bangalore,Karnataka,560032,IN,True
1952,Bahjoi,Uttar Pradesh,244410,IN,True
1953,Kolkata,West Bengal,700071,IN,True
1954,P.N.Patti,Tamil Nadu,636402,IN,True
1955,Guwahati,Assam,781005,IN,True
1956,Kozhikode,Kerala,673010,IN,True
1957,Chennai,Tamil Nadu,600064,IN,True
1958,Chandrapur,Maharashtra,442401,IN,True
1959,Dombivli-East,Maharashtra,421204,IN,True
1960,Kanpur,Uttar Pradesh,208012,IN,True
1961,Thiruvananthapuram,Kerala,695035,IN,True
1962,Rajgarh Dhar District,Madhya Pradesh,454116,IN,True
1963,Kolkata,West Bengal,700104,IN,True
1964,Bally,West Bengal,711201,IN,True
1965,Lucknow,Uttar Pradesh,226202,IN,True
1966,Mandi,Himachal Pradesh,175012,IN,True
1967,Kolkata,West Bengal,700027,IN,True
1968,Kanjikode Industrial Area,Kerala,678622,IN,True
1969,Chennai,Tamil Nadu,600053,IN,True
1970,Nakrekal,Telangana,508211,IN,True
1971,Sagar,Karnataka,577401,IN,True
1972,Kandivali (W),Maharashtra,400067,IN,True
1973,Mumbai 400023,Maharashtra,400023,IN,True
1974,New Delhihbjo,Delhi,110019,IN,True
1975,Bahadurgarh,Haryana,124507,IN,True
1976,Bengaluru,Karnataka,560034,IN,True
1977,Kochi,Kerala,682011,IN,True
1978,Mandi Dabwali,Haryana,125104,IN,True
1979,Chennai,Tamil Nadu,600066,IN,True
1980,Peddapuram,Andhra Pradesh,533437,IN,True
1981,Nadim Tiruvuru,Andhra Pradesh,521235,IN,True
1982,Anantapur,Andhra Pradesh,515005,IN,True
1983,Chittoor,Andhra Pradesh,517102,IN,True
1984,Panaji,Goa,403002,IN,True
1985,Azamgarh,Uttar Pradesh,276001,IN,True
1986,Bhilai,Chhattisgarh,490023,IN,True
1987,Kondhwa Khurd 48 .Pune  411048,Maharashtra,411048,IN,True
1988,Fci Township,Odisha,759116,IN,True
1989,Rajpura,Punjab,140401,IN,True
1990,Vasco Da Gama,Goa,403726,IN,True
1991,Davanagere,Karnataka,577005,IN,True
1992,Vijapura,Karnataka,586101,IN,True
1993,Thoubal,Manipur,795138,IN,True
1994,Bidar,Karnataka,585402,IN,True
1995,Jammu,Jammu and Kashmir,180004,IN,True
1996,Allahabad,Uttar Pradesh,211006,IN,True
1997,Visakhapatnam,Andhra Pradesh,530001,IN,True
1998,Azamgarh,Uttar Pradesh,226001,IN,True
1999,"Post Office-Harrawala, Dehradun",Uttarakhand,248160,IN,True
2000,Okkal,Kerala,683550,IN,True
2001,Pipiganj,Uttar Pradesh,273165,IN,True
2002,Sirsi,Karnataka,581403,IN,True
2003,Rourkela,Odisha,769008,IN,True
2004,Karad,Maharashtra,415539,IN,True
2005,Rajouri Garden,Delhi,110027,IN,True
2006,Chennai,Tamil Nadu,603210,IN,True
2007,Patna,Bihar,801505,IN,True
2008,Coimbatore,Tamil Nadu,641022,IN,True
2009,Mumbai-400064,Maharashtra,400064,IN,True
2010,Hyderabad,Telangana,500082,IN,True
2011,Mumbai,Maharashtra,400061,IN,True
2012,Surat,Gujarat,395006,IN,True
2013,Bhopal,Madhya Pradesh,462041,IN,True
2014,Nambiyur,Tamil Nadu,638458,IN,True
2015,Jamnagar,Gujarat,361010,IN,True
2016,Ambala Cantt,Haryana,133001,IN,True
2017,Pratapgarh,Uttar Pradesh,230402,IN,True
2018,Mumbai,Maharashtra,400011,IN,True
2019,Tarikere,Karnataka,577228,IN,True
2020,Cuddalore,Tamil Nadu,608002,IN,True
2021,Trivandrum,Kerala,695002,IN,True
2022,T Kallupatti,Tamil Nadu,625702,IN,True
2023,Hansi,Haryana,125033,IN,True
2024,Raipur,Chhattisgarh,492013,IN,True
2025,Chennai,Tamil Nadu,600072,IN,True
2026,Bangalore,Karnataka,560098,IN,True
2027,Kochi,Kerala,682013,IN,True
2028,Chicalim,Goa,403710,IN,True
2029,Dhrangadhra,Gujarat,363310,IN,True
2030,Bengaluru,Karnataka,560081,IN,True
2031,Bhubaneswar,Odisha,752100,IN,True
2032,Kanke,Jharkhand,834006,IN,True
2033,Singarayakonda,Andhra Pradesh,523101,IN,True
2034,Attilli,Andhra Pradesh,534134,IN,True
2035,Selaqui,Uttarakhand,248011,IN,True
2036,Bhubaneswar,Odisha,751016,IN,True
2037,Rajkot,Gujarat,360005,IN,True
2038,Pune,Maharashtra,411021,IN,True
2039,Nellore,Andhra Pradesh,524366,IN,True
2040,Kunnamkulam,Kerala,680503,IN,True
2041,Jalandhar Cant,Punjab,144005,IN,True
2042,Punalur,Kerala,691305,IN,True
2043,Nashik,Maharashtra,422207,IN,True
2044,Thane,Maharashtra,400706,IN,True
2045,Malavalli,Karnataka,571430,IN,True
2046,Jaleswar,Odisha,756032,IN,True
2047,Kolkata,West Bengal,700108,IN,True
2048,Nadia,West Bengal,741313,IN,True
2049,Meenachil,Kerala,686585,IN,True
2050,Vyara,Gujarat,394650,IN,True
2051,Palacole,Andhra Pradesh,534260,IN,True
2052,Barrackpore,West Bengal,700123,IN,True
2053,Vijaypur Koulpur,Jammu and Kashmir,184120,IN,True
2054,Bankura,West Bengal,722202,IN,True
2055,Ganguvarpatti,Tamil Nadu,625203,IN,True
2056,Shoranur,Kerala,679121,IN,True
2057,Pottore,Kerala,680581,IN,True
2058,North Goa,Goa,403006,IN,True
2059,Bargarh,Odisha,768028,IN,True
2060,Pimpri Chinchwad,Maharashtra,411034,IN,True
2061,New Delhi,Delhi,110010,IN,True
2062,New Delhi,Delhi,110005,IN,True
2063,Mysuru,Karnataka,570009,IN,True
2064,Kunnathunad,Kerala,683565,IN,True
2065,Kolkata,West Bengal,700091,IN,True
2066,Thiruverkadu,Tamil Nadu,600077,IN,True
2067,Sirsi,Karnataka,581401,IN,True
2068,Chennai,Tamil Nadu,600029,IN,True
2069,Mumbai,Maharashtra,400043,IN,True
2070,Unnao,Uttar Pradesh,209801,IN,True
2071,Amravati,Maharashtra,444601,IN,True
2072,Nagpur,Maharashtra,440023,IN,True
2073,Mumbai,Maharashtra,400005,IN,True
2074,Kanpur,Uttar Pradesh,208025,IN,True
2075,Munger,Bihar,811201,IN,True
2076,Erode,Tamil Nadu,638505,IN,True
2077,Surat,Gujarat,395013,IN,True
2078,Anand,Gujarat,388355,IN,True
2079,Adilabad,Telangana,504001,IN,True
2080,Thiruvananthapuram,Kerala,695025,IN,True
2081,Dombivli,Maharashtra,421204,IN,True
2082,Gandhinagar,Gujarat,382424,IN,True
2083,Coimbatore,Tamil Nadu,641011,IN,True
2084,Loni,Maharashtra,413736,IN,True
2085,Mandi,Himachal Pradesh,175025,IN,True
2086,"Curtorim,South Goa",Goa,403709,IN,True
2087,Hyderabad,Telangana,500002,IN,True
2088,Varanasi,Uttar Pradesh,221001,IN,True
2089,Kolkata,West Bengal,700065,IN,True
2090,"Kalyan - West, Thane",Maharashtra,421301,IN,True
2091,Puducherry,Puducherry,605003,IN,True
2092,Hirekerur,Karnataka,581111,IN,True
2093,Hargaon,Uttar Pradesh,261121,IN,True
2094,Lakhimpur,Uttar Pradesh,262701,IN,True
2095,Indore,Madhya Pradesh,453555,IN,True
2096,Siolim,Goa,403517,IN,True
2097,Hyderabad,Telangana,500014,IN,True
2098,Cochin,Kerala,682037,IN,True
2099,Jowai,Meghalaya,793150,IN,True
2100,Kandaghat,Himachal Pradesh,173234,IN,True
2101,Bengaluru,Karnataka,560013,IN,True
2102,Prantij,Gujarat,383205,IN,True
2103,Surat,Gujarat,394518,IN,True
2104,Jaipur,Rajasthan,302015,IN,True
2105,Thrissur,Kerala,680651,IN,True
2106,Ballabgarh,Haryana,121004,IN,True
2107,Nandivaram Guduvancheri,Tamil Nadu,603202,IN,True
2108,Ramtek,Maharashtra,441106,IN,True
2109,Tenkasi,Tamil Nadu,627814,IN,True
2110,Sitapur,Uttar Pradesh,261001,IN,True
2111,Phagwara,Punjab,144401,IN,True
2112,Shillong,Meghalaya,793001,IN,True
2113,Virar,Maharashtra,401305,IN,True
2114,Salem,Tamil Nadu,636308,IN,True
2115,Asansol,West Bengal,713304,IN,True
2116,Dharmavaram,Andhra Pradesh,515671,IN,True
2117,Kariyangala,Karnataka,574219,IN,True
2118,Chennai,Tamil Nadu,600037,IN,True
2119,Chennai,Tamil Nadu,600021,IN,True
2120,Hyderabad,Telangana,500095,IN,True
2121,Vellore,Tamil Nadu,632007,IN,True
2122,Pune,Maharashtra,411011,IN,True
2123,Visakhapatnam,Andhra Pradesh,530020,IN,True
2124,East Vipparru,Andhra Pradesh,534328,IN,True
2125,Pune,Maharashtra,412115,IN,True
2126,Kalyan,Maharashtra,421202,IN,True
2127,Barhani Bazar,Uttar Pradesh,272201,IN,True
2128,Chevvoor,Kerala,680563,IN,True
2129,Chennai,Tamil Nadu,600007,IN,True
2130,Udgir,Maharashtra,413517,IN,True
2131,Bhadrak,Odisha,756115,IN,True
2132,Etawah,Uttar Pradesh,206001,IN,True
2133,Nawada,Bihar,805110,IN,True
2134,Mumbai,Maharashtra,400003,IN,True
2135,Raymond Chhindwara,Madhya Pradesh,480108,IN,True
2136,Nashik,Maharashtra,422010,IN,True
2137,Behrampur,Punjab,143532,IN,True
2138,Tanakpur,Uttarakhand,262309,IN,True
2139,New Delhi,Delhi,110087,IN,True
2140,Cuttack,Odisha,753007,IN,True
2141,Kannur,Kerala,670003,IN,True
2142,Jaipur,Rajasthan,302013,IN,True
2143,Karaikkudi,Tamil Nadu,630006,IN,True
2144,Rourkela,Odisha,769004,IN,True
2145,Ahmedabad,Gujarat,380006,IN,True
2146,Bharuch,Gujarat,392001,IN,True
2147,Erode,Tamil Nadu,638009,IN,True
2148,Verna,Goa,403722,IN,True
2149,Beypore,Kerala,673028,IN,True
2150,Coimbatore,Tamil Nadu,641015,IN,True
2151,Kollam,Kerala,691534,IN,True
2152,Salem,Tamil Nadu,636004,IN,True
2153,"Nuvem.   ( Do Not Ring The Door Bell, Call B4 Comg",Goa,403604,IN,True
2154,Chakradharpur,Jharkhand,833102,IN,True
2155,Ujjain,Madhya Pradesh,456001,IN,True
2156,Pathankot,Punjab,145001,IN,True
2157,Daryapur Banosa,Maharashtra,444803,IN,True
2158,Nandyal,Andhra Pradesh,518501,IN,True
2159,Manwath,Maharashtra,431505,IN,True
2160,Palwal,Haryana,121102,IN,True
2161,Shamlaji,Gujarat,385535,IN,True
2162,Nandurbar,Maharashtra,425412,IN,True
2163,Alwar,Rajasthan,301001,IN,True
2164,Buttayagudem,Andhra Pradesh,534448,IN,True
2165,Oachira,Kerala,690525,IN,True
2166,Palakkad,Kerala,680585,IN,True
2167,Rampur,Uttar Pradesh,244901,IN,True
2168,New Delhi,Delhi,110026,IN,True
2169,Bicholim,Goa,403504,IN,True
2170,Jajapur,Odisha,755001,IN,True
2171,Bawal,Haryana,123401,IN,True
2172,Chennai,Tamil Nadu,600034,IN,True
2173,Bengaluru,Karnataka,560109,IN,True
2174,Koyra,West Bengal,743294,IN,True
2175,Thalassery,Kerala,670101,IN,True
2176,Koothattukulam,Kerala,686662,IN,True
2177,Reis Magos,Goa,403114,IN,True
2178,Guwahati,Assam,781034,IN,True
2179,Hosapete,Karnataka,583201,IN,True
2180,Pune,Maharashtra,411009,IN,True
2181,Bhubaneswar,Odisha,751019,IN,True
2182,Mumbai,Maharashtra,400079,IN,True
2183,Satna,Madhya Pradesh,485005,IN,True
2184,Kompally,Telangana,501401,IN,True
2185,Bangalore,Karnataka,560093,IN,True
2186,New Delhi,Delhi,110048,IN,True
2187,Pandakasala Chirayinkizh,Kerala,695304,IN,True
2188,Ayyampettai Thanjavur District,Tamil Nadu,614201,IN,True
2189,Visakhapatnam,Andhra Pradesh,530040,IN,True
2190,Banki Mongra,Chhattisgarh,495447,IN,True
2191,Secunderabad,Telangana,500056,IN,True
2192,Jodhpur,Rajasthan,342008,IN,True
2193,Jaipur,Rajasthan,302026,IN,True
2194,Tenkasi,Tamil Nadu,627811,IN,True
2195,New Raipur,Chhattisgarh,492101,IN,True
2196,Sanguem,Goa,403410,IN,True
2197,"Andheri East, Mumbai",Maharashtra,400069,IN,True
2198,Kolkata,West Bengal,700107,IN,True
2199,Bhadravati,Karnataka,577301,IN,True
2200,Anantpur,Maharashtra,423702,IN,True
2201,Kanjirappally,Kerala,686506,IN,True
2202,Kunnamkulam,Kerala,680544,IN,True
2203,Cherthala,Kerala,688539,IN,True
2204,Kakkabe,Karnataka,571212,IN,True
2205,Nadiad,Gujarat,387002,IN,True
2206,Cochin,Kerala,682306,IN,True
2207,Mumbai,Maharashtra,400099,IN,True
2208,Eluru,Andhra Pradesh,534007,IN,True
2209,Mumbai 400057,Maharashtra,400057,IN,True
2210,Aizawl,Mizoram,796012,IN,True
2211,Kota,Rajasthan,324001,IN,True
2212,Pali,Chhattisgarh,495449,IN,True
2213,Kolkata,West Bengal,700153,IN,True
2214,Kalyani,West Bengal,741235,IN,True
2215,Bangalore,Karnataka,560073,IN,True
2216,Thrissur,Kerala,680001,IN,True
2217,Gaurela,Chhattisgarh,495117,IN,True
2218,Nahan,Himachal Pradesh,173001,IN,True
2219,Karkal,Karnataka,576112,IN,True
2220,Rampur,Madhya Pradesh,486775,IN,True
2221,Rajarhat,West Bengal,700136,IN,True
2222,Panvel,Maharashtra,410206,IN,True
2223,Chiplun,Maharashtra,415605,IN,True
2224,Vasai Virar,Maharashtra,401203,IN,True
2225,Padra,Gujarat,391445,IN,True
2226,Lonavla,Maharashtra,989898,IN,True
2227,Hubballi,Karnataka,580031,IN,True
2228,Thiruvananthapuram,Kerala,695014,IN,True
2229,New Delhi,Delhi,110057,IN,True
2230,Delhi,Delhi,110034,IN,True
2231,Kottayam,Kerala,686018,IN,True
2232,Pimpri Chinchwad,Maharashtra,411061,IN,True
2233,Palampur,Himachal Pradesh,176061,IN,True
2234,Malappuram,Kerala,673641,IN,True
2235,Chennai,Tamil Nadu,600014,IN,True
2236,Chennai,Tamil Nadu,600020,IN,True
2237,Thiruvananthapuram,Kerala,695012,IN,True
2238,Kovilpatti,Tamil Nadu,628501,IN,True
2239,Kolkata,West Bengal,700031,IN,True
2240,Mangaluru,Karnataka,575019,IN,True
2241,Dhemaji,Assam,787057,IN,True
2242,Town Mapusa,Goa,403507,IN,True
2243,Banglore,Karnataka,560072,IN,True
2244,Ramnagar,Uttarakhand,244715,IN,True
2245,Laharpur,Uttar Pradesh,261135,IN,True
2246,Jaipur,Rajasthan,302034,IN,True
2247,Sitamarhi,Bihar,843328,IN,True
2248,Visakhapatnam,Andhra Pradesh,530046,IN,True
2249,Cortalim,Goa,403710,IN,True
2250,Thrissur,Kerala,680588,IN,True
2251,Ettaiyapuram,Tamil Nadu,628902,IN,True
2252,Kolkata,West Bengal,700009,IN,True
2253,Pune,Maharashtra,412308,IN,True
2254,Kadapa,Andhra Pradesh,516003,IN,True
2255,Visakhapatnam,Andhra Pradesh,530049,IN,True
2256,Motebennur,Karnataka,581106,IN,True
2257,Vijayawada,Andhra Pradesh,521137,IN,True
2258,North Guwahati,Assam,781030,IN,True
2259,Bokaro Steel City,Jharkhand,827009,IN,True
2260,Vakadu(M),Andhra Pradesh,524415,IN,True
2261,Imphal,Manipur,795002,IN,True
2262,Faridabad,Haryana,121012,IN,True
2263,Gautam Buddh Nagar,Uttar Pradesh,201306,IN,True
2264,Neem Ka Thana,Rajasthan,332713,IN,True
2265,Nashik,Maharashtra,422008,IN,True
2266,Davanagere,Karnataka,577001,IN,True
2267,Puzhathi,Kerala,670005,IN,True
2268,Pathanamthitta,Kerala,689613,IN,True
2269,Abu Road,Rajasthan,307026,IN,True
2270,North Goa,Goa,403001,IN,True
2271,Ayodhya,Uttar Pradesh,224123,IN,True
2272,Gonda,Uttar Pradesh,271303,IN,True
2273,Pudukkottai,Tamil Nadu,622003,IN,True
2274,Chennai,Tamil Nadu,600130,IN,True
2275,Kunnathur,Tamil Nadu,638103,IN,True
2276,Dehradun,Uttarakhand,248007,IN,True
2277,Raigarh,Chhattisgarh,496001,IN,True
2278,"Poyenge, Panvel, New Mumbai",Maharashtra,410221,IN,True
2279,Una,Gujarat,362560,IN,True
2280,Jaipur,Rajasthan,302027,IN,True
2281,Nizamabad,Telangana,503202,IN,True
2282,Meenangadi,Kerala,673591,IN,True
2283,Srinagar,Jammu and Kashmir,190020,IN,True
2284,Madhubani,Bihar,847223,IN,True
2285,Okha,Gujarat,361350,IN,True
2286,Salem,Tamil Nadu,636030,IN,True
2287,Kachchh,Gujarat,370421,IN,True
2288,Hubballi,Karnataka,580032,IN,True
2289,Opposite To Sri Mookambika Temple Kollur,Karnataka,576220,IN,True
2290,Jaipur,Rajasthan,302002,IN,True
2291,Amravati,Maharashtra,444603,IN,True
2292,Lucknow,Uttar Pradesh,226303,IN,True
2293,Vasco Da Gama,Goa,403803,IN,True
2294,Eranholi,Kerala,670649,IN,True
2295,Chirgaon,Uttar Pradesh,284301,IN,True
2296,Ghaziabad,Uttar Pradesh,201201,IN,True
2297,Bhubaneswar,Odisha,751030,IN,True
2298,Udaipur,Rajasthan,313011,IN,True
2299,Panaji,Goa,403001,IN,True
2300,"Thirunagar, Madurai",Tamil Nadu,625006,IN,True
2301,Sri Madhopur,Rajasthan,332715,IN,True
2302,Erode,Tamil Nadu,638002,IN,True
2303,Bhadreswar,West Bengal,712124,IN,True
2304,Pune-412207,Maharashtra,412207,IN,True
2305,Delhi,Delhi,110085,IN,True
2306,Ranchi,Jharkhand,834010,IN,True
2307,Kolkata,West Bengal,700154,IN,True
2308,New Delhi,Delhi,110094,IN,True
2309,Bhopal,Madhya Pradesh,462042,IN,True
2310,Riico Industrial Area Khushkhera,Rajasthan,301707,IN,True
2311,Chodavaram,Andhra Pradesh,531036,IN,True
2312,Tinsukia,Assam,786125,IN,True
2313,Nagpur,Maharashtra,441404,IN,True
2314,Liluah,West Bengal,711204,IN,True
2315,Agra,Uttar Pradesh,282005,IN,True
2316,"Vinobanagar,Shimoga",Karnataka,577204,IN,True
2317,Ludhiana,Punjab,142022,IN,True
2318,Mudigere,Karnataka,577113,IN,True
2319,Karimnagar,Telangana,505451,IN,True
2320,Uttarpara Kotrung,West Bengal,712232,IN,True
2321,Jalgaon,Maharashtra,425002,IN,True
2322,Ashiana Nagar Patna,Bihar,800025,IN,True
2323,Udaipur,Rajasthan,313002,IN,True
2324,Chittoor,Andhra Pradesh,517390,IN,True
2325,Visakhapatnam,Andhra Pradesh,530012,IN,True
2326,Marigaon,Assam,782105,IN,True
2327,Canacona,Goa,403702,IN,True
2328,Sonbhadra,Uttar Pradesh,231219,IN,True
2329,Gonda,Uttar Pradesh,271319,IN,True
2330,Pochampalli,Tamil Nadu,635206,IN,True
2331,Pallichal,Kerala,695528,IN,True
2332,Pimpri Chinchwad,Maharashtra,412105,IN,True
2333,Munirabad Project Area,Karnataka,583233,IN,True
2334,Kathaura,Uttar Pradesh,229801,IN,True
2335,Bengaluru,Karnataka,560051,IN,True
2336,Thiruvarur,Tamil Nadu,610002,IN,True
2337,Ganjam,Odisha,761121,IN,True
2338,Mannuthy,Kerala,680651,IN,True
2339,Thalassery,Kerala,670741,IN,True
2340,Puducherry,Puducherry,605006,IN,True
2341,Jodhpur,Rajasthan,342004,IN,True
2342,Sawantwadi,Maharashtra,416510,IN,True
2343,Haldaur District Bijnor,Uttar Pradesh,246726,IN,True
2344,Virajpete,Karnataka,571250,IN,True
2345,Bhogapuram,Andhra Pradesh,535216,IN,True
2346,Hosur,Tamil Nadu,635126,IN,True
2347,Kozhikode,Kerala,673305,IN,True
2348,Madanapalli Chittoor,Andhra Pradesh,517319,IN,True
2349,Limkheda,Gujarat,389130,IN,True
2350,Mihijam,Jharkhand,815354,IN,True
2351,Hyderabad,Telangana,500040,IN,True
2352,Shrirampur,Maharashtra,413709,IN,True
2353,Chennai,Tamil Nadu,600122,IN,True
2354,Mumbai,Maharashtra,400009,IN,True
2355,Ahmedabad,Gujarat,380009,IN,True
2356,Greater Noida West,Uttar Pradesh,201318,IN,True
2357,Hyderabad,Telangana,500057,IN,True
2358,Ghaziabad,Uttar Pradesh,201302,IN,True
2359,Bobbili,Andhra Pradesh,535558,IN,True
2360,Shillong,Meghalaya,793006,IN,True
2361,Vallam Thanjavur District,Tamil Nadu,613403,IN,True
2362,Tonk,Rajasthan,305801,IN,True
2363,Visakhapatnam,Andhra Pradesh,530009,IN,True
2364,Vasai Virar,Maharashtra,401201,IN,True
2365,Koch Bihar,West Bengal,736101,IN,True
2366,Amarpur,Bihar,813101,IN,True
2367,Pomburpa,Goa,403523,IN,True
2368,Kumta,Karnataka,581330,IN,True
2369,"Kalyan, Thane",Maharashtra,421204,IN,True
2370,Kolkata,West Bengal,700026,IN,True
2371,Taliparamba,Kerala,670143,IN,True
2372,Pune,Maharashtra,411004,IN,True
2373,Aizawl,Mizoram,796001,IN,True
2374,Umaria Bandhawagarh,Madhya Pradesh,484661,IN,True
2375,Chennai,Tamil Nadu,600079,IN,True
2376,Palakkad,Kerala,679503,IN,True
2377,Pune,Maharashtra,412201,IN,True
2378,Thanjavur,Tamil Nadu,613001,IN,True
2379,Sangli Miraj Kupwad,Maharashtra,416416,IN,True
2380,Sareni,Uttar Pradesh,229212,IN,True
2381,Bengaluru,Karnataka,562123,IN,True
2382,Muthialpet,Puducherry,605003,IN,True
2383,"Vrindavan, Mathura",Uttar Pradesh,281121,IN,True
2384,Cuttack,Odisha,753010,IN,True
2385,New Delhi,Delhi,110056,IN,True
2386,"Tehsil - Sikandrabad, District - Bulandshahr",Uttar Pradesh,203202,IN,True
2387,Kharagpur,West Bengal,721301,IN,True
2388,Nohar,Rajasthan,335523,IN,True
2389,Managuru,Telangana,507125,IN,True
2390,Nagercoil,Tamil Nadu,629003,IN,True
2391,Howrah,West Bengal,711109,IN,True
2392,Pathanamthitta,Kerala,689548,IN,True
2393,Singaperumalkoil,Tamil Nadu,603204,IN,True
2394,Virajpete,Karnataka,571247,IN,True
2395,Rawatbhata,Rajasthan,323307,IN,True
2396,Ernakulam,Kerala,683541,IN,True
2397,Chitapur,Karnataka,585211,IN,True
2398,Jaipur,Rajasthan,302033,IN,True
2399,Hyderabad,Telangana,500065,IN,True
2400,"Marathahalli,Bengalore.",Karnataka,560037,IN,True
2401,Kondotty,Kerala,673647,IN,True
2402,Tiruvallur,Tamil Nadu,600068,IN,True
2403,Kanchipuram,Tamil Nadu,631501,IN,True
2404,Dombivli,Maharashtra,421201,IN,True
2405,Chennai,Tamil Nadu,600087,IN,True
2406,Guntur District,Andhra Pradesh,522409,IN,True
2407,Bareilly,Uttar Pradesh,243006,IN,True
2408,Rewari,Haryana,123106,IN,True
2409,Tamluk,West Bengal,721649,IN,True
2410,"Mogra Badshahpur, Jaunpur",Uttar Pradesh,222202,IN,True
2411,Alamuru,Andhra Pradesh,533233,IN,True
2412,Patna,Bihar,800006,IN,True
2413,Mohali,Punjab,140307,IN,True
2414,Mangaon,Maharashtra,402117,IN,True
2415,Orlim,Goa,403724,IN,True
2416,Pune,Maharashtra,411003,IN,True
2417,Di-Tapi,Gujarat,394641,IN,True
2418,Puducherry,Puducherry,605004,IN,True
2419,Marcela,Goa,403107,IN,True
2420,Ahmedabad,Gujarat,382345,IN,True
2421,Edappal,Kerala,679576,IN,True
2422,Vedaranyam,Tamil Nadu,614810,IN,True
2423,Shirthady,Karnataka,574236,IN,True
2424,Enkakkad,Kerala,680589,IN,True
2425,Bengaluru,Karnataka,560006,IN,True
2426,Pune,Maharashtra,411002,IN,True
2427,Goregaon Mumbai,Maharashtra,400062,IN,True
2428,Thodupuzha,Kerala,685585,IN,True
2429,Howrah,West Bengal,711108,IN,True
2430,Puttur,Andhra Pradesh,517583,IN,True
2431,Palakkad,Kerala,678001,IN,True
2432,Qutubullapur,Telangana,500055,IN,True
2433,Thanjavur,Tamil Nadu,613007,IN,True
2434,Lonavala,Maharashtra,410401,IN,True
2435,Gorakhpur,Uttar Pradesh,273015,IN,True
2436,Sunabeda,Odisha,763002,IN,True
2437,Madurai,Tamil Nadu,625003,IN,True
2438,Dombvli West,Maharashtra,421202,IN,True
2439,Rosera,Bihar,848210,IN,True
2440,Sircilla,Telangana,505301,IN,True
2441,Oachira,Kerala,690526,IN,True
2442,Chhindwara,Madhya Pradesh,480001,IN,True
2443,Pandhurna,Madhya Pradesh,480334,IN,True
2444,Alandi Pune,Maharashtra,412105,IN,True
2445,Thiruvananthapuram,Kerala,695026,IN,True
2446,Vaniyambadi,Tamil Nadu,635751,IN,True
2447,Boisar,Maharashtra,401504,IN,True
2448,Kurnool,Andhra Pradesh,518002,IN,True
2449,Coimbatore,Tamil Nadu,641008,IN,True
2450,Mohali,Punjab,160064,IN,True
2451,Jharsuguda,Odisha,768201,IN,True
2452,Puducherry,Puducherry,605007,IN,True
2453,Amritsar,Punjab,143105,IN,True
2454,Bhopal,Madhya Pradesh,462043,IN,True
2455,Vasco Da Gama,Goa,403711,IN,True
2456,Kolkata,West Bengal,700099,IN,True
2457,Thenhippalam,Kerala,673635,IN,True
2458,Vedanta Jharsuguda,Odisha,768202,IN,True
2459,"Hyderabad,",Telangana,500090,IN,True
2460,Dombivali,Maharashtra,421201,IN,True
2461,Indore,Madhya Pradesh,452015,IN,True
2462,Bhopal,Madhya Pradesh,462027,IN,True
2463,Davanagere,Karnataka,577004,IN,True
2464,Chennai,Tamil Nadu,600076,IN,True
2465,Meppadi,Kerala,673577,IN,True
2466,Edacheri,Kerala,673503,IN,True
2467,Siliguri,West Bengal,734001,IN,True
2468,Kokrajhar,Assam,783370,IN,True
2469,Alamcode Vanchiyoor Thiruvananthapuram District,Kerala,695102,IN,True
2470,Panchkula,Haryana,134109,IN,True
2471,Bhadrak,Odisha,756181,IN,True
2472,Nanjangud,Karnataka,571301,IN,True
2473,North Delhi,Delhi,110084,IN,True
2474,Manipal,Karnataka,576104,IN,True
2475,Bankura,West Bengal,722101,IN,True
2476,Champdani,West Bengal,712221,IN,True
2477,New Delhi,Delhi,110014,IN,True
2478,Islamnagar,Uttar Pradesh,243723,IN,True
2479,Ballari,Karnataka,583102,IN,True
2480,Tarantaran,Punjab,143401,IN,True
2481,Nandyal,Andhra Pradesh,518502,IN,True
2482,Jalpaiguri,West Bengal,735207,IN,True
2483,Mandi,Himachal Pradesh,175001,IN,True
2484,Kalyani,West Bengal,741245,IN,True
2485,Chirawa,Rajasthan,333028,IN,True
2486,Sirsi,Karnataka,581402,IN,True
2487,Mandi,Himachal Pradesh,175027,IN,True
2488,Tindivanam,Tamil Nadu,604001,IN,True
2489,Dharwad,Karnataka,580007,IN,True
2490,Kondotty,Kerala,673638,IN,True
2491,Karkala,Karnataka,574104,IN,True
2492,Raikot,Punjab,141109,IN,True
2493,Chennai,Tamil Nadu,600005,IN,True
2494,Chennai,Tamil Nadu,600045,IN,True
2495,Howrah,West Bengal,711112,IN,True
2496,Thiruvananthapuram,Kerala,695013,IN,True
2497,Shillong,Meghalaya,793004,IN,True
2498,Sipcot Perundurai,Tamil Nadu,638051,IN,True
2499,Yelamanchili,Andhra Pradesh,531055,IN,True
2500,Gwalior,Madhya Pradesh,474004,IN,True
2501,Byasanagar,Odisha,755019,IN,True
2502,Chennai,Tamil Nadu,600101,IN,True
2503,Dharwad,Karnataka,580004,IN,True
2504,Tehri,Uttarakhand,249001,IN,True
2505,Nagpur,Maharashtra,440012,IN,True
2506,Bangalore,Karnataka,560041,IN,True
2507,Varapuzha,Kerala,683517,IN,True
2508,Srinagar,Jammu and Kashmir,191121,IN,True
2509,Hosurhosur,Tamil Nadu,635109,IN,True
2510,Katihar,Bihar,855113,IN,True
2511,Madurai,Tamil Nadu,625016,IN,True
2512,Baleshwar,Odisha,756002,IN,True
2513,Mumbai,Maharashtra,400001,IN,True
2514,Udupi,Karnataka,576227,IN,True
2515,Kurnool,Andhra Pradesh,518006,IN,True
2516,Sringeri,Karnataka,577139,IN,True
2517,"Bela, Pratapgarh",Uttar Pradesh,230001,IN,True
2518,"Andul, Howrah",West Bengal,711302,IN,True
2519,Vishrampur,Chhattisgarh,497226,IN,True
2520,Thane,Maharashtra,400709,IN,True
2521,Baripada,Odisha,757002,IN,True
2522,Mumbai,Maharashtra,400087,IN,True
2523,Katwa,West Bengal,713518,IN,True
2524,New Panvel,Maharashtra,410206,IN,True
2525,Kolhapur,Maharashtra,416005,IN,True
2526,Guntur,Andhra Pradesh,522306,IN,True
2527,Kalamassery,Kerala,683503,IN,True
2528,Ratnagiri,Maharashtra,415605,IN,True
2529,Thane,Maharashtra,401208,IN,True
2530,Mira Road East,Maharashtra,401107,IN,True
2531,Chennai,Tamil Nadu,600102,IN,True
2532,Orai,Uttar Pradesh,285001,IN,True
2533,Mumbai,Maharashtra,400052,IN,True
2534,Kurnool,Andhra Pradesh,518001,IN,True
2535,Secunderabad,Telangana,500020,IN,True
2536,Alwarkurichi,Tamil Nadu,627412,IN,True
2537,Kapurthala,Punjab,144602,IN,True
2538,Indore,Madhya Pradesh,452006,IN,True
2539,Chirakkal,Kerala,670010,IN,True
2540,Pandamangalam,Tamil Nadu,637208,IN,True
2541,Thrissur,Kerala,680623,IN,True
2542,Naidupet-Nellore District,Andhra Pradesh,524126,IN,True
2543,Pune,Maharashtra,411043,IN,True
2544,Harnaut,Bihar,803110,IN,True
2545,Thiruvananthapuram,Kerala,695568,IN,True
2546,Ilayangudi,Tamil Nadu,630702,IN,True
2547,Madhurawada,Andhra Pradesh,530041,IN,True
2548,Pal Chaurai,Madhya Pradesh,480449,IN,True
2549,Kolkata,West Bengal,700106,IN,True
2550,Chalakudy,Kerala,680684,IN,True
2551,Guntur,Andhra Pradesh,522001,IN,True
2552,Perinthalmanna,Kerala,679322,IN,True
2553,Bangalore,Karnataka,560102,IN,True
2554,Gudur,Andhra Pradesh,524101,IN,True
2555,Pune,Maharashtra,411031,IN,True
2556,Ambala,Haryana,133001,IN,True
2557,Chilakaluripet,Andhra Pradesh,522616,IN,True
2558,Chennai,Tamil Nadu,600042,IN,True
2559,Vadodara 390019,Gujarat,390019,IN,True
2560,Lucknow,Uttar Pradesh,226014,IN,True
2561,Porvorim,Goa,403521,IN,True
2562,Annur,Tamil Nadu,641653,IN,True
2563,Nagod,Madhya Pradesh,485446,IN,True
2564,Mancherial,Telangana,504208,IN,True
2565,Amravati,Maharashtra,444606,IN,True
2566,Purnia,Bihar,854302,IN,True
2567,Khargupur,Uttar Pradesh,271204,IN,True
2568,Ahmedabad,Gujarat,380004,IN,True
2569,Ozar,Maharashtra,422207,IN,True
2570,Ludhiana,Punjab,141007,IN,True
2571,Arambol,Goa,403524,IN,True
2572,New Mumbai,Maharashtra,400708,IN,True
2573,Cuttackcuttack,Odisha,753014,IN,True
2574,Dahi,Madhya Pradesh,454365,IN,True
2575,Ernakulam,Kerala,682019,IN,True
2576,Sawantwadi,Maharashtra,416529,IN,True
2577,"Kidderpore, Kolkata,",West Bengal,700023,IN,True
2578,Ara,Jharkhand,829134,IN,True
2579,Siddhaur,Uttar Pradesh,225413,IN,True
2580,Cuttack,Odisha,753004,IN,True
2581,Nallasopara,Maharashtra,401209,IN,True
2582,Zirakpur,Punjab,160104,IN,True
2583,Bengaluru-97,Karnataka,560097,IN,True
2584,Satara,Maharashtra,415003,IN,True
2585,Kannamangalam Alappuzha District,Kerala,690508,IN,True
2586,Mumbai,Maharashtra,400014,IN,True
2587,Vellore,Tamil Nadu,632001,IN,True
2588,Pune,Maharashtra,411013,IN,True
2589,Shimla,Himachal Pradesh,171010,IN,True
2590,Taleigao,Goa,403002,IN,True
2591,Kulgam,Jammu and Kashmir,192231,IN,True
2592,Rourkela,Odisha,770032,IN,True
2593,Tiruchirappalli,Tamil Nadu,620021,IN,True
2594,Thiruvarambu,Tamil Nadu,629161,IN,True
2595,Srinagar Garhwal,Uttarakhand,246174,IN,True
2596,Kannur,Kerala,670002,IN,True
2597,Nashik,Maharashtra,422005,IN,True
2598,Balangir,Odisha,767001,IN,True
2599,Thrissur,Kerala,680021,IN,True
2600,Kolkata,West Bengal,700020,IN,True
2601,Laundi,Madhya Pradesh,471515,IN,True
2602,Samayapuram,Tamil Nadu,621105,IN,True
2603,Darbhanga,Bihar,846005,IN,True
2604,Laxmi Nagar New Delhi,Delhi,110092,IN,True
2605,Chhatarpur,Madhya Pradesh,471001,IN,True
2606,Coimbatore,Tamil Nadu,641114,IN,True
2607,Bhilai  490020,Chhattisgarh,490020,IN,True
2608,Nagaon,Assam,782002,IN,True
2609,Bengaluru,Karnataka,560054,IN,True
2610,Chandigarh,Chandigarh,160047,IN,True
2611,Vadakkanandal,Tamil Nadu,606207,IN,True
2612,New Delhi,Delhi,110044,IN,True
2613,Deoghar,Jharkhand,814113,IN,True
2614,Bengaluru,Karnataka,560005,IN,True
2615,Puranpur,Uttar Pradesh,262122,IN,True
2616,Sevagram,Maharashtra,442102,IN,True
2617,Krishnagiri,Tamil Nadu,635001,IN,True
2618,Kavali Industrial Area,Andhra Pradesh,524203,IN,True
2619,Mala,Kerala,680732,IN,True
2620,Guwahati,Assam,781001,IN,True
2621,Ichalkaranji,Maharashtra,416115,IN,True
2622,Bopodi Pune,Maharashtra,411020,IN,True
2623,Ballari,Karnataka,583101,IN,True
2624,Gadag Betigeri,Karnataka,582101,IN,True
2625,Mumbai,Maharashtra,400094,IN,True
2626,Perumbavoor,Kerala,683546,IN,True
2627,Arani,Tamil Nadu,632301,IN,True
2628,Bhimavaram,Andhra Pradesh,534201,IN,True
2629,Chennai,Tamil Nadu,600061,IN,True
2630,Kolkata,West Bengal,700036,IN,True
2631,Karjat Raigarh District,Maharashtra,410201,IN,True
2632,Pune,Maharashtra,411062,IN,True
2633,Kalpetta,Kerala,673122,IN,True
2634,Chennai,Tamil Nadu,600049,IN,True
2635,Pune,Maharashtra,411016,IN,True
2636,Pune,Maharashtra,412307,IN,True
2637,Anand,Gujarat,388001,IN,True
2638,"Tirur, Malappuram",Kerala,676102,IN,True
2639,Nagrota Bagwan,Himachal Pradesh,176047,IN,True
2640,Puthencruz,Kerala,682308,IN,True
2641,Pune,Maharashtra,411051,IN,True
2642,"Leh, Alt No 9419844047",Ladakh,194101,IN,True
2643,Hubballi,Karnataka,580028,IN,True
2644,Karwar,Karnataka,581308,IN,True
2645,Sonipat,Haryana,131021,IN,True
2646,Rajgir,Bihar,803116,IN,True
2647,Shimla,Himachal Pradesh,171006,IN,True
2648,Howrah,West Bengal,711110,IN,True
2649,Coimbatore,Tamil Nadu,641029,IN,True
2650,Lunglei,Mizoram,796701,IN,True
2651,Contai,West Bengal,721401,IN,True
2652,Kayamkulam,Kerala,690502,IN,True
2653,New Delhi,Delhi,110043,IN,True
2654,Uttarpara Kotrung,West Bengal,712233,IN,True
2655,Mohali,Punjab,140308,IN,True
2656,Bhubaneswar,Odisha,751031,IN,True
2657,Nasirabad,Rajasthan,305601,IN,True
2658,Kozhikode,Kerala,673003,IN,True
2659,Solamadevi Tiruppur District,Tamil Nadu,642113,IN,True
2660,Koraput,Odisha,763008,IN,True
2661,Jammu,Jammu and Kashmir,180002,IN,True
2662,Coimbatore,Tamil Nadu,641018,IN,True
2663,Bangalore,Karnataka,560048,IN,True
2664,Amritsar,Punjab,143002,IN,True
2665,Barhi,Madhya Pradesh,483770,IN,True
2666,Nandurbar District,Maharashtra,425410,IN,True
2667,"At Post Unai,Ta Vansda Di Navsari",Gujarat,396590,IN,True
2668,Pappinivattom,Kerala,680685,IN,True
2669,Udupi,Karnataka,576101,IN,True
2670,Amalapuram,Andhra Pradesh,533201,IN,True
2671,Ajmer,Rajasthan,305004,IN,True
2672,"Padamugal, Kakkanad,Kochi",Kerala,682030,IN,True
2673,Meerut,Uttar Pradesh,250103,IN,True
2674,Poothakkulam,Kerala,691302,IN,True
2675,Nagireddipalle,Andhra Pradesh,516150,IN,True
2676,Ramnagar,Bihar,845103,IN,True
2677,Aldona,Goa,403508,IN,True
2678,Mumbai,Maharashtra,400083,IN,True
2679,Surat,Gujarat,395003,IN,True
2680,Alanthurai,Tamil Nadu,641114,IN,True
2681,Nilje Dombivli East,Maharashtra,421204,IN,True
2682,Chirayinkeezhu,Kerala,695304,IN,True
2683,Cuttack,Odisha,754202,IN,True
2684,Unnao,Uttar Pradesh,226401,IN,True
2685,Jalgaon,Maharashtra,425003,IN,True
2686,Saligao,Goa,403511,IN,True
2687,Krishnaraja Sagara,Karnataka,571607,IN,True
2688,Noida Sector 76,Uttar Pradesh,201306,IN,True
2689,Burari,Delhi,110084,IN,True
2690,"Bit Campus Mesra, Ranchi",Jharkhand,835215,IN,True
2691,Nipani,Karnataka,591237,IN,True
2692,Parvathipuram,Andhra Pradesh,535463,IN,True
2693,Bongaigaon,Assam,783381,IN,True
2694,Thiruvananthapuram,Kerala,695024,IN,True
2695,Amravati,Maharashtra,444605,IN,True
2696,Pendra,Chhattisgarh,495119,IN,True
2697,Delhi,Delhi,110095,IN,True
2698,Hyderabad,Telangana,500030,IN,True
2699,Siliguri,West Bengal,734010,IN,True
2700,Tura,Meghalaya,794101,IN,True
2701,Visakhapatnam,Andhra Pradesh,530018,IN,True
2702,Ayodhya Faizabad,Uttar Pradesh,224123,IN,True
2703,Chennai,Tamil Nadu,600127,IN,True
2704,Rayagada Rayagada District,Odisha,765001,IN,True
2705,"Secunderabad, Hyderabad",Telangana,500015,IN,True
2706,Jaipur,Rajasthan,302039,IN,True
2707,Nainital,Uttarakhand,263140,IN,True
2708,Erattupetta,Kerala,686581,IN,True
2709,Palakkad,Kerala,678008,IN,True
2710,Mysore District,Karnataka,571302,IN,True
2711,Dindaspur,Uttar Pradesh,221405,IN,True
2712,Perinthalmanna,Kerala,679326,IN,True
2713,Shillong,Meghalaya,793017,IN,True
2714,Awantipora,Jammu and Kashmir,192122,IN,True
2715,Vadodara,Gujarat,391310,IN,True
2716,Jallaram,Telangana,505211,IN,True
2717,Kottayam,Kerala,686504,IN,True
2718,Sohna,Haryana,122103,IN,True
2719,Tirupati (Rural),Andhra Pradesh,517502,IN,True
2720,Rishra,West Bengal,712248,IN,True
2721,Secunderabad,Telangana,500014,IN,True
2722,Alangad Via,Kerala,683511,IN,True
2723,Vipin Garden,Delhi,110059,IN,True
2724,Jamnagar,Gujarat,361005,IN,True
2725,Erode,Tamil Nadu,638001,IN,True
2726,Madurai,Tamil Nadu,625020,IN,True
2727,Faridabad,Haryana,121009,IN,True
2728,Pondicherry,Puducherry,607402,IN,True
2729,Payyanur,Kerala,670307,IN,True
2730,Ahmedabad,Gujarat,382418,IN,True
2731,Mapusa,Goa,403507,IN,True
2732,Bhatkuli,Maharashtra,444602,IN,True
2733,Durgapur,West Bengal,713203,IN,True
2734,Jagat Puri,Delhi,110093,IN,True
2735,Patna,Bihar,800010,IN,True
2736,Dandeli,Karnataka,581325,IN,True
2737,Ludhiana,Punjab,141010,IN,True
2738,Amethi,Uttar Pradesh,227409,IN,True
2739,Sikandrabad,Uttar Pradesh,203205,IN,True
2740,Binpur I,West Bengal,721504,IN,True
2741,Sohna Road,Haryana,122102,IN,True
2742,Vemulawada,Telangana,505302,IN,True
2743,Golaghat,Assam,785610,IN,True
2744,"Eravipuram,Kollam",Kerala,691011,IN,True
2745,Coimbatore,Tamil Nadu,642114,IN,True
2746,Thane,Maharashtra,400603,IN,True
2747,Mahmudabad,Uttar Pradesh,261203,IN,True
2748,Bhota,Himachal Pradesh,176041,IN,True
2749,Chennai,Tamil Nadu,600081,IN,True
2750,Eramalloor,Kerala,688537,IN,True
2751,Rairangpur,Odisha,757043,IN,True
2752,Bulandshahr,Uttar Pradesh,203411,IN,True
2753,Tinsukia,Assam,786126,IN,True
2754,Mannarkad,Kerala,678597,IN,True
2755,Silvassa,Dadra and Nagar Haveli and Daman and Diu,396230,IN,True
2756,Near Vighnaharta Ganesh Mandir,Maharashtra,400709,IN,True
2757,Kondagaon,Chhattisgarh,494226,IN,True
2758,Bhubaneswar,Odisha,751025,IN,True
2759,Hyderbad,Telangana,500078,IN,True
2760,Dewa,Uttar Pradesh,225301,IN,True
2761,Udma,Kerala,671318,IN,True
2762,New Delhi,Delhi,110077,IN,True
2763,Kodungallur,Kerala,680663,IN,True
2764,Warangal,Telangana,506003,IN,True
2765,Nandivaram Guduvancheri,Tamil Nadu,603203,IN,True
2766,Siliguri,West Bengal,734004,IN,True
2767,Kota,Rajasthan,324005,IN,True
2768,Tiruvallur,Tamil Nadu,602024,IN,True
2769,Khed,Maharashtra,415621,IN,True
2770,Kolkata,West Bengal,700002,IN,True
2771,Delhi,Delhi,110009,IN,True
2772,Malkharoda,Chhattisgarh,495691,IN,True
2773,Kalamassery,Kerala,682024,IN,True
2774,Virajpet,Karnataka,571218,IN,True
2775,Anantapur,Andhra Pradesh,515002,IN,True
2776,Pudukkottai,Tamil Nadu,622001,IN,True
2777,Lucknow,Uttar Pradesh,226030,IN,True
2778,Hyderabad,Telangana,500078,IN,True
2779,Uttar Bagdogra,West Bengal,734014,IN,True
2780,Aurangabad,Maharashtra,431136,IN,True
2781,Bengaluru,Karnataka,560071,IN,True
2782,Latur,Maharashtra,413512,IN,True
2783,Kolkata,West Bengal,700077,IN,True
2784,Dharmavaram,Andhra Pradesh,515672,IN,True
2785,Coimbatore,Tamil Nadu,641026,IN,True
2786,Kangra,Himachal Pradesh,176001,IN,True
2787,"Camurlim, Bardez",Goa,403507,IN,True
2788,Thodupuzha,Kerala,685584,IN,True
2789,Tumsar,Maharashtra,441912,IN,True
2790,Digapahandi,Odisha,761012,IN,True
2791,Talegaon Midc,Maharashtra,410507,IN,True
2792,Telhara,Maharashtra,444108,IN,True
2793,Ernakulam,Kerala,682023,IN,True
2794,Rudrapur,Uttarakhand,263153,IN,True
2795,Vaishali,Bihar,844111,IN,True
2796,Chapra,Bihar,841301,IN,True
2797,Pileru,Andhra Pradesh,517214,IN,True
2798,North Goa,Goa,403508,IN,True
2799,Bangalore,Karnataka,560060,IN,True
2800,Bhilwara,Rajasthan,311022,IN,True
2801,Lucknow,Uttar Pradesh,227202,IN,True
2802,Navi Mumbai,Maharashtra,400704,IN,True
2803,Pilibhit,Uttar Pradesh,262001,IN,True
2804,Hardwar,Uttarakhand,249404,IN,True
2805,Korba,Chhattisgarh,495450,IN,True
2806,Pinarayi,Kerala,670741,IN,True
2807,Karamsad - Anand,Gujarat,388325,IN,True
2808,Bangalore,Karnataka,560025,IN,True
2809,Nagina,Uttar Pradesh,246762,IN,True
2810,Pirangut,Maharashtra,412115,IN,True
2811,Serampore,West Bengal,712202,IN,True
2812,Mumbai,Maharashtra,400090,IN,True
2813,Kasganj,Uttar Pradesh,207123,IN,True
2814,Subdega,Odisha,770014,IN,True
2815,Krishnanagar,West Bengal,741103,IN,True
2816,Bangalore,Karnataka,560070,IN,True
2817,Arsikere,Karnataka,573103,IN,True
2818,Bhubaneswar,Odisha,751017,IN,True
2819,Pune,Maharashtra,411061,IN,True
2820,Salem,Tamil Nadu,636006,IN,True
2821,Neduva,Kerala,676303,IN,True
2822,Kalyan East,Maharashtra,421306,IN,True
2823,Bengaluru,Karnataka,562110,IN,True
2824,Kolhapur,Maharashtra,416012,IN,True
2825,Nallasopara(West),Maharashtra,401203,IN,True
2826,Maduvankarai/Chennai,Tamil Nadu,600032,IN,True
2827,Nanded Waghala,Maharashtra,431602,IN,True
2828,Jammalamadugu,Andhra Pradesh,516434,IN,True
2829,Jhalawar,Rajasthan,326001,IN,True
2830,Lalitpur,Uttar Pradesh,284403,IN,True
2831,Nedumangad,Kerala,695610,IN,True
2832,Gorakhpur,Uttar Pradesh,273412,IN,True
2833,Madurai,Tamil Nadu,625107,IN,True
2834,Samastipur,Bihar,848208,IN,True
2835,Itarsi,Madhya Pradesh,461115,IN,True
2836,Shikrapur,Maharashtra,412208,IN,True
2837,Dombivli East,Maharashtra,421201,IN,True
2838,Bengaluru,Karnataka,560025,IN,True
2839,Lonavala,Maharashtra,412106,IN,True
2840,Thoothukkudi,Tamil Nadu,628001,IN,True
2841,Gundlupet,Karnataka,571111,IN,True
2842,Pallikkunnu,Kerala,670004,IN,True
2843,Raichur,Karnataka,584104,IN,True
2844,Bengaluru,Karnataka,562157,IN,True
2845,Bhubaneswar,Odisha,752101,IN,True
2846,Vapi Valsad,Gujarat,396195,IN,True
2847,Nagaon,Assam,782003,IN,True
2848,Madhapar,Gujarat,370020,IN,True
2849,Thazhakara,Kerala,690509,IN,True
2850,Attingal,Kerala,695101,IN,True
2851,Bengaluru,Karnataka,560003,IN,True
2852,Bengaluru,Karnataka,560012,IN,True
2853,"Asansol, West Barddhaman",West Bengal,713304,IN,True
2854,"Rahara Bazar,Khardah",West Bengal,700118,IN,True
2855,Kumaragiri,Tamil Nadu,628103,IN,True
2856,Chowwara,Kerala,683580,IN,True
2857,Delhi,Delhi,110062,IN,True
2858,Pune,Maharashtra,411053,IN,True
2859,Kasaragod,Kerala,671541,IN,True
2860,Batala,Punjab,143505,IN,True
2861,Kanpur,Uttar Pradesh,208022,IN,True
2862,Kota,Rajasthan,324010,IN,True
2863,Ajnala,Punjab,143102,IN,True
2864,"Rayya, Amritsar",Punjab,143112,IN,True
2865,Patan,Chhattisgarh,491111,IN,True
2866,Mumbai,Maharashtra,400034,IN,True
2867,Atreyapuram,Andhra Pradesh,533236,IN,True
2868,Coimbatore,Tamil Nadu,641023,IN,True
2869,Ahmadabad,Gujarat,382424,IN,True
2870,Kolhapur,Maharashtra,416003,IN,True
2871,Kendujhar,Odisha,758002,IN,True
2872,Madhepura,Bihar,852113,IN,True
2873,Jhakhri,Himachal Pradesh,172201,IN,True
2874,Dhampur,Uttar Pradesh,246761,IN,True
2875,Kodinar,Gujarat,362715,IN,True
2876,Nai Ledri,Chhattisgarh,497448,IN,True
2877,Karimganj,Assam,788737,IN,True
2878,Salem,Tamil Nadu,636008,IN,True
2879,Kottayam,Kerala,686502,IN,True
2880,Baleshwar,Odisha,756111,IN,True
2881,Ettumanoor,Kerala,686630,IN,True
2882,Tumakuru,Karnataka,572104,IN,True
2883,Muzaffarpur,Bihar,842001,IN,True
2884,Baripada,Odisha,757084,IN,True
2885,Dehri,Bihar,821305,IN,True
2886,Howrah,West Bengal,711102,IN,True
2887,Dhamtari,Chhattisgarh,493773,IN,True
2888,Kanchipadi,Tamil Nadu,631204,IN,True
2889,Indore,Madhya Pradesh,452013,IN,True
2890,Kanpur,Uttar Pradesh,208006,IN,True
2891,Ahmadnagar,Maharashtra,414001,IN,True
2892,Chennai,Tamil Nadu,600013,IN,True
2893,Tiruvallur,Tamil Nadu,600019,IN,True
2894,Arsikere,Karnataka,573125,IN,True
2895,Rourkela,Odisha,769042,IN,True
2896,Nagpur,Maharashtra,440010,IN,True
2897,Barnala,Punjab,148101,IN,True
2898,Dhanbad,Jharkhand,826004,IN,True
2899,Chungam,Kerala,686041,IN,True
2900,Agra,Uttar Pradesh,282006,IN,True
2901,Bhiwani,Haryana,127021,IN,True
2902,Garhshankar,Punjab,144527,IN,True
2903,Ulhasnagar 421004,Maharashtra,421004,IN,True
2904,Jajpur,Odisha,755001,IN,True
2905,Rameswaram,Tamil Nadu,623526,IN,True
2906,Panchkula,Haryana,134112,IN,True
2907,Srinagar,Jammu and Kashmir,190006,IN,True
2908,Malur,Karnataka,563137,IN,True
2909,Nidadavole,Andhra Pradesh,534305,IN,True
2910,Jamshedpur,Jharkhand,831006,IN,True
2911,"Ernakulam, Kolenchery",Kerala,682311,IN,True
2912,Bandipur,West Bengal,700113,IN,True
2913,Hyderabad,Telangana,500037,IN,True
2914,Calapor,Goa,403206,IN,True
2915,Vindhya Nagar Ntpc Township,Madhya Pradesh,486890,IN,True
2916,Barasat,West Bengal,700124,IN,True
2917,Kottayam,Kerala,686637,IN,True
2918,Biaora,Madhya Pradesh,465674,IN,True
2919,Kanchipuram,Tamil Nadu,600073,IN,True
2920,Mohali,Punjab,140301,IN,True
2921,Puducherry,Puducherry,605010,IN,True
2922,Manalur,Kerala,680613,IN,True
2923,Chennai,Tamil Nadu,600032,IN,True
2924,Lakhisarai,Bihar,811311,IN,True
2925,Madhyamgram,West Bengal,700129,IN,True
2926,Kolkata,West Bengal,700001,IN,True
2927,Fci Township,Odisha,759103,IN,True
2928,Namsai,Arunachal Pradesh,792103,IN,True
2929,Pune,Maharashtra,411035,IN,True
2930,Secunderabad,Andhra Pradesh,500015,IN,True
2931,Pala,Kerala,686577,IN,True
2932,Rangpo,Sikkim,737136,IN,True
2933,Durgapur,West Bengal,713204,IN,True
2934,Puducherry,Puducherry,605005,IN,True
2935,Bermo,Jharkhand,829127,IN,True
2936,Vasai Virar,Maharashtra,401305,IN,True
2937,Chalthan,Gujarat,394305,IN,True
2938,Krishnanagar,West Bengal,741102,IN,True
2939,Virudhachalam,Tamil Nadu,606001,IN,True
2940,Nabarangapur,Odisha,764059,IN,True
2941,Bhavnagar,Gujarat,364001,IN,True
2942,Chennai,Tamil Nadu,600039,IN,True
2943,Kanniyakumari District,Tamil Nadu,629162,IN,True
2944,N.Delhi,Delhi,110018,IN,True
2945,Mayyil,Kerala,670602,IN,True
2946,Mumbai,Maharashtra,400026,IN,True
2947,Tirupati,Andhra Pradesh,517503,IN,True
2948,Malappuram,Kerala,676501,IN,True
2949,Chalakudy,Kerala,680697,IN,True
2950,Bengaluru 560066,Karnataka,560066,IN,True
2951,Mirik,West Bengal,734214,IN,True
2952,Nallapadu,Andhra Pradesh,522005,IN,True
2953,Belagavi,Karnataka,590003,IN,True
2954,Kanpur,Uttar Pradesh,208003,IN,True
2955,Nadia,West Bengal,741506,IN,True
2956,Colvale,Goa,403513,IN,True
2957,Narasaraopet,Andhra Pradesh,522601,IN,True
2958,Ropar,Punjab,140113,IN,True
2959,Visakhapatnam,Andhra Pradesh,530013,IN,True
2960,Hatti Gold Mines,Karnataka,584115,IN,True
2961,Hubballi,Karnataka,580024,IN,True
2962,Manteswar,West Bengal,713422,IN,True
2963,Kharsia,Chhattisgarh,496661,IN,True
2964,Vadakara,Kerala,673104,IN,True
2965,Chennai.,Tamil Nadu,600095,IN,True
2966,Anugul,Odisha,759145,IN,True
2967,Amarkantak,Madhya Pradesh,484886,IN,True
2968,Niyotni,Uttar Pradesh,209841,IN,True
2969,Thiruvananthapuram,Kerala,695002,IN,True
2970,Andal,West Bengal,713321,IN,True
2971,Dombivli,Maharashtra,421202,IN,True
2972,Jammu,Jammu and Kashmir,180013,IN,True
2973,Dadri,Uttar Pradesh,201008,IN,True
2974,Delhi,Delhi,110006,IN,True
2975,Srinagar,Jammu and Kashmir,190018,IN,True
2976,Madurai,Tamil Nadu,625002,IN,True
2977,Tufanganj,West Bengal,736159,IN,True
2978,Bhatpar Rani,Uttar Pradesh,274702,IN,True
2979,Prothrapur,Andaman and Nicobar Islands,744102,IN,True
2980,Bangalore North,Karnataka,560097,IN,True
2981,Bangalore,Karnataka,560010,IN,True
2982,Pune,Maharashtra,412409,IN,True
2983,"Mahavir Enclave,Delhi",Delhi,110045,IN,True
2984,Vuyyuru,Andhra Pradesh,521165,IN,True
2985,Secunderabad,Telangana,500067,IN,True
2986,Pen,Maharashtra,402107,IN,True
2987,Moonniyur,Kerala,676317,IN,True
2988,"Pune, Maharashtra",Maharashtra,411057,IN,True
2989,Krishnanagar,West Bengal,741101,IN,True
2990,Saoner,Maharashtra,411005,IN,True
2991,Koderma,Jharkhand,825409,IN,True
2992,Eravu,Kerala,680620,IN,True
2993,Nagpur,Maharashtra,440014,IN,True
2994,Bangalore,Karnataka,560038,IN,True
2995,"Ranipet, Vellore",Tamil Nadu,632406,IN,True
2996,"Puthoor ,Kollam",Kerala,691507,IN,True
2997,Imphal West,Manipur,795003,IN,True
2998,Mumbai,Maharashtra,400706,IN,True
2999,Chikhli,Maharashtra,443201,IN,True
3000,"Shirgaon, Badlapur East",Maharashtra,421503,IN,True
3001,Kaithal,Haryana,136027,IN,True
3002,Namakkal,Tamil Nadu,637215,IN,True
3003,Coimbatore,Tamil Nadu,642109,IN,True
3004,Solan,Himachal Pradesh,173214,IN,True
3005,Dehradun,Uttarakhand,248008,IN,True
3006,Chennai 42,Tamil Nadu,600042,IN,True
3007,Dhanyakuria,West Bengal,743428,IN,True
3008,Vadakara,Kerala,673101,IN,True
3009,Mahendragarh,Haryana,123029,IN,True
3010,Visakhapatnam,Andhra Pradesh,530043,IN,True
3011,Badshahpur Gurgaon,Haryana,122101,IN,True
3012,Nagojanahalli,Tamil Nadu,635204,IN,True
3013,Unchahar,Uttar Pradesh,229406,IN,True
3014,Mysuru,Karnataka,570030,IN,True
3015,Gangawati,Karnataka,583227,IN,True
3016,Vadodara,Gujarat,392140,IN,True
3017,Cheranallur,Kerala,682034,IN,True
3018,Dimapur,Nagaland,797115,IN,True
3019,Kavali,Andhra Pradesh,524201,IN,True
3020,Shillong,Meghalaya,793010,IN,True
3021,Puvalur,Tamil Nadu,621712,IN,True
3022,Zamin Uthukuli,Tamil Nadu,642004,IN,True
3023,Vijayawada,Andhra Pradesh,520012,IN,True
3024,Riico Industrial Area Neemrana,Rajasthan,301705,IN,True
3025,Gautam Buddha Nagar,Uttar Pradesh,201306,IN,True
3026,Kolkata,West Bengal,700068,IN,True
3027,Taleigao  Panaji,Goa,403002,IN,True
3028,Dombivli-E,Maharashtra,421203,IN,True
3029,"Sector 53, Golf Course Road, Gurugram",Haryana,122001,IN,True
3030,Gajwel,Telangana,502278,IN,True
3031,Howli,Assam,781316,IN,True
3032,Nagpur,Maharashtra,440025,IN,True
3033,Kolkata,West Bengal,700066,IN,True
3034,Elanji P.O,Kerala,686665,IN,True
3035,Manali,Himachal Pradesh,175131,IN,True
3036,Suri,West Bengal,731101,IN,True
3037,Dombivali East,Maharashtra,421204,IN,True
3038,Ottappalam,Kerala,679101,IN,True
3039,Pune Kalyani Nagar,Maharashtra,411006,IN,True
3040,Kolhapur,Maharashtra,416207,IN,True
3041,Raigarh,Maharashtra,410210,IN,True
3042,Dharamsala,Himachal Pradesh,176215,IN,True
3043,Ganjam,Odisha,761008,IN,True
3044,Thiruvananthapuram,Kerala,695030,IN,True
3045,Palanpur,Gujarat,385001,IN,True
3046,Guntur,Andhra Pradesh,500025,IN,True
3047,Kota,Rajasthan,324002,IN,True
3048,Malwan,Maharashtra,416606,IN,True
3049,Kolkata,West Bengal,700103,IN,True
3050,Kanpur,Uttar Pradesh,208008,IN,True
3051,Chakmano,Uttar Pradesh,276306,IN,True
3052,Gurgaon,Haryana,122002,IN,True
3053,Sikanderpur Ballia District,Uttar Pradesh,277303,IN,True
3054,Thane,Maharashtra,400602,IN,True
3055,Taliparamba Kannur,Kerala,670141,IN,True
3056,Sangli Miraj Kupwad,Maharashtra,416414,IN,True
3057,Kanjiramattom,Kerala,682315,IN,True
3058,Puri,Odisha,752001,IN,True
3059,Paravai,Tamil Nadu,625402,IN,True
3060,Bangalore,Karnataka,560034,IN,True
3061,Puducherry,Puducherry,607403,IN,True
3062,Coimbatore,Tamil Nadu,641664,IN,True
3063,Thiruvarur,Tamil Nadu,610104,IN,True
3064,Narasimhanaickenpalayam,Tamil Nadu,641031,IN,True
3065,Khargone,Madhya Pradesh,451001,IN,True
3066,Hubballi,Karnataka,580026,IN,True
3067,Thrissur,Kerala,680022,IN,True
3068,Ahmadnagar,Maharashtra,414002,IN,True
3069,Nawkothi,Bihar,851130,IN,True
3070,Bishama Katak,Odisha,765019,IN,True
3071,Calangute,Goa,403516,IN,True
3072,"Ramachandra Puram, East Godavari",Andhra Pradesh,533255,IN,True
3073,"Chandur Railway, Dist - Amravati",Maharashtra,444904,IN,True
3074,Bharuch,Gujarat,392130,IN,True
3075,Agra,Uttar Pradesh,282007,IN,True
3076,Pallippuram Thiruvananthapuram District,Kerala,695301,IN,True
3077,Narela,Delhi,110040,IN,True
3078,Delhi,Delhi,110081,IN,True
3079,Sindhnur,Karnataka,584128,IN,True
3080,Bengaluru -50015,Karnataka,560015,IN,True
3081,Naharlagun,Arunachal Pradesh,791110,IN,True
3082,Sricity,Andhra Pradesh,517541,IN,True
3083,Budgam,Jammu and Kashmir,191111,IN,True
3084,Ropar,Punjab,140001,IN,True
3085,Idar,Gujarat,383430,IN,True
3086,Shimla,Himachal Pradesh,171013,IN,True
3087,Vellanikkara,Kerala,680656,IN,True
3088,Kolaghat,West Bengal,721151,IN,True
3089,Ernakulam,Kerala,682315,IN,True
3090,Gulbarga,Karnataka,585314,IN,True
3091,Bhavnagar,Gujarat,364003,IN,True
3092,Kechery,Kerala,680501,IN,True
3093,Gulaothi,Uttar Pradesh,203408,IN,True
3094,South West Delhi,Delhi,110037,IN,True
3095,Bangalore,Karnataka,560003,IN,True
3096,Agartala,Tripura,799008,IN,True
3097,Nandurbar,Maharashtra,425426,IN,True
3098,Mmbai,Maharashtra,400022,IN,True
3099,Silchar,Assam,788101,IN,True
3100,Bantval,Karnataka,574323,IN,True
3101,Surat,Gujarat,394155,IN,True
3102,Nevasa,Maharashtra,414605,IN,True
3103,Panagar,Madhya Pradesh,483220,IN,True
3104,Chandigarh,Chandigarh,160023,IN,True
3105,Kanpur Nagar,Uttar Pradesh,208024,IN,True
3106,Alnavar,Karnataka,581103,IN,True
3107,"Cepz Po, Kakkanad ,Kochi",Kerala,682037,IN,True
3108,Thiruvananthapuram,Kerala,695015,IN,True
3109,Mathura,Uttar Pradesh,281001,IN,True
3110,Rourkela,Odisha,769005,IN,True
3111,Kandi,West Bengal,742138,IN,True
3112,Ghaziabad,Uttar Pradesh,201007,IN,True
3113,Hanuman Junction,Andhra Pradesh,521105,IN,True
3114,Shimla,Himachal Pradesh,171001,IN,True
3115,Ikauna,Uttar Pradesh,271845,IN,True
3116,Nebadhai Duttapukur,West Bengal,743248,IN,True
3117,Manesar,Haryana,122050,IN,True
3118,Hanumangarh,Rajasthan,335511,IN,True
3119,Ahmedabad,Gujarat,382424,IN,True
3120,Palani,Tamil Nadu,624601,IN,True
3121,Kolkata,West Bengal,700079,IN,True
3122,Macherla,Andhra Pradesh,522426,IN,True
3123,Guwahati,Assam,781016,IN,True
3124,Tonk,Rajasthan,304801,IN,True
3125,Bhopal,Madhya Pradesh,462026,IN,True
3126,Dehradun,Uttarakhand,248171,IN,True
3127,Siliguri,West Bengal,734009,IN,True
3128,Bangalore,Karnataka,560022,IN,True
3129,Thrissur District,Kerala,680588,IN,True
3130,Kaladhungi Haldwani,Uttarakhand,263139,IN,True
3131,Bengaluru,Karnataka,560090,IN,True
3132,Chandigarh,Chandigarh,160018,IN,True
3133,Chittur Thathamangalam,Kerala,678554,IN,True
3134,Pathanapuram,Kerala,691533,IN,True
3135,Mayiladuthurai,Tamil Nadu,609001,IN,True
3136,Nizamabad,Telangana,503175,IN,True
3137,Kunnathunad,Kerala,683562,IN,True
3138,Suratgarh,Rajasthan,335805,IN,True
3139,Thaikattussery,Kerala,688526,IN,True
3140,Dehradun,Uttarakhand,248003,IN,True
3141,Nagaon,Assam,782427,IN,True
3142,Hyderabad,Telangana,500023,IN,True
3143,Dasuya,Punjab,144205,IN,True
3144,Gokak,Karnataka,591307,IN,True
3145,Pappanamcode Thiruvananthapuram,Kerala,695018,IN,True
3146,Podalakur,Andhra Pradesh,524345,IN,True
3147,Pattukkottai,Tamil Nadu,614602,IN,True
3148,Kolkata,West Bengal,700097,IN,True
3149,Surat,Gujarat,395004,IN,True
3150,Pudupattinam,Tamil Nadu,603102,IN,True
3151,Tiruchirappalli,Tamil Nadu,620020,IN,True
3152,Pune,Maharashtra,412101,IN,True
3153,Ntpc Dadri,Uttar Pradesh,201008,IN,True
3154,Mumbai.,Maharashtra,400003,IN,True
3155,Allahabad,Uttar Pradesh,211011,IN,True
3156,Guwahati,Assam,781012,IN,True
3157,Palakkad,Kerala,678004,IN,True
3158,Bhusawal,Maharashtra,425201,IN,True
3159,Varca,Goa,403721,IN,True
3160,Mumbai,Maharashtra,400024,IN,True
3161,Ranikhet,Uttarakhand,263645,IN,True
3162,Habra,West Bengal,743272,IN,True
3163,Dhola,West Bengal,743399,IN,True
3164,Sakhinetipalli,Andhra Pradesh,533251,IN,True
3165,Deoghar,Jharkhand,814112,IN,True
3166,Farrukhabad,Uttar Pradesh,209625,IN,True
3167,Ettimadai,Tamil Nadu,641112,IN,True
3168,Mungeli,Chhattisgarh,495334,IN,True
3169,Kudukkimotta,Kerala,670592,IN,True
3170,Pilani Town,Rajasthan,333031,IN,True
3171,Begusarai,Bihar,851101,IN,True
3172,Gwalior,Madhya Pradesh,474003,IN,True
3173,Vellore,Tamil Nadu,632002,IN,True
3174,Kishangarh,Rajasthan,305801,IN,True
3175,Gokul Shirgaon Midc,Maharashtra,416234,IN,True
3176,Koothappar,Tamil Nadu,620013,IN,True
3177,Tirupur,Tamil Nadu,641604,IN,True
3178,Mangalagiri,Andhra Pradesh,522503,IN,True
3179,Kolkata,West Bengal,700047,IN,True
3180,Ahmedabad,Gujarat,382405,IN,True
3181,Medak,Telangana,502032,IN,True
3182,Lucknow,Uttar Pradesh,226024,IN,True
3183,Durgapur,West Bengal,713211,IN,True
3184,Gopalganj,Bihar,841428,IN,True
3185,Ludhiana,Punjab,141002,IN,True
3186,Gandhidham,Gujarat,370201,IN,True
3187,Surat,Gujarat,395005,IN,True
3188,Kumarapalayam,Tamil Nadu,638183,IN,True
3189,Itanagar,Arunachal Pradesh,791111,IN,True
3190,"Kalewadi,Pune",Maharashtra,411017,IN,True
3191,Nagpur,Maharashtra,440017,IN,True
3192,Ahmedabad,Gujarat,382350,IN,True
3193,Makrana,Rajasthan,341505,IN,True
3194,Bhalwal,Jammu and Kashmir,181122,IN,True
3195,Sahibabad,Uttar Pradesh,201005,IN,True
3196,Chopra,West Bengal,733207,IN,True
3197,Mandawa,Rajasthan,333701,IN,True
3198,Ernakulam,Kerala,682021,IN,True
3199,Mailladudurai,Tamil Nadu,609811,IN,True
3200,Kota,Rajasthan,324003,IN,True
3201,Balurghat,West Bengal,733101,IN,True
3202,Jaunpur,Uttar Pradesh,222138,IN,True
3203,North West Delhi,Delhi,110052,IN,True
3204,Palakkadpalakkad,Kerala,678592,IN,True
3205,Surendranagar,Gujarat,363001,IN,True
3206,Ullal,Karnataka,574199,IN,True
3207,Ahmednagar,Maharashtra,414001,IN,True
3208,Vasco Da Gama,Goa,403801,IN,True
3209,Ernakulam,Kerala,682015,IN,True
3210,Sagar,Madhya Pradesh,470002,IN,True
3211,"Gobindpur,Dhanbad",Jharkhand,828109,IN,True
3212,Thanjavur,Tamil Nadu,614803,IN,True
3213,Surat,Gujarat,394440,IN,True
3214,Jaunpurjaunpur,Uttar Pradesh,222001,IN,True
3215,Vijayawada,Andhra Pradesh,520001,IN,True
3216,Attayampatti,Tamil Nadu,637501,IN,True
3217,Badi,Madhya Pradesh,464665,IN,True
3218,Kanpur,Uttar Pradesh,208021,IN,True
3219,Prothrapur,Andaman and Nicobar Islands,744105,IN,True
3220,Ganj Dundwara,Uttar Pradesh,207242,IN,True
3221,Nuapatna,Odisha,754035,IN,True
3222,Gurugramgurgaon,Haryana,122001,IN,True
3223,Tirunelveli,Tamil Nadu,627002,IN,True
3224,New Delhi,Delhi,110042,IN,True
3225,Kgf,Karnataka,563115,IN,True
3226,Nerul,Maharashtra,400706,IN,True
3227,Pehowa,Haryana,136128,IN,True
3228,Indore,Madhya Pradesh,452018,IN,True
3229,Bhuvanagiri,Tamil Nadu,608602,IN,True
3230,Balotra,Rajasthan,344022,IN,True
3231,Coimbatore,Tamil Nadu,641012,IN,True
3232,Purnia,Bihar,854304,IN,True
3233,Sirkali,Tamil Nadu,609110,IN,True
3234,Kolkata,West Bengal,700064,IN,True
3235,Ranikhet,Uttarakhand,263652,IN,True
3236,Port Blair,Andaman and Nicobar Islands,744105,IN,True
3237,Ahmedabad,Gujarat,380005,IN,True
3238,Vadodara,Gujarat,390024,IN,True
3239,Mysuru,Karnataka,570019,IN,True
3240,Thane,Maharashtra,401202,IN,True
3241,Kalol Panch Mahals District,Gujarat,389330,IN,True
3242,Palakkad,Kerala,678005,IN,True
3243,Bhubaneswar,Odisha,751023,IN,True
3244,Mumbai,Maharashtra,400062,IN,True
3245,Chalakudy,Kerala,680731,IN,True
3246,Guwahati,Assam,781024,IN,True
3247,Saila  Khurd,Punjab,144529,IN,True
3248,Coimbatore,Tamil Nadu,641048,IN,True
3249,Tiptur,Karnataka,572201,IN,True
3250,Solan,Himachal Pradesh,173212,IN,True
3251,Thane West,Maharashtra,400601,IN,True
3252,Bhawanipatna,Odisha,766001,IN,True
3253,Siliguri,West Bengal,734426,IN,True
3254,Kalliasseri,Kerala,670562,IN,True
3255,Othakadai,Tamil Nadu,625107,IN,True
3256,Ahmedabad,Gujarat,380014,IN,True
3257,New Town - Kolkata,West Bengal,700157,IN,True
3258,"Carona, Aldona",Goa,403523,IN,True
3259,Kurnool,Andhra Pradesh,518380,IN,True
3260,Chennai,Tamil Nadu,600060,IN,True
3261,Mandya District,Karnataka,571448,IN,True
3262,Berhampur,Odisha,760005,IN,True
3263,Hajira,Gujarat,394516,IN,True
3264,Sholavandan,Tamil Nadu,625214,IN,True
3265,Lucknow,Uttar Pradesh,226004,IN,True
3266,Vicarabad,Telangana,501102,IN,True
3267,Fazilka,Punjab,152123,IN,True
3268,"New Town, Kolkata",West Bengal,700157,IN,True
3269,Kalaburgi,Karnataka,585102,IN,True
3270,T Narsipura,Karnataka,571124,IN,True
3271,Patratu,Jharkhand,829119,IN,True
3272,Tirupur,Tamil Nadu,641687,IN,True
3273,Rewa,Madhya Pradesh,486006,IN,True
3274,Kolkata,West Bengal,700046,IN,True
3275,Bhopal,Madhya Pradesh,462039,IN,True
3276,Chariduar,Assam,784105,IN,True
3277,Bangalore,Karnataka,560072,IN,True
3278,Kallara/ Kottayam,Kerala,686611,IN,True
3279,Chennai,Tamil Nadu,600129,IN,True
3280,Ernakulam,Kerala,682036,IN,True
3281,Nuvem,Goa,403713,IN,True
3282,Oragadam Industrial Area,Tamil Nadu,603204,IN,True
3283,Gurgaon,Haryana,122009,IN,True
3284,Hyderabad (500034),Telangana,500034,IN,True
3285,Tiruppur,Tamil Nadu,641602,IN,True
3286,Mumbai,Maharashtra,400036,IN,True
3287,Tumakuru,Karnataka,572101,IN,True
3288,Nainital,Uttarakhand,263002,IN,True
3289,"Karukachal, Kottayam",Kerala,686540,IN,True
3290,Muzaffarnagar,Uttar Pradesh,251309,IN,True
3291,Thanjavur,Tamil Nadu,613005,IN,True
3292,Attabira Dist- Bargarh,Odisha,768027,IN,True
3293,Dehradun,Uttarakhand,248195,IN,True
3294,Sirsa,Haryana,125055,IN,True
3295,Jamshedpur,Jharkhand,831018,IN,True
3296,Bansda,Gujarat,396580,IN,True
3297,Pulivendula,Andhra Pradesh,516390,IN,True
3298,Mohali,Punjab,160071,IN,True
3299,Karad,Maharashtra,415110,IN,True
3300,Dediapada,Gujarat,393041,IN,True
3301,Hyderabad,Telangana,502313,IN,True
3302,Dakshin Jhapardaha,West Bengal,711405,IN,True
3303,Kumta,Karnataka,581319,IN,True
3304,Vaishali,Bihar,844113,IN,True
3305,Kuruvattur,Kerala,673012,IN,True
3306,Kollam,Kerala,691004,IN,True
3307,Thodupuzha,Kerala,685587,IN,True
3308,Chandpur,Uttar Pradesh,246725,IN,True
3309,Usilampatti,Tamil Nadu,625532,IN,True
3310,Mangan,Sikkim,737116,IN,True
3311,Pimpri Chinchwad,Maharashtra,411057,IN,True
3312,Ahmedabad,Gujarat,382475,IN,True
3313,Dindigul,Tamil Nadu,624002,IN,True
3314,Trivandrum,Kerala,695301,IN,True
3315,"Belgaum,",Karnataka,590001,IN,True
3316,Coimbatore,Tamil Nadu,641101,IN,True
3317,"Plot No.7,Sector 47,Gurgaon",Haryana,122018,IN,True
3318,Durgapur,West Bengal,713209,IN,True
3319,Thanjavur,Tamil Nadu,614904,IN,True
3320,Davangere,Karnataka,577006,IN,True
3321,Thekkumkara,Kerala,680123,IN,True
3322,Akhnoor,Jammu and Kashmir,181201,IN,True
3323,Bengaluru,Karnataka,560065,IN,True
3324,Shrirampur,Maharashtra,413725,IN,True
3325,Tirur,Kerala,676105,IN,True
3326,Amritsar,Punjab,143003,IN,True
3327,Ferrargunj,Andaman and Nicobar Islands,744103,IN,True
3328,Sindkhed Raja,Maharashtra,443203,IN,True
3329,Bangalore,Karnataka,560056,IN,True
3330,Chapar,Assam,783371,IN,True
3331,Kozhikode,Kerala,673007,IN,True
3332,Hyderabad,Telangana,500007,IN,True
3333,Chandannagar,West Bengal,712136,IN,True
3334,Maunath Bhanjan,Uttar Pradesh,275101,IN,True
3335,Kolkata,West Bengal,700139,IN,True
3336,Villupuram,Tamil Nadu,606203,IN,True
3337,Pallipuram,Kerala,683515,IN,True
3338,Thrissur District,Kerala,680507,IN,True
3339,Ahmedabad,Gujarat,382415,IN,True
3340,Kannur,Kerala,670001,IN,True
3341,Mumbai,Maharashtra,400065,IN,True
3342,Adilabad,Telangana,504107,IN,True
3343,Jabalpur,Madhya Pradesh,482008,IN,True
3344,Vikasnagar,Uttarakhand,248198,IN,True
3345,Madurai,Tamil Nadu,625018,IN,True
3346,Thrissur,Kerala,680724,IN,True
3347,Rampachodavaram,Andhra Pradesh,533288,IN,True
3348,Nabha,Punjab,147201,IN,True
3349,Dharmsala,Himachal Pradesh,176057,IN,True
3350,Bachra,Jharkhand,829209,IN,True
3351,Darjeeling,West Bengal,734102,IN,True
3352,Bengalur,Karnataka,560102,IN,True
3353,Kasaragod,Kerala,671542,IN,True
3354,Saidabad Allahabad,Uttar Pradesh,221508,IN,True
3355,Daund,Maharashtra,413801,IN,True
3356,Nellore,Andhra Pradesh,524406,IN,True
3357,Warthi,Maharashtra,441905,IN,True
3358,Faridabad,Haryana,121006,IN,True
3359,Shrivardhan,Maharashtra,402110,IN,True
3360,Guntur,Andhra Pradesh,522411,IN,True
3361,Jamner,Maharashtra,424206,IN,True
3362,Faridkot,Punjab,151203,IN,True
3363,Karur,Tamil Nadu,624706,IN,True
3364,Jetpur Gujarat,Gujarat,360370,IN,True
3365,Aruppukottai,Tamil Nadu,626101,IN,True
3366,Palakonda,Andhra Pradesh,532440,IN,True
3367,Secunderabad,Telangana,500015,IN,True
3368,Surat,Gujarat,395017,IN,True
3369,Kolkata,West Bengal,700152,IN,True
3370,Uttarpara Kotrung,West Bengal,712258,IN,True
3371,Guwahati,Assam,781008,IN,True
3372,Bhavnagar,Gujarat,364210,IN,True
3373,Aligarh,Uttar Pradesh,202137,IN,True
3374,Nayagarh,Odisha,752069,IN,True
3375,"Shahunagar, Dharavi,Mumbai",Maharashtra,400017,IN,True
3376,Bathinda,Punjab,151004,IN,True
3377,Visakhapatnam,Andhra Pradesh,530032,IN,True
3378,Magam,Jammu and Kashmir,193401,IN,True
3379,Kharar,Punjab,140301,IN,True
3380,Kannur,Kerala,670006,IN,True
3381,Vaishali,Bihar,844101,IN,True
3382,Near Bptp Astaire Garden/M3M Escala,Gujarat,122101,IN,True
3383,Kanpur,Uttar Pradesh,208026,IN,True
3384,Navi Mumbai,Maharashtra,410221,IN,True
3385,Khailar,Uttar Pradesh,284120,IN,True
3386,Kottayam,Kerala,686542,IN,True
3387,Hisar,Haryana,125005,IN,True
3388,Kadodara,Gujarat,394327,IN,True
3389,Dokmoka,Assam,782441,IN,True
3390,Golaghat,Assam,785621,IN,True
3391,Laskarpara,West Bengal,736207,IN,True
3392,"Andheri West, Mumbai",Maharashtra,400053,IN,True
3393,Varanasi,Uttar Pradesh,221201,IN,True
3394,Srinagar,Jammu and Kashmir,190005,IN,True
3395,Rohini,Delhi,110089,IN,True
3396,Sonapur Gaon,Assam,782402,IN,True
3397,Changanacherry,Kerala,686105,IN,True
3398,Cuddalore,Tamil Nadu,607001,IN,True
3399,Baddi Industrial Area,Himachal Pradesh,173205,IN,True
3400,Kaliachak ; Golapgonj,West Bengal,732201,IN,True
3401,New Delhidelhi,Delhi,110048,IN,True
3402,Udumbanchola,Kerala,685571,IN,True
3403,Thalassery,Kerala,670103,IN,True
3404,Thane West,Maharashtra,400607,IN,True
3405,Gurdaspur,Punjab,143533,IN,True
3406,Pune,Maharashtra,412114,IN,True
3407,Kothamangalam,Kerala,686691,IN,True
3408,Punnapara,Kerala,688005,IN,True
3409,Jetpur Navagadh,Gujarat,360370,IN,True
3410,New Delhi,Delhi,110028,IN,True
3411,Bangalore,Karnataka,560067,IN,True
3412,Tambaram,Tamil Nadu,600131,IN,True
3413,Varanai,Uttar Pradesh,221002,IN,True
3414,"Danapur,Patna,Bihar",Bihar,801503,IN,True
3415,"Sulur Taluk, Coimbatore",Tamil Nadu,641658,IN,True
3416,Calicut,Kerala,673028,IN,True
3417,Nasik,Maharashtra,422401,IN,True
3418,Gannavaram,Andhra Pradesh,521102,IN,True
3419,Pimpri,Maharashtra,411018,IN,True
3420,Greter Noida,Uttar Pradesh,201310,IN,True
3421,Belda,West Bengal,721424,IN,True
3422,Sikandra Rao,Uttar Pradesh,204214,IN,True
3423,Malappuram,Kerala,679338,IN,True
3424,Barbil,Odisha,758035,IN,True
3425,Raichur,Karnataka,584101,IN,True
3426,Chandrapur,Maharashtra,442403,IN,True
3427,Chennai,Tamil Nadu,600114,IN,True
3428,Gautam Buddh Nagar,Uttar Pradesh,201308,IN,True
3429,New Delhi,Delhi,110032,IN,True
3430,Kathua,Jammu and Kashmir,184101,IN,True
3431,Kumbakonam,Tamil Nadu,612302,IN,True
3432,Chikamagulur District,Karnataka,580001,IN,True
3433,"Andheri East, Mumbai",Maharashtra,400059,IN,True
3434,Maunath Bhanjan,Uttar Pradesh,233226,IN,True
3435,Mumbai,Maharashtra,400027,IN,True
3436,Mangaluru,Karnataka,575016,IN,True
3437,Chandigarh,Chandigarh,160016,IN,True
3438,Ambala,Haryana,134003,IN,True
3439,Lucknow,Uttar Pradesh,226007,IN,True
3440,Titagarh,West Bengal,700119,IN,True
3441,Thiruvananthapuram,Kerala,695043,IN,True
3442,Sattenapalle,Andhra Pradesh,522403,IN,True
3443,Mhow,Madhya Pradesh,453441,IN,True
3444,Ambala,Haryana,133006,IN,True
3445,Baran,Rajasthan,325205,IN,True
3446,Thiruvananthapuram,Kerala,695029,IN,True
3447,Salem,Tamil Nadu,636003,IN,True
3448,Bengaluru,Karnataka,561203,IN,True
3449,Kadiri,Andhra Pradesh,515591,IN,True
3450,Thiruvananthapuram,Kerala,695583,IN,True
3451,Bangalore,Karnataka,560023,IN,True
3452,Khair,Uttar Pradesh,202138,IN,True
3453,Idukki Township,Kerala,685602,IN,True
3454,Chandkheda,Gujarat,382424,IN,True
3455,East Delhi,Delhi,110032,IN,True
3456,Silchar,Assam,788002,IN,True
3457,Palakkad,Kerala,678551,IN,True
3458,Walajabad,Tamil Nadu,631605,IN,True
3459,Maholi,Uttar Pradesh,261141,IN,True
3460,Nasrullaganj,Madhya Pradesh,466331,IN,True
3461,Gourdanda,Odisha,756019,IN,True
3462,Erode,Tamil Nadu,638401,IN,True
3463,Kottayam,Kerala,686515,IN,True
3464,Bikaner,Rajasthan,334003,IN,True
3465,Ahmedabad,Gujarat,382443,IN,True
3466,Kottayam,Kerala,686005,IN,True
3467,Dausa,Rajasthan,303303,IN,True
3468,Hyderabad,Telangana,509325,IN,True
3469,Kovilpatti,Tamil Nadu,628502,IN,True
3470,New Delhi,Delhi,110013,IN,True
3471,Surat,Gujarat,394150,IN,True
3472,Kanchipuram,Tamil Nadu,603202,IN,True
3473,Naduvaneri,Tamil Nadu,637504,IN,True
3474,Bengaluru,Karnataka,560020,IN,True
3475,Panihati,West Bengal,700056,IN,True
3476,Rai  Industrial Area,Haryana,131029,IN,True
3477,Warangal,Telangana,506007,IN,True
3478,Betul,Madhya Pradesh,460001,IN,True
3479,Singtam,Sikkim,737134,IN,True
3480,Khed,Maharashtra,415722,IN,True
3481,Asansol,West Bengal,713301,IN,True
3482,Aligarh,Uttar Pradesh,202002,IN,True
3483,Tuljapur,Maharashtra,413601,IN,True
3484,Aizawl,Mizoram,796009,IN,True
3485,Kidangoor,Kerala,686572,IN,True
3486,Ramagundam,Telangana,505209,IN,True
3487,Adampur,Punjab,144106,IN,True
3488,Etawah,Uttar Pradesh,206130,IN,True
3489,Indore,Madhya Pradesh,452011,IN,True
3490,Gorakhpur,Uttar Pradesh,273013,IN,True
3491,Najafgarh,Delhi,110043,IN,True
3492,Partapgarh,Uttar Pradesh,230402,IN,True
3493,Perintalmanna,Kerala,679357,IN,True
3494,Gaur City 1,Uttar Pradesh,201301,IN,True
3495,Umbergaon,Gujarat,396171,IN,True
3496,Haripal,West Bengal,712405,IN,True
3497,Junagadh,Gujarat,362001,IN,True
3498,Bellary,Karnataka,583101,IN,True
3499,Sangamner,Maharashtra,422608,IN,True
3500,Mysuru,Karnataka,570015,IN,True
3501,Thottada,Kerala,670007,IN,True
3502,Kozhikode,Kerala,673304,IN,True
3503,Parbhani,Maharashtra,431401,IN,True
3504,Nellore,Andhra Pradesh,524320,IN,True
3505,Bhubaneswar,Odisha,751010,IN,True
3506,Shamshabad,Telangana,501218,IN,True
3507,Chirala,Andhra Pradesh,523166,IN,True
3508,Khopoli,Maharashtra,410203,IN,True
3509,Thallarevu,Andhra Pradesh,533463,IN,True
3510,Kakinada,Andhra Pradesh,533006,IN,True
3511,Saligrama,Karnataka,576221,IN,True
3512,Puttur Dk,Karnataka,574210,IN,True
3513,Biharsharif,Bihar,803101,IN,True
3514,Kozhikode,Kerala,673005,IN,True
3515,Kanpur,Uttar Pradesh,208007,IN,True
3516,Tezpur,Assam,784506,IN,True
3517,Haridwar,Uttarakhand,249405,IN,True
3518,Padrauna,Uttar Pradesh,274304,IN,True
3519,Jaipur,Rajasthan,302028,IN,True
3520,Sodepur,West Bengal,700110,IN,True
3521,Calicut Kunnamangalam,Kerala,673571,IN,True
3522,Balaramapuram,Kerala,695501,IN,True
3523,Chakdaha,West Bengal,741255,IN,True
3524,"Madikeri, Coorg",Karnataka,571214,IN,True
3525,Shirur,Maharashtra,412210,IN,True
3526,Dhariawad,Rajasthan,313605,IN,True
3527,Alok City,Dadra and Nagar Haveli and Daman and Diu,396230,IN,True
3528,Varanasi,Uttar Pradesh,221405,IN,True
3529,Holalkere,Karnataka,577526,IN,True
3530,Hyderabad,Andhra Pradesh,500091,IN,True
3531,Pune,Maharashtra,411026,IN,True
3532,Mavoor,Kerala,673601,IN,True
3533,Kurnool,Andhra Pradesh,518004,IN,True
3534,Chhota Udaipur,Gujarat,391165,IN,True
3535,Muzaffarpurindia,Bihar,842001,IN,True
3536,Jaisalmer,Rajasthan,345001,IN,True
3537,Ulliyeri,Kerala,673323,IN,True
3538,Greater Noida West,Uttar Pradesh,201306,IN,True
3539,Urgadur. Shivamogga,Karnataka,577203,IN,True
3540,Gandhinagar,Gujarat,382022,IN,True
3541,Barpeta Road,Assam,781315,IN,True
3542,Pimple Saudagar,Maharashtra,411017,IN,True
3543,Thanjavur,Tamil Nadu,613401,IN,True
3544,Medinipur,West Bengal,721102,IN,True
3545,Hyderabad,Telangana,501511,IN,True
3546,Irinjalakuda,Kerala,680125,IN,True
3547,Mohopada,Maharashtra,410222,IN,True
3548,East Delhi,Delhi,110092,IN,True
3549,Srinagar,Jammu and Kashmir,190021,IN,True
3550,Gorakhpur,Uttar Pradesh,273014,IN,True
3551,Nereducharla,Telangana,508218,IN,True
3552,Varanasi,Uttar Pradesh,221008,IN,True
3553,Uttar Bagdogra,West Bengal,734424,IN,True
3554,"Roadpali, Kalamboli",Maharashtra,410218,IN,True
3555,Nakkapalle,Andhra Pradesh,531081,IN,True
3556,Kanchipuram,Tamil Nadu,600016,IN,True
3557,Thrissur,Kerala,680581,IN,True
3558,Garulia,West Bengal,743133,IN,True
3559,Gurgaon,Haryana,122017,IN,True
3560,Coimbatore,Tamil Nadu,641003,IN,True
3561,Thane.  Mumbra,Maharashtra,400612,IN,True
3562,Bayyanagudem,Andhra Pradesh,534312,IN,True
3563,Agra,Uttar Pradesh,282003,IN,True
3564,Alwar,Rajasthan,301028,IN,True
3565,Agartala,Tripura,799007,IN,True
3566,Visakhapatnam,Andhra Pradesh,530028,IN,True
3567,Kadirur,Kerala,670642,IN,True
3568,Kadapa,Andhra Pradesh,516269,IN,True
3569,Nagaon,Assam,782001,IN,True
3570,Malur Industrial Area,Karnataka,563130,IN,True
3571,Debagarh,Odisha,768108,IN,True
3572,Lucknow,Uttar Pradesh,226015,IN,True
3573,Thalassery,Kerala,670661,IN,True
3574,Ahmedabad,Gujarat,380002,IN,True
3575,Palghar,Maharashtra,401404,IN,True
3576,Mumbai,Maharashtra,400021,IN,True
3577,Theni,Tamil Nadu,625605,IN,True
3578,Muvattupuzha,Kerala,686673,IN,True
3579,Portblair,Andaman and Nicobar Islands,744101,IN,True
3580,Umred,Maharashtra,441203,IN,True
3581,Chennai,Tamil Nadu,600109,IN,True
3582,Deoria,Uttar Pradesh,274404,IN,True
3583,Pinjore,Haryana,134102,IN,True
3584,Sakoli,Maharashtra,441802,IN,True
3585,Badmal,Odisha,767070,IN,True
3586,Vadodara,Gujarat,390015,IN,True
3587,Asansol,West Bengal,713305,IN,True
3588,Hugli Chinsurah,West Bengal,712202,IN,True
3589,Nakodar,Punjab,144040,IN,True
3590,Gorakhpur,Uttar Pradesh,273003,IN,True
3591,Kumbakonam,Tamil Nadu,612605,IN,True
3592,Doiwala,Uttarakhand,248140,IN,True
3593,Uluberia,West Bengal,711316,IN,True
3594,Sidcul Haridwar,Uttarakhand,249402,IN,True
3595,Hassan,Karnataka,573112,IN,True
3596,Thane 400602,Maharashtra,400602,IN,True
3597,Indore,Madhya Pradesh,452012,IN,True
3598,Jhansi,Uttar Pradesh,284002,IN,True
3599,Nerul Navi Mumbai,Maharashtra,400706,IN,True
3600,Vrindavan,Uttar Pradesh,281121,IN,True
3601,Bengaluru,Karnataka,560052,IN,True
3602,Tumakuru,Karnataka,572103,IN,True
3603,Vadakarai Keezhpadugai,Tamil Nadu,627812,IN,True
3604,Edathirinji,Kerala,680122,IN,True
3605,Tiruvalla,Kerala,689621,IN,True
3606,Vijayawada,Andhra Pradesh,522501,IN,True
3607,Surat,Gujarat,394510,IN,True
3608,Belagavi,Karnataka,590010,IN,True
3609,Haldwani Golapar,Uttarakhand,263139,IN,True
3610,Paradip,Odisha,754141,IN,True
3611,Pentapadu,Andhra Pradesh,534166,IN,True
3612,Manjeri,Kerala,676121,IN,True
3613,Nurpur,Himachal Pradesh,176201,IN,True
3614,Sonipat,Haryana,131029,IN,True
3615,Nagrota,Jammu and Kashmir,181221,IN,True
3616,Chekonidhara,Assam,785008,IN,True
3617,Bhatkal-Uttara Kannada,Karnataka,581320,IN,True
3618,Sirohi,Rajasthan,307001,IN,True
3619,Kotkapura,Punjab,151204,IN,True
3620,Chirala,Andhra Pradesh,523187,IN,True
3621,Cumbum,Andhra Pradesh,523333,IN,True
3622,Bangalore,Karnataka,560079,IN,True
3623,Peravali,Andhra Pradesh,534330,IN,True
3624,Gorakhpur,Uttar Pradesh,273009,IN,True
3625,Puttur,Karnataka,574201,IN,True
3626,Kalyan,Maharashtra,421003,IN,True
3627,Amethi,Uttar Pradesh,227816,IN,True
3628,Dalgaon,Assam,784116,IN,True
3629,Kangra,Himachal Pradesh,176059,IN,True
3630,Chethipuzha,Kerala,686536,IN,True
3631,Jorhat,Assam,785004,IN,True
3632,Panchgram,Assam,788802,IN,True
3633,Nagpur,Maharashtra,440001,IN,True
3634,Ratnagiri,Maharashtra,416702,IN,True
3635,Panihati,West Bengal,700115,IN,True
3636,Tribeni,West Bengal,712503,IN,True
3637,Dhaulpur,Rajasthan,328001,IN,True
3638,Sohawal,Uttar Pradesh,224188,IN,True
3639,Kolkata,West Bengal,700015,IN,True
3640,Rishikesh,Uttarakhand,249202,IN,True
3641,Nashik,Maharashtra,422011,IN,True
3642,Cherthala,Kerala,688529,IN,True
3643,Varanasivaranasi,Uttar Pradesh,221001,IN,True
3644,"Lms Junction,Attingal,Trivandrum",Kerala,695101,IN,True
3645,Delhi,Delhi,110058,IN,True
3646,Warangal,Telangana,506342,IN,True
3647,Prithvipur,Madhya Pradesh,472336,IN,True
3648,Champawat,Uttarakhand,262524,IN,True
3649,Sihunta/Samote,Himachal Pradesh,176207,IN,True
3650,Raigarh,Maharashtra,410206,IN,True
3651,Nilambur,Kerala,676542,IN,True
3652,Cheyyur,Tamil Nadu,603319,IN,True
3653,Nayagaon,Punjab,160103,IN,True
3654,Mussoorie,Uttarakhand,248179,IN,True
3655,"Chhabra, Baran",Rajasthan,325220,IN,True
3656,Etah,Uttar Pradesh,207001,IN,True
3657,Kalyan,Maharashtra,421102,IN,True
3658,"Krishnarajpet, Krishnarajpet Tq.,Mandya Dist.",Karnataka,571426,IN,True
3659,Sibsagar,Assam,785662,IN,True
3660,Ferozepur Jhirka,Haryana,122104,IN,True
3661,Firozabad,Uttar Pradesh,283203,IN,True
3662,Kunnamangalam,Kerala,673571,IN,True
3663,Siliguri,West Bengal,734011,IN,True
3664,Gokavaram,Andhra Pradesh,533286,IN,True
3665,"Aundh, Pune",Maharashtra,411007,IN,True
3666,Rayagada,Odisha,765001,IN,True
3667,Mysuru,Karnataka,571617,IN,True
3668,Belgaum,Karnataka,590006,IN,True
3669,Anantapur,Andhra Pradesh,515721,IN,True
3670,Bangalore,Karnataka,560055,IN,True
3671,Chennai,Tamil Nadu,600055,IN,True
3672,Chimbel,Goa,403006,IN,True
3673,Mysuru,Karnataka,570020,IN,True
3674,Tohana,Haryana,125120,IN,True
3675,Kuvettu,Karnataka,574217,IN,True
3676,Jamui,Bihar,811303,IN,True
3677,Tiruchirappalli,Tamil Nadu,620008,IN,True
3678,Ordnance Factory Itarsi Township,Madhya Pradesh,461111,IN,True
3679,Barasat,West Bengal,700125,IN,True
3680,Samrala,Punjab,141114,IN,True
3681,Mumbaimumbai,Maharashtra,400071,IN,True
3682,Kundapura,Karnataka,576235,IN,True
3683,Madhubani,Bihar,847211,IN,True
3684,Dahanu,Maharashtra,401601,IN,True
3685,Bangalore,Karnataka,562107,IN,True
3686,Musiri,Tamil Nadu,621211,IN,True
3687,Basti,Uttar Pradesh,272170,IN,True
3688,Kannur,Kerala,670102,IN,True
3689,Aluva,Kerala,683101,IN,True
3690,Mirzapur Chitavanpur,Uttar Pradesh,231001,IN,True
3691,Nabadwip,West Bengal,741302,IN,True
3692,Pimpri Chinchwad,Maharashtra,411012,IN,True
3693,Bhopal,Madhya Pradesh,462008,IN,True
3694,Udupi,Karnataka,576114,IN,True
3695,Karoran,Punjab,160103,IN,True
3696,Lucknow,Uttar Pradesh,226013,IN,True
3697,Pune,Maharashtra,411039,IN,True
3698,Srivilliputhur,Tamil Nadu,626125,IN,True
3699,"Nadathara, Thrissur",Kerala,680751,IN,True
3700,South Goa,Goa,403602,IN,True
3701,Nilambur,Kerala,679329,IN,True
3702,Thane,Maharashtra,400614,IN,True
3703,Ballari,Karnataka,583104,IN,True
3704,Erode,Tamil Nadu,638004,IN,True
3705,Dhanbad,Jharkhand,828204,IN,True
3706,Selu,Maharashtra,431503,IN,True
3707,Angamaly,Kerala,683572,IN,True
3708,Chennai,Tamil Nadu,600057,IN,True
3709,Thirthahalli,Karnataka,577226,IN,True
3710,Tezpur,Assam,784501,IN,True
3711,Ernakulam,Kerala,682032,IN,True
3712,Mulavukad,Kerala,682504,IN,True
3713,Panjim,Goa,403002,IN,True
3714,Slepur,Bihar,841501,IN,True
3715,Kakkanad,Kerala,682030,IN,True
3716,Khammam,Telangana,507001,IN,True
3717,Jaggampeta,Andhra Pradesh,533435,IN,True
3718,Plaghar,Maharashtra,401208,IN,True
3719,New Delhi,Delhi,110047,IN,True
3720,Udhampur,Jammu and Kashmir,182121,IN,True
3721,Orgao,Goa,403107,IN,True
3722,Coimbatore,Tamil Nadu,641017,IN,True
3723,Secunderabadsecunderabad,Telangana,501301,IN,True
3724,Visakhapatnam,Andhra Pradesh,530044,IN,True
3725,Jabalpur,Madhya Pradesh,482004,IN,True
3726,Patiram,West Bengal,733133,IN,True
3727,Palakkad,Kerala,678572,IN,True
3728,Talikota,Karnataka,586214,IN,True
3729,Bhandara,Maharashtra,441915,IN,True
3730,Delhi,Delhi,110091,IN,True
3731,Nagapattinam,Tamil Nadu,611001,IN,True
3732,Bhagalpur,Bihar,813210,IN,True
3733,Thiruvananthapuram,Kerala,695542,IN,True
3734,Mathigiri Hosur,Tamil Nadu,635110,IN,True
3735,Surat,Gujarat,394185,IN,True
3736,Thrissur [No Need To Call Me].,Kerala,680555,IN,True
3737,Delhi 110085,Delhi,110085,IN,True
3738,Paramathy Velur,Tamil Nadu,638182,IN,True
3739,Tirunelveli-Town,Tamil Nadu,627006,IN,True
3740,Peddapalle,Telangana,505172,IN,True
3741,Sivakasi,Tamil Nadu,626123,IN,True
3742,Jalalabad Muzaffarnagar District,Uttar Pradesh,247772,IN,True
3743,Surat,Gujarat,394716,IN,True
3744,Aroor,Kerala,688534,IN,True
3745,Jorhat,Assam,785101,IN,True
3746,Junnar,Maharashtra,412411,IN,True
3747,Adichanalloor,Kerala,691537,IN,True
3748,New Delhi,Delhi,110037,IN,True
3749,Surat,Gujarat,394326,IN,True
3750,Bikramganj,Bihar,802212,IN,True
3751,Quilandy,Kerala,673306,IN,True
3752,Jagasinghpur,Odisha,754103,IN,True
3753,Guwahati,Assam,781014,IN,True
3754,Ghaziabadcounty,Uttar Pradesh,201014,IN,True
3755,Puttur,Karnataka,574202,IN,True
3756,East Arjun Nagar,Delhi,110032,IN,True
3757,Umling,Meghalaya,793101,IN,True
3758,Pappireddipatti,Tamil Nadu,636905,IN,True
3759,Aizawl,Mizoram,796005,IN,True
3760,Laharighat,Assam,782127,IN,True
3761,Warangal,Telangana,506013,IN,True
3762,Vizianagaram,Andhra Pradesh,535580,IN,True
3763,Bishnupur,Manipur,795126,IN,True
3764,Kollam,Kerala,689695,IN,True
3765,Delhi,Delhi,110078,IN,True
3766,Maithon,Jharkhand,828207,IN,True
3767,"Sargasan, Gandhinagar",Gujarat,382421,IN,True
3768,Bhimtaal,Uttarakhand,263136,IN,True
3769,Ramgarh Cantonment Civil Township,Jharkhand,829122,IN,True
3770,Thoothukudi 628008,Tamil Nadu,628008,IN,True
3771,Moonniyur,Kerala,676311,IN,True
3772,Bellary,Karnataka,583103,IN,True
3773,Pipraich,Uttar Pradesh,273152,IN,True
3774,Hamirpur,Himachal Pradesh,176110,IN,True
3775,Thakurli,Maharashtra,421201,IN,True
3776,Mandavalli,Andhra Pradesh,521345,IN,True
3777,Dhanbad,Jharkhand,828127,IN,True
3778,Palakkad,Kerala,678503,IN,True
3779,Kolkata,West Bengal,700037,IN,True
3780,Luxettipet,Telangana,504215,IN,True
3781,Barabanki,Uttar Pradesh,225412,IN,True
3782,Muddanur,Andhra Pradesh,516380,IN,True
3783,Narayanpet,Telangana,509210,IN,True
3784,Tirurangadi,Kerala,676306,IN,True
3785,Moranhat,Assam,785670,IN,True
3786,Anaparthy,Andhra Pradesh,533342,IN,True
3787,Jaipur,Rajasthan,302003,IN,True
3788,Brahmavar,Karnataka,576213,IN,True
3789,Hubballi,Karnataka,580022,IN,True
3790,Bhuj,Gujarat,370001,IN,True
3791,Jorethang,Sikkim,737121,IN,True
3792,Infront Of Power House Bidhuna,Uttar Pradesh,206243,IN,True
3793,Srinagar,Jammu and Kashmir,190011,IN,True
3794,Vasai,Maharashtra,401207,IN,True
3795,Agar Malwa,Madhya Pradesh,465441,IN,True
3796,Gonda,Uttar Pradesh,271002,IN,True
3797,Narnaul,Haryana,123001,IN,True
3798,Jharsuguda,Odisha,768204,IN,True
3799,Kolkata,West Bengal,700109,IN,True
3800,Gonda,Uttar Pradesh,271001,IN,True
3801,Modak,Rajasthan,326517,IN,True
3802,Nandi,Karnataka,562101,IN,True
3803,Vasai Virar,Maharashtra,401207,IN,True
3804,Tiruvallur,Tamil Nadu,600095,IN,True
3805,Neyveli,Tamil Nadu,607802,IN,True
3806,Bengaluru,Karnataka,560104,IN,True
3807,Dalhousie,Himachal Pradesh,176304,IN,True
3808,Greater Noida,Uttar Pradesh,201009,IN,True
3809,Gangtok,Sikkim,737103,IN,True
3810,Mangalore,Karnataka,575007,IN,True
3811,Bangalore,Karnataka,562106,IN,True
3812,Mysuru,Karnataka,570029,IN,True
3813,Chanderi,Madhya Pradesh,473446,IN,True
3814,Palakkad,Kerala,679303,IN,True
3815,Cherthala,Kerala,688524,IN,True
3816,Agra,Uttar Pradesh,282004,IN,True
3817,"Kosi Kalan , Mathura",Uttar Pradesh,281403,IN,True
3818,Solapur,Maharashtra,413003,IN,True
3819,Karamadai,Tamil Nadu,641104,IN,True
3820,Cheruthuruthi,Kerala,679531,IN,True
3821,Thane,Maharashtra,401504,IN,True
3822,Ekangar Sarai,Bihar,801301,IN,True
3823,Bhagalpur,Bihar,812002,IN,True
3824,Chintamani,Karnataka,563125,IN,True
3825,Kalwan,Maharashtra,423501,IN,True
3826,Vasai Virar,Maharashtra,401205,IN,True
3827,Kollam,Kerala,691015,IN,True
3828,Kolkata,West Bengal,700157,IN,True
3829,Palakkad,Kerala,678575,IN,True
3830,Panjim,Goa,403001,IN,True
3831,Coimbatore,Tamil Nadu,641002,IN,True
3832,Kurnool,Andhra Pradesh,518124,IN,True
3833,Rehambal,Jammu and Kashmir,182121,IN,True
3834,West Delhi,Delhi,110018,IN,True
3835,Udaipur,Rajasthan,342001,IN,True
3836,Hyderabad,Telangana,500046,IN,True
3837,Surandai,Tamil Nadu,627859,IN,True
3838,Shimla,Himachal Pradesh,171002,IN,True
3839,Madurai,Tamil Nadu,625017,IN,True
3840,Jamshedpur,Jharkhand,831003,IN,True
3841,Pimpri Chinchwad,Maharashtra,412114,IN,True
3842,Muzaffarpur,Bihar,843101,IN,True
3843,Kaithal,Haryana,136020,IN,True
3844,Phulia,West Bengal,741402,IN,True
3845,Rourkela,Odisha,769001,IN,True
3846,Mahendragarh District,Haryana,123028,IN,True
3847,Hiranagar,Jammu and Kashmir,184142,IN,True
3848,Limdi,Gujarat,389180,IN,True
3849,Sidlaghatta,Karnataka,562102,IN,True
3850,Kochi,Kerala,682001,IN,True
3851,Churu,Rajasthan,331701,IN,True
3852,Burhanpur,Madhya Pradesh,450331,IN,True
3853,Kozhikode,Kerala,673524,IN,True
3854,Kalyan,Maharashtra,421001,IN,True
3855,Bhainsa,Telangana,504103,IN,True
3856,Nagpur,Maharashtra,440004,IN,True
3857,Metapally,Telangana,505325,IN,True
3858,Mangaluru,Karnataka,575015,IN,True
3859,Malegaon,Maharashtra,423203,IN,True
3860,Bhadreswar,West Bengal,712125,IN,True
3861,Hajipur,Bihar,844101,IN,True
3862,Kanpur,Uttar Pradesh,208014,IN,True
3863,Biswanath Chariali,Assam,784176,IN,True
3864,Kumbakonam,Tamil Nadu,612001,IN,True
3865,Sholingur,Tamil Nadu,631102,IN,True
3866,"Kakkanad,Ernakulam",Kerala,682030,IN,True
3867,Sulya,Karnataka,574232,IN,True
3868,Siliguri,West Bengal,734003,IN,True
3869,Naigoan East,Maharashtra,401208,IN,True
3870,Jhingurda,Madhya Pradesh,486889,IN,True
3871,Muzaffarpur,Bihar,842004,IN,True
3872,Port Blair,Andaman and Nicobar Islands,744112,IN,True
3873,Vasai,Maharashtra,401203,IN,True
3874,Kanpur,Uttar Pradesh,208010,IN,True
3875,Gandhinagar,Gujarat,382010,IN,True
3876,Kunnamkulam,Kerala,680523,IN,True
3877,Kharagpur,Bihar,811213,IN,True
3878,Jutogh,Himachal Pradesh,171011,IN,True
3879,Mumbai,Maharashtra,410206,IN,True
3880,Nagercoil,Tamil Nadu,629001,IN,True
3881,Chittaurgarh,Rajasthan,312001,IN,True
3882,Chinnamandeam,Andhra Pradesh,516214,IN,True
3883,Gorakhpur,Uttar Pradesh,273408,IN,True
3884,"Pimple Saudagar,  Pune",Maharashtra,411027,IN,True
3885,Vadanappally,Kerala,680614,IN,True
3886,Tirunelveli,Tamil Nadu,627357,IN,True
3887,Nanded,Maharashtra,431601,IN,True
3888,Milak,Uttar Pradesh,244701,IN,True
3889,Fatehpur,Rajasthan,332301,IN,True
3890,Koipady,Kerala,671321,IN,True
3891,Gaya,Bihar,823003,IN,True
3892,Kesinga,Odisha,766012,IN,True
3893,Kharagpur,West Bengal,721306,IN,True
3894,Thiruvananthapuram,Kerala,695573,IN,True
3895,Bhandara,Maharashtra,441918,IN,True
3896,New Delhi,Delhi,110006,IN,True
3897,Karimnagar,Telangana,505467,IN,True
3898,Puri,Odisha,752108,IN,True
3899,Maunath Bhanjan,Uttar Pradesh,275202,IN,True
3900,Lucknow,Uttar Pradesh,226011,IN,True
3901,Tirwaganj,Uttar Pradesh,209732,IN,True
3902,Vasai East,Maharashtra,401208,IN,True
3903,Patna,Bihar,800009,IN,True
3904,Mangalvedha,Maharashtra,413305,IN,True
3905,Saharanpur,Uttar Pradesh,251307,IN,True
3906,Debra,West Bengal,721126,IN,True
3907,Gonikoppal,Karnataka,571213,IN,True
3908,Dindigul,Tamil Nadu,624701,IN,True
3909,Karaikkudi,Tamil Nadu,630001,IN,True
3910,Jagdalpur,Chhattisgarh,494001,IN,True
3911,Kalwakurthy,Telangana,509324,IN,True
3912,North Lakhimpur,Assam,787001,IN,True
3913,Delhi,Delhi,110032,IN,True
3914,Rasol,Odisha,759021,IN,True
3915,Balrampur,Chhattisgarh,497118,IN,True
3916,Rishra,West Bengal,712250,IN,True
3917,Perumbavoor,Kerala,683542,IN,True
3918,Silchar,Assam,788004,IN,True
3919,Ernakulam,Kerala,682025,IN,True
3920,Azamgarh,Uttar Pradesh,276136,IN,True
3921,Hindupur,Andhra Pradesh,515201,IN,True
3922,Thane West,Maharashtra,400606,IN,True
3923,Bidhan Nagar,West Bengal,700091,IN,True
3924,Hanagandi,Karnataka,587315,IN,True
3925,New Delhii,Delhi,110009,IN,True
3926,Secunderabad,Telangana,500062,IN,True
3927,Naugachhia,Bihar,853204,IN,True
3928,Agra,Uttar Pradesh,283105,IN,True
3929,Patiala,Punjab,147002,IN,True
3930,Howrah,West Bengal,711104,IN,True
3931,Thrissur,Kerala,680002,IN,True
3932,"Hanamkond, Warangal",Telangana,506009,IN,True
3933,Tiruchirappalli,Tamil Nadu,620026,IN,True
3934,Sanpara,Assam,781125,IN,True
3935,Kullu,Himachal Pradesh,172002,IN,True
3936,Devanahalli,Karnataka,562110,IN,True
3937,Udupi,Karnataka,576105,IN,True
3938,Gurgaon,Haryana,122003,IN,True
3939,Thrissur,Kerala,680301,IN,True
3940,Cheruthazham,Kerala,670501,IN,True
3941,Visakhapatnam,Andhra Pradesh,530004,IN,True
3942,Koppal,Karnataka,583231,IN,True
3943,Ludhiana,Punjab,141123,IN,True
3944,Shahpur,Himachal Pradesh,176208,IN,True
3945,Indore,Madhya Pradesh,452020,IN,True
3946,Athmallik,Odisha,759125,IN,True
3947,Palitana,Gujarat,364270,IN,True
3948,Changanacheri,Kerala,686536,IN,True
3949,Hyderabad,Andhra Pradesh,500089,IN,True
3950,North Barrackpur,West Bengal,700131,IN,True
3951,Adilabad,Telangana,504251,IN,True
3952,Kumta,Karnataka,581343,IN,True
3953,Chikhal Kasa,Chhattisgarh,491228,IN,True
3954,Palakkad,Kerala,678613,IN,True
3955,Bengaluru,Karnataka,562130,IN,True
3956,Ettumanoor,Kerala,686632,IN,True
3957,Bengalur,Karnataka,560061,IN,True
3958,Tuni,Andhra Pradesh,533401,IN,True
3959,Solapur,Maharashtra,413002,IN,True
3960,Jammikunta,Telangana,505122,IN,True
3961,"Tilhar, 9717754694",Uttar Pradesh,242307,IN,True
3962,Jaysingpur,Maharashtra,416101,IN,True
3963,Moradabad,Uttar Pradesh,244102,IN,True
3964,Thiruvarur,Tamil Nadu,610107,IN,True
3965,Aurangabad,Bihar,824101,IN,True
3966,Karuvanthuruthy,Kerala,673634,IN,True
3967,Hindupur,Andhra Pradesh,515212,IN,True
3968,Pune,Maharashtra,411025,IN,True
3969,Suri,West Bengal,731102,IN,True
3970,Alappuzha,Kerala,688504,IN,True
3971,Lucknow,Uttar Pradesh,227101,IN,True
3972,Madura,Tamil Nadu,625017,IN,True
3973,Tarakeswar,West Bengal,712410,IN,True
3974,Sukhchar,West Bengal,700115,IN,True
3975,Varanasi,Uttar Pradesh,221011,IN,True
3976,Dhanaulti,Uttarakhand,249145,IN,True
3977,Pune 16,Maharashtra,411016,IN,True
3978,Wadrafnagar,Chhattisgarh,497225,IN,True
3979,Alibag,Maharashtra,402201,IN,True
3980,Ongole,Andhra Pradesh,523002,IN,True
3981,Srinivaspur,Karnataka,563135,IN,True
3982,Ganjam,Odisha,761037,IN,True
3983,Banglore,Karnataka,560016,IN,True
3984,Chaibasa,Jharkhand,833201,IN,True
3985,Paripally,Kerala,691574,IN,True
3986,Nallasopara East,Maharashtra,401209,IN,True
3987,Kodungallur,Kerala,680682,IN,True
3988,Nalgonda,Telangana,508373,IN,True
3989,Trichirapalli,Tamil Nadu,621216,IN,True
3990,Faridabad,Haryana,121101,IN,True
3991,Attingal,Kerala,695103,IN,True
3992,Dighwara,Bihar,841207,IN,True
3993,Patratu,Jharkhand,829118,IN,True
3994,Manalmedu,Tamil Nadu,609202,IN,True
3995,Chopda,Maharashtra,425107,IN,True
3996,Bhawanipatna,Odisha,766029,IN,True
3997,Godhra,Gujarat,389001,IN,True
3998,Mirzapur Cum Vindhyachal,Uttar Pradesh,231312,IN,True
3999,Zahirabad,Telangana,502220,IN,True
4000,Banswara,Rajasthan,327604,IN,True
4001,Atmakur Sri Potti Sriramulu,Andhra Pradesh,524322,IN,True
4002,Kolkata,West Bengal,700096,IN,True
4003,Kollam,Kerala,691601,IN,True
4004,Kanpur,Uttar Pradesh,208015,IN,True
4005,Alapuzhya,Kerala,689509,IN,True
4006,Vindhya Nagar,Madhya Pradesh,486886,IN,True
4007,Aurangabad,Maharashtra,431007,IN,True
4008,Una,Himachal Pradesh,177209,IN,True
4009,Kottayam,Kerala,686541,IN,True
4010,Shivamogga,Karnataka,577422,IN,True
4011,Ottapalam,Kerala,679515,IN,True
4012,Vijayawada,Andhra Pradesh,520011,IN,True
4013,Kanigiri,Andhra Pradesh,523230,IN,True
4014,Bhubaneswar,Odisha,751007,IN,True
4015,Ahmedabad 380013,Gujarat,380013,IN,True
4016,Thirunageswaram,Tamil Nadu,612204,IN,True
4017,Kodad,Telangana,508206,IN,True
4018,Guntur,Andhra Pradesh,522509,IN,True
4019,Badlapur East,Maharashtra,421503,IN,True
4020,Jamshedpur,Jharkhand,831014,IN,True
4021,Bengaluru,Karnataka,560018,IN,True
4022,Pathanamthitta,Kerala,689547,IN,True
4023,Hailakandi,Assam,788155,IN,True
4024,Kankavli,Maharashtra,416602,IN,True
4025,Nagercoil,Tamil Nadu,629004,IN,True
4026,Shahapur Thane District,Maharashtra,421601,IN,True
4027,Meerut,Uttar Pradesh,250110,IN,True
4028,Renigunta,Andhra Pradesh,517520,IN,True
4029,Kudlu,Kerala,671124,IN,True
4030,Kalpetta,Kerala,673121,IN,True
4031,Kuthiathode,Kerala,688540,IN,True
4032,Kannur,Kerala,670012,IN,True
4033,District Pune,Maharashtra,412405,IN,True
4034,Barasat,West Bengal,700127,IN,True
4035,Uppala,Kerala,671322,IN,True
4036,Mysuru,Karnataka,570026,IN,True
4037,"Champakulam, Alappuzhaa",Kerala,688505,IN,True
4038,Parassala,Kerala,695502,IN,True
4039,Namrup,Assam,786623,IN,True
4040,Barwani,Madhya Pradesh,451551,IN,True
4041,Haora,West Bengal,711302,IN,True
4042,Uttarkashi,Uttarakhand,249151,IN,True
4043,Hyderabad,Telangana,500061,IN,True
4044,Akola,Maharashtra,444005,IN,True
4045,New Delhi,Delhi,110080,IN,True
4046,Parasi,Uttar Pradesh,231225,IN,True
4047,Thrissur,Kerala,680123,IN,True
4048,"Ravet, Pune",Maharashtra,412101,IN,True
4049,Palakkad,Kerala,679514,IN,True
4050,Vadakara,Kerala,673308,IN,True
4051,Vijapura,Karnataka,586103,IN,True
4052,Bagnan,West Bengal,711303,IN,True
4053,Hyderabad,Telangana,509217,IN,True
4054,Hyderabad,Telangana,500026,IN,True
4055,Tiswadi,Goa,403104,IN,True
4056,Rayagada Rayagada District,Odisha,765002,IN,True
4057,Kannur,Kerala,670663,IN,True
4058,Delhi,Delhi,110060,IN,True
4059,Jamnagar,Gujarat,361001,IN,True
4060,Neyyattinkara,Kerala,695126,IN,True
4061,Aland,Karnataka,585302,IN,True
4062,Gandhidham,Gujarat,370205,IN,True
4063,Thrissur,Kerala,680005,IN,True
4064,Corbett,Uttarakhand,244715,IN,True
4065,Vellore,Tamil Nadu,632006,IN,True
4066,Mannar,Kerala,689623,IN,True
4067,Puzhakkal,Kerala,680553,IN,True
4068,Allahabad,Uttar Pradesh,211007,IN,True
4069,Gautam Budh Nagar,Uttar Pradesh,201305,IN,True
4070,Kottamkara,Kerala,691005,IN,True
4071,Chemancheri,Kerala,673304,IN,True
4072,Kendrapara,Odisha,754213,IN,True
4073,Gondiya,Maharashtra,441601,IN,True
4074,Jashpurnagar,Chhattisgarh,496331,IN,True
4075,Bhanger,West Bengal,743502,IN,True
4076,Madurai,Tamil Nadu,625005,IN,True
4077,Vengara,Kerala,676304,IN,True
4078,Kottayam,Kerala,686513,IN,True
4079,Changanacherry,Kerala,686537,IN,True
4080,"Wagholi ,Pune",Maharashtra,412207,IN,True
4081,Kuttippuram,Kerala,679571,IN,True
4082,Ernakulam,Kerala,682028,IN,True
4083,Patiala,Punjab,147003,IN,True
4084,Kalol Gandhinagar District,Gujarat,382721,IN,True
4085,Raghunathpur,Bihar,854317,IN,True
4086,Surendranagar,Gujarat,363030,IN,True
4087,Bengalure,Karnataka,560040,IN,True
4088,Dumka,Jharkhand,814101,IN,True
4089,Raipur,Chhattisgarh,492099,IN,True
4090,"Yelahanka, Bangalore",Karnataka,560064,IN,True
4091,Karur,Tamil Nadu,620009,IN,True
4092,New Guwahati Tiniali,Assam,781020,IN,True
4093,Allahabad,Uttar Pradesh,211019,IN,True
4094,Hamirpur,Himachal Pradesh,177027,IN,True
4095,Bachra,Jharkhand,829201,IN,True
4096,North Delhi,Delhi,110009,IN,True
4097,Medchal,Telangana,501401,IN,True
4098,Soro,Odisha,756045,IN,True
4099,Sri Ganganagar,Rajasthan,335002,IN,True
4100,Jehanabad,Bihar,804408,IN,True
4101,Kasargod,Kerala,671531,IN,True
4102,Kondapi,Andhra Pradesh,523279,IN,True
4103,Thiruvananthapuram,Kerala,695019,IN,True
4104,Puttur,Karnataka,574259,IN,True
4105,Pattamundai,Odisha,754215,IN,True
4106,Sayan,Gujarat,394150,IN,True
4107,Dharmadom,Kerala,670106,IN,True
4108,Ernakulam,Kerala,686667,IN,True
4109,"Nana Kapaya, Mundra",Gujarat,370421,IN,True
4110,Nagpur,Maharashtra,441108,IN,True
4111,Yamunanagar,Haryana,135003,IN,True
4112,Thiruvananthapuram,Kerala,695607,IN,True
4113,Hyderabad,Telangana,500025,IN,True
4114,Bengaluru,Karnataka,560063,IN,True
4115,Gorakhpur,Uttar Pradesh,273005,IN,True
4116,Thiruvananthapuram,Kerala,695313,IN,True
4117,Margao,Goa,403716,IN,True
4118,Baihar,Madhya Pradesh,481111,IN,True
4119,"Thrikkodithanam P O, Changanacherry",Kerala,686105,IN,True
4120,Bcs New Shimla,Himachal Pradesh,171009,IN,True
4121,Lalpur,Gujarat,361142,IN,True
4122,"Balipatna, Khurda",Odisha,752102,IN,True
4123,Matla,West Bengal,743329,IN,True
4124,Kolar,Karnataka,563146,IN,True
4125,Kollam,Kerala,691016,IN,True
4126,Vijayawada,Andhra Pradesh,521134,IN,True
4127,Gurzala,Andhra Pradesh,522415,IN,True
4128,Kolkata,West Bengal,700094,IN,True
4129,Karkal,Karnataka,576121,IN,True
4130,Berhampur,Odisha,760008,IN,True
4131,Tanuku,Andhra Pradesh,534211,IN,True
4132,",Hyderabad",Telangana,500038,IN,True
4133,Nanded Waghala,Maharashtra,431601,IN,True
4134,Adilabad,Telangana,504104,IN,True
4135,Kolkata,West Bengal,700140,IN,True
4136,Pune,Maharashtra,412210,IN,True
4137,Chittoor,Andhra Pradesh,517237,IN,True
4138,Sumerpur,Uttar Pradesh,210502,IN,True
4139,Vanjipalayam,Tamil Nadu,641663,IN,True
4140,Rajkot,Gujarat,360007,IN,True
4141,Vellore,Tamil Nadu,632059,IN,True
4142,Koithoorkonam,Kerala,695584,IN,True
4143,Guntur,Andhra Pradesh,522004,IN,True
4144,Ahmedabad,Gujarat,382445,IN,True
4145,Kodaikanal,Tamil Nadu,624101,IN,True
4146,Coimbatore,Tamil Nadu,641044,IN,True
4147,Jhinjhak,Uttar Pradesh,209302,IN,True
4148,Khagaria,Bihar,851204,IN,True
4149,Kuppam,Andhra Pradesh,517425,IN,True
4150,Bhainsdehi,Madhya Pradesh,460225,IN,True
4151,Zirakpur,Punjab,160004,IN,True
4152,Thiruvananthapuram,Kerala,695018,IN,True
4153,Udalguri,Assam,784509,IN,True
4154,New Delhi,Delhi,110020,IN,True
4155,Beltangadi,Karnataka,574240,IN,True
4156,Udupi,Karnataka,576103,IN,True
4157,Antah,Rajasthan,325209,IN,True
4158,Parichha,Uttar Pradesh,284305,IN,True
4159,Sulya,Karnataka,574327,IN,True
4160,Villupuram.,Tamil Nadu,605602,IN,True
4161,Bhadrachalam,Telangana,507111,IN,True
4162,Mangaluru,Karnataka,575014,IN,True
4163,Kajora,West Bengal,713338,IN,True
4164,"Bhojipura, Bareilly",Uttar Pradesh,243202,IN,True
4165,Vizianagaram,Andhra Pradesh,535001,IN,True
4166,Sarai Mir,Uttar Pradesh,223227,IN,True
4167,Hooghly,West Bengal,712101,IN,True
4168,Shoranur,Kerala,679122,IN,True
4169,Ahmedabad,Gujarat,380050,IN,True
4170,Khajuraho,Madhya Pradesh,471606,IN,True
4171,Bangalore,Karnataka,560071,IN,True
4172,Sihora,Madhya Pradesh,483225,IN,True
4173,Madhubani,Bihar,847236,IN,True
4174,Bhiwandi,Maharashtra,421305,IN,True
4175,Kanchipuram,Tamil Nadu,602106,IN,True
4176,Reasi,Jammu and Kashmir,182311,IN,True
4177,Samana,Punjab,147101,IN,True
4178,Thiruvananthapuram,Kerala,695311,IN,True
4179,Mananthavady,Kerala,670645,IN,True
4180,Nizamabad,Telangana,503225,IN,True
4181,Korochi,Maharashtra,416116,IN,True
4182,Gwalior,Madhya Pradesh,474002,IN,True
4183,Ramganjmandi,Rajasthan,326519,IN,True
4184,Moga,Punjab,142001,IN,True
4185,Rajgir,Bihar,803109,IN,True
4186,Kottayam,Kerala,686606,IN,True
4187,Chittoor,Andhra Pradesh,517619,IN,True
4188,Haridwar,Uttarakhand,249407,IN,True
4189,Kadi,Gujarat,382715,IN,True
4190,Murud,Maharashtra,402401,IN,True
4191,Balimela,Odisha,764051,IN,True
4192,Adoni,Andhra Pradesh,518302,IN,True
4193,Pandripani,Chhattisgarh,496242,IN,True
4194,Guntur,Andhra Pradesh,522213,IN,True
4195,Ghazipur,Uttar Pradesh,275204,IN,True
4196,East Delhi,Delhi,110031,IN,True
4197,Kanpur,Uttar Pradesh,209217,IN,True
4198,"Thiruvalla , Pathanamthitta (District)",Kerala,689108,IN,True
4199,Kalaburgi,Karnataka,585103,IN,True
4200,Chakia Pipra,Bihar,845416,IN,True
4201,Bangalore,Karnataka,560092,IN,True
4202,Nanded,Maharashtra,431606,IN,True
4203,Bhagalpur,Bihar,812005,IN,True
4204,Ilkal,Karnataka,587125,IN,True
4205,Jhabrera,Uttarakhand,247665,IN,True
4206,Wayanad,Kerala,670721,IN,True
4207,Kakinada,Andhra Pradesh,533002,IN,True
4208,"Kataram, Jayashankar Bhupalapally District",Telangana,505503,IN,True
4209,Sindri Dhanbad,Jharkhand,828122,IN,True
4210,Lunawada,Gujarat,389230,IN,True
4211,"Goregaon West, Mumbai",Maharashtra,400062,IN,True
4212,Bokajan,Assam,782490,IN,True
4213,Kora Jahanabad,Uttar Pradesh,212659,IN,True
4214,Bijuri,Madhya Pradesh,484440,IN,True
4215,Bhind,Madhya Pradesh,477001,IN,True
4216,Guwahati,Assam,781009,IN,True
4217,Westparasi,Uttar Pradesh,231225,IN,True
4218,Edathala,Kerala,683561,IN,True
4219,Mangalore,Karnataka,575002,IN,True
4220,Kodinar,Gujarat,362725,IN,True
4221,Mulund W,Maharashtra,400080,IN,True
4222,Shillong,Meghalaya,793014,IN,True
4223,Hyderabad,Andhra Pradesh,502032,IN,True
4224,Tirunelvelli Dist,Tamil Nadu,627105,IN,True
4225,Pune,Maharashtra,410506,IN,True
4226,Modinagar,Uttar Pradesh,201201,IN,True
4227,Attayampatti,Tamil Nadu,636308,IN,True
4228,Nagpur,Maharashtra,440033,IN,True
4229,Punnapara,Kerala,688004,IN,True
4230,Surat,Gujarat,395008,IN,True
4231,Palakkad,Kerala,678014,IN,True
4232,Rajgurunagar Khed,Maharashtra,410505,IN,True
4233,Secunderabad 500094,Telangana,500094,IN,True
4234,Bangalore,Karnataka,560062,IN,True
4235,Ramanathapuram,Tamil Nadu,623503,IN,True
4236,Patna,Bihar,804453,IN,True
4237,Tura,Meghalaya,794001,IN,True
4238,Karivellur,Kerala,670521,IN,True
4239,Srikakulam,Andhra Pradesh,532401,IN,True
4240,Visakhapatnam,Andhra Pradesh,530003,IN,True
4241,Pamur,Andhra Pradesh,523108,IN,True
4242,Pavaratty,Kerala,680507,IN,True
4243,Harihar,Karnataka,577601,IN,True
4244,Banasthali,Rajasthan,304022,IN,True
4245,Neemuch,Madhya Pradesh,458441,IN,True
4246,Kalamassery Ph No: 9074200347,Kerala,682024,IN,True
4247,Kakinada,Andhra Pradesh,533001,IN,True
4248,Basavana Bagevadi,Karnataka,586203,IN,True
4249,Guwahati,Assam,781013,IN,True
4250,Jodhpur,Rajasthan,342025,IN,True
4251,Kolkata,West Bengal,700025,IN,True
4252,Bardoli,Gujarat,394601,IN,True
4253,Gorakhpur,Uttar Pradesh,273012,IN,True
4254,Bewar,Uttar Pradesh,205301,IN,True
4255,Jamshedpur,Jharkhand,831008,IN,True
4256,Indapur,Maharashtra,413106,IN,True
4257,Maralia,Jammu and Kashmir,181101,IN,True
4258,Nanded Waghala,Maharashtra,431605,IN,True
4259,Secunderabad,Telangana,500016,IN,True
4260,Muktsar,Punjab,152026,IN,True
4261,Varkala,Kerala,695312,IN,True
4262,Warangal,Telangana,506006,IN,True
4263,Sambalpur,Odisha,768006,IN,True
4264,Dandeli(Uttar Kannada),Karnataka,581325,IN,True
4265,Ambarnath West,Maharashtra,421501,IN,True
4266,Numaligarh Refinery Township,Assam,785699,IN,True
4267,Greater Noida West,Uttar Pradesh,201308,IN,True
4268,Tiruchirappalli,Tamil Nadu,620011,IN,True
4269,Belgaum,Karnataka,591124,IN,True
4270,"Medipally ,Hyderabad",Telangana,500039,IN,True
4271,Mahabubnagar,Andhra Pradesh,509001,IN,True
4272,Guwahati,Assam,781171,IN,True
4273,Thiruthangal,Tamil Nadu,626130,IN,True
4274,Yol,Himachal Pradesh,176052,IN,True
4275,Visakhapatnam,Andhra Pradesh,530045,IN,True
4276,Sivaganga,Tamil Nadu,630561,IN,True
4277,Pune,Maharashtra,412105,IN,True
4278,Sipajhar,Assam,784145,IN,True
4279,Bandia,Uttarakhand,263148,IN,True
4280,Ntpc Kaniha Township,Odisha,759147,IN,True
4281,Patoda,Maharashtra,414204,IN,True
4282,Srinagar,Jammu and Kashmir,190023,IN,True
4283,Thalassery,Kerala,670104,IN,True
4284,Panchgani,Maharashtra,412805,IN,True
4285,Nepanagar,Madhya Pradesh,450331,IN,True
4286,Gurugram.,Haryana,122001,IN,True
4287,Bangalore,Karnataka,560094,IN,True
4288,Pamidi,Andhra Pradesh,515775,IN,True
4289,Edavanakad,Kerala,682502,IN,True
4290,Mormugao,Goa,403726,IN,True
4291,Noida,Uttar Pradesh,201009,IN,True
4292,Perumbavoor,Kerala,683544,IN,True
4293,Balasore,Odisha,756019,IN,True
4294,Muvattupuzha,Kerala,682316,IN,True
4295,Bhuban,Odisha,759024,IN,True
4296,Faridabad,Haryana,121007,IN,True
4297,Bangalore,Karnataka,560008,IN,True
4298,Kothakota,Telangana,509381,IN,True
4299,Ayoor,Kerala,691533,IN,True
4300,Panihati,West Bengal,700049,IN,True
4301,Ulliyeri,Kerala,673321,IN,True
4302,"Goregaon - East, Mumbai",Maharashtra,400063,IN,True
4303,Thrissur,Kerala,680007,IN,True
4304,Kanpur,Uttar Pradesh,208005,IN,True
4305,Kadapa,Andhra Pradesh,516350,IN,True
4306,Thane,Maharashtra,401501,IN,True
4307,Faridabad,Haryana,121013,IN,True
4308,Ernakulam District,Kerala,683108,IN,True
4309,Munger,Bihar,813212,IN,True
4310,Sangameshwar,Maharashtra,415804,IN,True
4311,Jalandhar,Punjab,144302,IN,True
4312,Kishangarh Ajmer District,Rajasthan,305802,IN,True
4313,Sivagiri Virdhunagar District,Tamil Nadu,626121,IN,True
4314,Bundia,Odisha,768225,IN,True
4315,Dharwad,Karnataka,580002,IN,True
4316,Meenadom,Kerala,686516,IN,True
4317,Nagpur,Maharashtra,440021,IN,True
4318,Kanniyakumari,Tamil Nadu,629180,IN,True
4319,Chandrakona,West Bengal,721201,IN,True
4320,Venketraipur,Odisha,761002,IN,True
4321,Jillelaguda,Telangana,500079,IN,True
4322,Baragaon,Odisha,770016,IN,True
4323,Tinsukia District,Assam,786148,IN,True
4324,Pithoragarh,Uttarakhand,262530,IN,True
4325,Goa Velha,Goa,403204,IN,True
4326,Thane,Maharashtra,421201,IN,True
4327,Guntur,Andhra Pradesh,522034,IN,True
4328,Guntur,Andhra Pradesh,522259,IN,True
4329,Ranchi,Jharkhand,835217,IN,True
4330,Kollam,Kerala,691333,IN,True
4331,Khammam,Telangana,507165,IN,True
4332,Nowrozabad,Madhya Pradesh,484555,IN,True
4333,Gudivada Krishna District,Andhra Pradesh,521301,IN,True
4334,Ponnani,Kerala,679584,IN,True
4335,Vellangallur,Kerala,680662,IN,True
4336,Vizianagaram,Andhra Pradesh,535216,IN,True
4337,Hajipur,Bihar,844102,IN,True
4338,Tiruchirappalli,Tamil Nadu,620007,IN,True
4339,Bihpuria,Assam,784161,IN,True
4340,Thane,Maharashtra,421202,IN,True
4341,Manmad,Maharashtra,423104,IN,True
4342,Noida,Uttar Pradesh,201306,IN,True
4343,Coimbatore,Tamil Nadu,641028,IN,True
4344,Mumbai,Maharashtra,400007,IN,True
4345,Dombivali West - 421202,Maharashtra,421202,IN,True
4346,Lavasa,Maharashtra,412112,IN,True
4347,Davanagere,Karnataka,577003,IN,True
4348,Giridih,Jharkhand,815311,IN,True
4349,Gopalganj,Bihar,841423,IN,True
4350,Sipcot Thoothukudi,Tamil Nadu,628008,IN,True
4351,Chhoti Sadri,Rajasthan,312604,IN,True
4352,Feroke,Kerala,673631,IN,True
4353,Pothreddipalle,Telangana,502295,IN,True
4354,Indore,Madhya Pradesh,453331,IN,True
4355,Chakan,Maharashtra,410501,IN,True
4356,Rajpur Sonarpur,West Bengal,700148,IN,True
4357,Cachar,Assam,788004,IN,True
4358,Chandrapur,Maharashtra,442501,IN,True
4359,Janjgir,Chhattisgarh,495668,IN,True
4360,Koratla,Telangana,505326,IN,True
4361,Pernem,Goa,403512,IN,True
4362,Vadodara,Gujarat,391340,IN,True
4363,Eranholi,Kerala,670107,IN,True
4364,Thiruvananthapuram,Kerala,695040,IN,True
4365,Puruliya,West Bengal,723101,IN,True
4366,Sujangarh,Rajasthan,331507,IN,True
4367,Chelakkara,Kerala,680586,IN,True
4368,Bangalore,Karnataka,560017,IN,True
4369,Kohlapur,Maharashtra,416118,IN,True
4370,Chennai,Tamil Nadu,600027,IN,True
4371,Tilhar,Uttar Pradesh,242307,IN,True
4372,Malappuram,Kerala,676503,IN,True
4373,Dubbak,Telangana,502108,IN,True
4374,Haora,West Bengal,711101,IN,True
4375,Tiruvannamalai,Tamil Nadu,606901,IN,True
4376,Udupi,Karnataka,576106,IN,True
4377,Kalimpong,West Bengal,734311,IN,True
4378,Golaghat,Assam,785699,IN,True
4379,Jaunpur,Uttar Pradesh,222141,IN,True
4380,Pimpri Chinchwad,Maharashtra,411039,IN,True
4381,Raghunalhi Bcmc Layout,Karnataka,560062,IN,True
4382,Khammam,Telangana,507209,IN,True
4383,Tirur,Kerala,676101,IN,True
4384,Porvorim Bardez,Goa,403511,IN,True
4385,"Ponkunnam, Kottayam District",Kerala,686504,IN,True
4386,Suryapet,Telangana,508213,IN,True
4387,Aliganj,Uttar Pradesh,207247,IN,True
4388,Palai,Kerala,686575,IN,True
4389,Madanganj-Kishangarh  Ajmer,Rajasthan,305801,IN,True
4390,Thrippunithura,Kerala,682309,IN,True
4391,Jaipur,Rajasthan,302005,IN,True
4392,"Maduravoyal,Chennai",Tamil Nadu,600095,IN,True
4393,Sambalpur,Odisha,768200,IN,True
4394,Bhilai,Chhattisgarh,491107,IN,True
4395,Alappuzha,Kerala,690517,IN,True
4396,Polba Dadpur,West Bengal,712305,IN,True
4397,Bhiwandi,Maharashtra,421311,IN,True
4398,Thiruvalla,Kerala,689115,IN,True
4399,Chennai,Tamil Nadu,603203,IN,True
4400,Seraulim,Goa,403708,IN,True
4401,Delhi,Delhi,110088,IN,True
4402,"Ambarnath, West",Maharashtra,421501,IN,True
4403,Sonepur,Bihar,841101,IN,True
4404,Mangalore,Karnataka,575001,IN,True
4405,Chennai,Tamil Nadu,603211,IN,True
4406,Srikalahasti,Andhra Pradesh,517644,IN,True
4407,Nuzvid,Andhra Pradesh,521201,IN,True
4408,Silchar,Assam,788001,IN,True
4409,Thane,Maharashtra,401303,IN,True
4410,Chikballapur,Karnataka,562101,IN,True
4411,Kuthuparamba,Kerala,670643,IN,True
4412,Amravati,Maharashtra,444602,IN,True
4413,Kanchipuram,Tamil Nadu,600100,IN,True
4414,Dombivali,Maharashtra,421202,IN,True
4415,Kalamassery,Kerala,682030,IN,True
4416,Darbhanga,Bihar,846004,IN,True
4417,Gudalur The Nilgiris District,Tamil Nadu,643212,IN,True
4418,Bakulia,Assam,782482,IN,True
4419,Konnagar,West Bengal,712246,IN,True
4420,Greater Noida,Uttar Pradesh,201307,IN,True
4421,Kolkata,West Bengal,700049,IN,True
4422,Jamshedpur,Jharkhand,831001,IN,True
4423,Ichapur,West Bengal,743144,IN,True
4424,Sanaur,Punjab,147103,IN,True
4425,Kollam,Kerala,691011,IN,True
4426,Jamuria,West Bengal,713336,IN,True
4427,Bangalore,Karnataka,560097,IN,True
4428,Kolkata,West Bengal,700135,IN,True
4429,Honavar,Karnataka,581361,IN,True
4430,Bilaspur,Chhattisgarh,495006,IN,True
4431,Bhayandar East,Maharashtra,401105,IN,True
4432,Silchar,Assam,788006,IN,True
4433,Varkala,Kerala,695143,IN,True
4434,Satara,Maharashtra,415205,IN,True
4435,Patna,Bihar,801113,IN,True
4436,Shamli,Uttar Pradesh,251305,IN,True
4437,Unai,Gujarat,396590,IN,True
4438,Narasannapeta,Andhra Pradesh,532421,IN,True
4439,Bengaluru,Karnataka,560039,IN,True
4440,Tiruppur,Tamil Nadu,641606,IN,True
4441,Jhabua,Madhya Pradesh,457661,IN,True
4442,Barkakana,Jharkhand,829103,IN,True
4443,Haveri,Karnataka,581116,IN,True
4444,Raigarh Town,Chhattisgarh,496001,IN,True
4445,Warud,Maharashtra,444906,IN,True
4446,Anand,Gujarat,388430,IN,True
4447,Gummidipoondi,Tamil Nadu,601201,IN,True
4448,"Jillelguda , Meerpet , Hyderabad",Telangana,500097,IN,True
4449,Puthur,Kerala,680317,IN,True
4450,Petlad,Gujarat,388480,IN,True
4451,Bengaluru,Karnataka,562149,IN,True
4452,Guledgudda,Karnataka,587203,IN,True
4453,Kangra,Himachal Pradesh,176103,IN,True
4454,Guntur,Andhra Pradesh,522414,IN,True
4455,Town,Tamil Nadu,605102,IN,True
4456,Cherthala,Kerala,688530,IN,True
4457,Anakapalle,Andhra Pradesh,531011,IN,True
4458,Palwancha,Telangana,507115,IN,True
4459,Vikas Puri,Delhi,110018,IN,True
4460,Amravati,Maharashtra,444604,IN,True
4461,Katra Shahjahanpur District,Uttar Pradesh,242301,IN,True
4462,Jammu,Jammu and Kashmir,181205,IN,True
4463,Madurai,Tamil Nadu,625012,IN,True
4464,Srinagar,Jammu and Kashmir,190019,IN,True
4465,Bengaluru,Karnataka,560080,IN,True
4466,Narela Delhi,Delhi,110040,IN,True
4467,Mangaluru,Karnataka,575013,IN,True
4468,Kotputli,Rajasthan,303108,IN,True
4469,Vikramasingapuram,Tamil Nadu,627428,IN,True
4470,Sangrur,Punjab,148001,IN,True
4471,Nawalgarh,Rajasthan,333304,IN,True
4472,Belagavi,Karnataka,591242,IN,True
4473,Khardah,West Bengal,700118,IN,True
4474,Noida,Uttar Pradesh,201313,IN,True
4475,Kunjathur,Kerala,671323,IN,True
4476,Khammam,Telangana,507302,IN,True
4477,Damoh,Madhya Pradesh,470661,IN,True
4478,Chattukappara,Kerala,670592,IN,True
4479,Edappally,Kerala,682024,IN,True
4480,Mavoor,Kerala,673602,IN,True
4481,Visnagar,Gujarat,384315,IN,True
4482,Nagpur,Maharashtra,440018,IN,True
4483,Ahemadabad,Gujarat,380028,IN,True
4484,Bazpur,Uttarakhand,262401,IN,True
4485,Vijayapura,Karnataka,562135,IN,True
4486,Brahmapuri,Maharashtra,441206,IN,True
4487,Banganlore,Karnataka,560064,IN,True
4488,Hosur / Krishnagiri District,Tamil Nadu,635103,IN,True
4489,Tirunelveli,Tamil Nadu,627011,IN,True
4490,Kolhapur,Maharashtra,416213,IN,True
4491,New Delhi,Delhi,110040,IN,True
4492,Dehradun,Uttarakhand,248013,IN,True
4493,Boudh,Odisha,762016,IN,True
4494,Motbung,Manipur,795107,IN,True
4495,Karamadai,Tamil Nadu,641019,IN,True
4496,Nazra,West Bengal,743375,IN,True
4497,Kannur,Kerala,670561,IN,True
4498,Vadodara,Gujarat,391320,IN,True
4499,Tandur,Telangana,501141,IN,True
4500,Gurugram,Haryana,122051,IN,True
4501,Mandsaur,Madhya Pradesh,458002,IN,True
4502,Khairabad Mau District,Uttar Pradesh,276403,IN,True
4503,Hyderabad,Telangana,500088,IN,True
4504,Niuland,Nagaland,797112,IN,True
4505,Kolkata 700104,West Bengal,700104,IN,True
4506,Anantnag,Jammu and Kashmir,192101,IN,True
4507,Naya Nangal,Punjab,140126,IN,True
4508,"Baramati,Pune",Maharashtra,413102,IN,True
4509,Bankura,West Bengal,722150,IN,True
4510,Coimbatore,Tamil Nadu,641001,IN,True
4511,Ghatal,West Bengal,721212,IN,True
4512,Khalilabad,Uttar Pradesh,272175,IN,True
4513,Hathras,Uttar Pradesh,204101,IN,True
4514,Arasur,Tamil Nadu,641407,IN,True
4515,Kamptee,Maharashtra,441001,IN,True
4516,Ganjam,Odisha,760004,IN,True
4517,Kolhapur,Maharashtra,416505,IN,True
4518,Kakinada,Andhra Pradesh,533004,IN,True
4519,Gaya,Bihar,823002,IN,True
4520,Delhi,Delhi,110084,IN,True
4521,Annavaram,Andhra Pradesh,533406,IN,True
4522,Dharamgarh,Odisha,766015,IN,True
4523,Ponjassery Perumbavoor,Kerala,683547,IN,True
4524,"Devgad, Sindhudurg",Maharashtra,416811,IN,True
4525,Kattappana,Kerala,685515,IN,True
4526,Bhunter,Himachal Pradesh,175125,IN,True
4527,Silchar,Assam,788005,IN,True
4528,Guntur,Andhra Pradesh,522111,IN,True
4529,Purnia,Bihar,854326,IN,True
4530,City,Delhi,110062,IN,True
4531,Nalbari,Assam,781353,IN,True
4532,Vellore,Tamil Nadu,632602,IN,True
4533,Bidadi,Karnataka,562109,IN,True
4534,Kolkata,West Bengal,700067,IN,True
4535,Pathanamthitta,Kerala,689646,IN,True
4536,Goa Velha,Goa,403104,IN,True
4537,Seoni,Madhya Pradesh,480888,IN,True
4538,Gadag,Karnataka,582103,IN,True
4539,"Nallapadu, Guntur",Andhra Pradesh,522005,IN,True
4540,Bokajan,Assam,782480,IN,True
4541,Lakhimpur,Uttar Pradesh,261506,IN,True
4542,Tadpatri,Andhra Pradesh,515411,IN,True
4543,Bhopal,Madhya Pradesh,462003,IN,True
4544,Virudhunagar,Tamil Nadu,626001,IN,True
4545,Tiruvannamalai,Tamil Nadu,606601,IN,True
4546,Vellakoil,Tamil Nadu,638111,IN,True
4547,"Tekkali, Srikakulam",Andhra Pradesh,532201,IN,True
4548,Birbhum,West Bengal,731213,IN,True
4549,Aralvaimozhi,Tamil Nadu,629301,IN,True
4550,Pathalgaon,Chhattisgarh,496118,IN,True
4551,Haveri,Karnataka,581205,IN,True
4552,Kolambe,Karnataka,574151,IN,True
4553,Kunnathunad,Kerala,682303,IN,True
4554,Bankra,West Bengal,711403,IN,True
4555,"Bhubaneshwar, Odisha",Odisha,751010,IN,True
4556,"Pavnar , Wardha",Maharashtra,442111,IN,True
4557,Kanchipuram,Tamil Nadu,600061,IN,True
4558,Kanpur Dehat,Uttar Pradesh,209115,IN,True
4559,Kiriburu,Jharkhand,833223,IN,True
4560,Kollam,Kerala,691012,IN,True
4561,Banka,Bihar,813205,IN,True
4562,Berhampur,Odisha,760004,IN,True
4563,Sivaganga,Tamil Nadu,630551,IN,True
4564,Chalakudy,Kerala,680307,IN,True
4565,Delhi,Delhi,110094,IN,True
4566,Malda,West Bengal,732209,IN,True
4567,Dostpur,Uttar Pradesh,228131,IN,True
4568,Pathanamthitta,Kerala,689691,IN,True
4569,Gurmatkal,Karnataka,585214,IN,True
4570,Dombivli,Maharashtra,421203,IN,True
4571,Srinagar,Jammu and Kashmir,190017,IN,True
4572,Ottappalam,Kerala,679504,IN,True
4573,"Sahar Road, Andheri-East, Mumbai",Maharashtra,400069,IN,True
4574,Onda,Goa,403530,IN,True
4575,Near Nahur Railway Station Nahur  East Mumbai,Maharashtra,400042,IN,True
4576,Mohadi Midc,Maharashtra,441909,IN,True
4577,Kozhikode,Kerala,673029,IN,True
4578,Amroha,Uttar Pradesh,244221,IN,True
4579,Barabanki,Uttar Pradesh,225003,IN,True
4580,Pakyong,Sikkim,737106,IN,True
4581,Kolhapur,Maharashtra,416006,IN,True
4582,Ottappalam,Kerala,679102,IN,True
4583,Visakhapatnam,Andhra Pradesh,530014,IN,True
4584,Soreng,Sikkim,737121,IN,True
4585,Muvattupuzha,Kerala,686661,IN,True
4586,Marcel,Goa,403107,IN,True
4587,Gurugram,Haryana,122052,IN,True
4588,Vashi,Maharashtra,400703,IN,True
4589,Sawai Madhopur,Rajasthan,322001,IN,True
4590,Kudus,Maharashtra,421312,IN,True
4591,Kumarapuram,Kerala,690514,IN,True
4592,Elchuru,Andhra Pradesh,523303,IN,True
4593,"Abhayapuri, Bongaigaon",Assam,783384,IN,True
4594,Kundapura,Karnataka,576231,IN,True
4595,Supa Midc,Maharashtra,414301,IN,True
4596,Diphu,Assam,782460,IN,True
4597,Nalbari,Assam,781346,IN,True
4598,Bhinga,Uttar Pradesh,271831,IN,True
4599,Kannamangalam Alappuzha District,Kerala,690106,IN,True
4600,Malda,West Bengal,732202,IN,True
4601,Latur,Maharashtra,413531,IN,True
4602,Guntur,Andhra Pradesh,522613,IN,True
4603,Muzaffarnagar,Uttar Pradesh,251002,IN,True
4604,Howrah,West Bengal,711105,IN,True
4605,Chowwara,Kerala,683574,IN,True
4606,Manipuzha Kottayam,Kerala,686012,IN,True
4607,Khairi,Himachal Pradesh,176325,IN,True
4608,Chelpur,Telangana,506168,IN,True
4609,Jodhpur,Rajasthan,342015,IN,True
4610,Dhar,Madhya Pradesh,454001,IN,True
4611,Solapur,Maharashtra,413004,IN,True
4612,Pundri,Haryana,136042,IN,True
4613,Nallasopara (East),Maharashtra,401209,IN,True
4614,Hyderabad,Andhra Pradesh,500008,IN,True
4615,Rajahmundry,Andhra Pradesh,533107,IN,True
4616,Guwahati,Assam,781038,IN,True
4617,Baripada,Odisha,757107,IN,True
4618,Fatehgarh Panjtoor,Punjab,142043,IN,True
4619,Gonda,Uttar Pradesh,271202,IN,True
4620,Avinashi,Tamil Nadu,641654,IN,True
4621,Ambedkar Nagar,Uttar Pradesh,224147,IN,True
4622,Namakkal,Tamil Nadu,637003,IN,True
4623,Mudigere,Karnataka,577132,IN,True
4624,Kalyan-Dombivli,Maharashtra,421202,IN,True
4625,Patna,Bihar,800027,IN,True
4626,Greater Noida,Uttar Pradesh,201312,IN,True
4627,Anugul,Odisha,759122,IN,True
4628,Chennai,Tamil Nadu,600124,IN,True
4629,Sagar,West Bengal,743373,IN,True
4630,Mandya,Karnataka,571448,IN,True
4631,Bengaluru,Karnataka,560089,IN,True
4632,Vaishali,Bihar,844124,IN,True
4633,Khalapur,Maharashtra,410203,IN,True
4634,Kangra,Himachal Pradesh,176115,IN,True
4635,Vadakara,Kerala,673105,IN,True
4636,Puttur,Karnataka,574230,IN,True
4637,Changanacherry,Kerala,686102,IN,True
4638,Thatipaka,Andhra Pradesh,533249,IN,True
4639,Kashimnagar,West Bengal,731221,IN,True
4640,Dibrugarh,Assam,786005,IN,True
4641,Kozhikode,Kerala,673611,IN,True
4642,Kozhikode,Kerala,673017,IN,True
4643,Ponkunnam (Kottayam),Kerala,686506,IN,True
4644,Kollam,Kerala,691310,IN,True
4645,"Madhu Vihar, Lucknow Kanpur Highway",Uttar Pradesh,209859,IN,True
4646,Dalhousie,Himachal Pradesh,176305,IN,True
4647,Jhajjar,Haryana,124507,IN,True
4648,"Kakkad, Mukkam, Kozhikode",Kerala,673602,IN,True
4649,Guna,Madhya Pradesh,473001,IN,True
4650,Bangalore,Karnataka,560040,IN,True
4651,Rohtak 124001,Haryana,124001,IN,True
4652,"Kanjirapally, Kottayam",Kerala,686520,IN,True
4653,Salem,Tamil Nadu,636007,IN,True
4654,Shiroda,Goa,403103,IN,True
4655,Raghunathganj,West Bengal,742235,IN,True
4656,Pathanamthitta,Kerala,689532,IN,True
4657,Musafirkhana,Uttar Pradesh,227813,IN,True
4658,Kottayam,Kerala,686633,IN,True
4659,Aligarh,Uttar Pradesh,202281,IN,True
4660,Charummoodu,Kerala,690505,IN,True
4661,Panruti,Tamil Nadu,607106,IN,True
4662,Puthur,Kerala,680014,IN,True
4663,Thiruvananthapuram,Kerala,695023,IN,True
4664,Kota,Andhra Pradesh,524411,IN,True
4665,Old Alwal  Secunderabad,Telangana,500010,IN,True
4666,Basudebpur Purba Medinipur District,West Bengal,721422,IN,True
4667,Jamshedpur,Jharkhand,832110,IN,True
4668,Calicut,Kerala,673633,IN,True
4669,Kharagpur,West Bengal,721302,IN,True
4670,Madurai,Tamil Nadu,625702,IN,True
4671,Nagaur,Rajasthan,341001,IN,True
4672,Serampore,West Bengal,712203,IN,True
4673,Itarsi,Madhya Pradesh,461111,IN,True
4674,Gobra Nawapara,Chhattisgarh,493881,IN,True
4675,Kareli,Madhya Pradesh,487221,IN,True
4676,Kolkata,West Bengal,700030,IN,True
4677,Yellandu,Telangana,507123,IN,True
4678,Udupi,Karnataka,576102,IN,True
4679,Chennai,Tamil Nadu,600019,IN,True
4680,Silchar,Assam,788009,IN,True
4681,Srinagar,Jammu and Kashmir,191101,IN,True
4682,Dombivli East,Maharashtra,421204,IN,True
4683,Alamcode Malappuram District,Kerala,679585,IN,True
4684,Pachmarhi,Madhya Pradesh,461881,IN,True
4685,Rangia,Assam,781354,IN,True
4686,Biharsharif,Bihar,803118,IN,True
4687,Jodhpur,Rajasthan,342011,IN,True
4688,Bengaluru South,Karnataka,560037,IN,True
4689,Bangalore,Karnataka,560005,IN,True
4690,Milakpur,Haryana,127032,IN,True
4691,Nagbhid,Maharashtra,441205,IN,True
4692,Guwahati,Assam,781040,IN,True
4693,Bindki,Uttar Pradesh,212631,IN,True
4694,Itanagar,Arunachal Pradesh,791109,IN,True
4695,Trikaripur,Kerala,671349,IN,True
4696,Adinad,Kerala,690542,IN,True
4697,Hospet,Karnataka,583201,IN,True
4698,Malkajgiri,Telangana,500047,IN,True
4699,Mandi,Himachal Pradesh,175021,IN,True
4700,Thodupuzha,Kerala,685583,IN,True
4701,Pune,Maharashtra,411018,IN,True
4702,Bareilly,Uttar Pradesh,243002,IN,True
4703,Shevgaon,Maharashtra,414502,IN,True
4704,Benaulim,Goa,403716,IN,True
4705,Elappara,Kerala,685501,IN,True
4706,South West Delhi,Delhi,110016,IN,True
4707,Araria,Bihar,854311,IN,True
4708,Dharmapuri,Telangana,505425,IN,True
4709,Palakkad,Kerala,678631,IN,True
4710,Talcher,Odisha,759100,IN,True
4711,Jalpaiguri,West Bengal,735101,IN,True
4712,Cochin,Kerala,682002,IN,True
4713,Buxar,Bihar,802103,IN,True
4714,Shillong,Meghalaya,793005,IN,True
4715,Mangaluru,Karnataka,575004,IN,True
4716,Bathery,Kerala,673596,IN,True
4717,Kodakara,Kerala,680684,IN,True
4718,Shillong,Meghalaya,793009,IN,True
4719,Kannamangalam Alappuzha District,Kerala,690103,IN,True
4720,Chandrapur,Maharashtra,442402,IN,True
4721,Nuvem,Goa,403604,IN,True
4722,Arakonam,Tamil Nadu,631001,IN,True
4723,Ernakulam,Kerala,682506,IN,True
4724,Jamnagar,Gujarat,361140,IN,True
4725,Palakkad,Kerala,678506,IN,True
4726,Murwara Katni,Madhya Pradesh,483501,IN,True
4727,Kollam,Kerala,691007,IN,True
4728,Kadapa,Andhra Pradesh,516390,IN,True
4729,Bahadrabad Gas Plant Haridwar,Uttarakhand,249403,IN,True
4730,Bangalore,Karnataka,560045,IN,True
4731,Bareilly,Uttar Pradesh,243003,IN,True
4732,Erode,Tamil Nadu,638011,IN,True
4733,Pareo,Bihar,802160,IN,True
4734,Kanniyakumari,Tamil Nadu,629851,IN,True
4735,Imphal,Manipur,795010,IN,True
4736,Puducherry,Puducherry,605011,IN,True
4737,Jammu,Jammu and Kashmir,180012,IN,True
4738,Cherthala,Kerala,688531,IN,True
4739,Gurugram,Haryana,122008,IN,True
4740,Khunti,Jharkhand,835210,IN,True
4741,Haveri,Karnataka,581110,IN,True
4742,Betul,Madhya Pradesh,460447,IN,True
4743,Secunderabad.,Telangana,500015,IN,True
4744,Jamai,Madhya Pradesh,480551,IN,True
4745,Guntur  District,Andhra Pradesh,522265,IN,True
4746,Tirunelveli,Tamil Nadu,627007,IN,True
4747,Barbigha,Bihar,811101,IN,True
4748,Kanhirode,Kerala,670592,IN,True
4749,Raipur,Chhattisgarh,492008,IN,True
4750,Vazhapadi,Tamil Nadu,636111,IN,True
4751,Bengaluru,Karnataka,560074,IN,True
4752,Nuh,Haryana,122107,IN,True
4753,Shahdol,Madhya Pradesh,484114,IN,True
4754,Hyderabad,Telangana,502336,IN,True
4755,Bangalore,Karnataka,560084,IN,True
4756,Bhiwani,Haryana,127020,IN,True
4757,Salem,Tamil Nadu,636302,IN,True
4758,Torangallu,Karnataka,583275,IN,True
4759,Warangal,Telangana,506004,IN,True
4760,Hyderabad,Telangana,500077,IN,True
4761,Nashik,Maharashtra,422012,IN,True
4762,Mumbai 400070,Maharashtra,400070,IN,True
4763,Challapalle,Andhra Pradesh,521126,IN,True
4764,Kozhikode,Kerala,673020,IN,True
4765,Thiruvananthapuram,Kerala,695008,IN,True
4766,Pantheeramkavu,Kerala,673019,IN,True
4767,Shahjahanpur,Uttar Pradesh,242127,IN,True
4768,Karkal,Karnataka,574110,IN,True
4769,Virudhunagar,Tamil Nadu,626117,IN,True
4770,53Miles,Himachal Pradesh,176056,IN,True
4771,Mysore,Karnataka,570004,IN,True
4772,"Mudichur,Chennai",Tamil Nadu,600048,IN,True
4773,Navsari,Gujarat,396450,IN,True
4774,Pune,Maharashtra,412202,IN,True
4775,"Mondh , Bhadohi",Uttar Pradesh,221406,IN,True
4776,Ambattur,Tamil Nadu,600053,IN,True
4777,Secundrabad,Telangana,500061,IN,True
4778,Muniyappan Kovil,Tamil Nadu,637303,IN,True
4779,Cuttack,Odisha,754021,IN,True
4780,Sehore,Madhya Pradesh,466001,IN,True
4781,Tiruppur,Tamil Nadu,641652,IN,True
4782,Hooghly,West Bengal,712248,IN,True
4783,Jamshedpur,Jharkhand,831002,IN,True
4784,Coimbatore 641041,Tamil Nadu,641041,IN,True
4785,Bakhri,Bihar,848201,IN,True
4786,Murshidabad,West Bengal,742226,IN,True
4787,Gangtok,Sikkim,737102,IN,True
4788,Sangole,Maharashtra,413309,IN,True
4789,Chennai -600053,Tamil Nadu,600053,IN,True
4790,Kanhangad,Kerala,671314,IN,True
4791,Guwahati,Assam,781037,IN,True
4792,Zira,Punjab,142047,IN,True
4793,Alangad,Kerala,683511,IN,True
4794,Berhampore,West Bengal,742149,IN,True
4795,Dhanaura,Uttar Pradesh,244231,IN,True
4796,Udupi,Karnataka,576107,IN,True
4797,"Pudupakkam Village, Siruseri",Tamil Nadu,603103,IN,True
4798,Jadugora,Jharkhand,832102,IN,True
4799,"Kattanam  , Allepy",Kerala,690503,IN,True
4800,New Delhi,Delhi,110071,IN,True
4801,Siruguppa,Karnataka,583121,IN,True
4802,Ernakulam,Kerala,683562,IN,True
4803,Bengaluru 560064,Karnataka,560064,IN,True
4804,Sagar,Madhya Pradesh,470001,IN,True
4805,Tundla Kham,Uttar Pradesh,283204,IN,True
4806,"Hajipur, Vaishali",Bihar,844101,IN,True
4807,Thimmarayagowda Layout Banashankari 3Rd Statge,Karnataka,560085,IN,True
4808,Karwi,Uttar Pradesh,210205,IN,True
4809,Bhopal,Madhya Pradesh,462021,IN,True
4810,Kudal,Maharashtra,416520,IN,True
4811,Kota,Rajasthan,324008,IN,True
4812,Riico Industrial Area Gudli,Rajasthan,313201,IN,True
4813,Jaipur,Rajasthan,303301,IN,True
4814,Kolkata,West Bengal,700110,IN,True
4815,Kharghar,Maharashtra,410210,IN,True
4816,Kalyan West,Maharashtra,421311,IN,True
4817,Chengalpattu,Tamil Nadu,603003,IN,True
4818,Vythiri,Kerala,673591,IN,True
4819,Andipatti,Tamil Nadu,625512,IN,True
4820,Palakkad,Kerala,678007,IN,True
4821,Uttar Kamakhyaguri,West Bengal,736202,IN,True
4822,Jhansi,Uttar Pradesh,284128,IN,True
4823,Cochin,Kerala,682024,IN,True
4824,Mangaluru,Karnataka,575008,IN,True
4825,Ismailabad,Haryana,136129,IN,True
4826,Khambhat,Gujarat,388620,IN,True
4827,Kaladhungi,Uttarakhand,263139,IN,True
4828,Maihar,Madhya Pradesh,485771,IN,True
4829,Kochi,Kerala,682507,IN,True
4830,Nawabganj,Uttar Pradesh,225204,IN,True
4831,Perambakkam,Tamil Nadu,631402,IN,True
4832,Gurugram,Haryana,122005,IN,True
4833,Talasari,Maharashtra,401606,IN,True
4834,Rajsamand,Rajasthan,313329,IN,True
4835,Pollachi,Tamil Nadu,642104,IN,True
4836,Amravati,Maharashtra,444607,IN,True
4837,Nawanshahr,Punjab,144514,IN,True
4838,Mettur,Tamil Nadu,636401,IN,True
4839,Panaji,Goa,403004,IN,True
4840,Bangarapet,Karnataka,563114,IN,True
4841,Chitranjan,West Bengal,713331,IN,True
4842,Bharatpur,Rajasthan,321001,IN,True
4843,Thane (W),Maharashtra,400610,IN,True
4844,Vasind,Maharashtra,421601,IN,True
4845,"Perunna, Changanacherry, Kottayam",Kerala,686102,IN,True
4846,Tiruvallur,Tamil Nadu,600060,IN,True
4847,Dindori,Maharashtra,422202,IN,True
4848,Thalore Thrissur,Kerala,680306,IN,True
4849,Kanpur,Uttar Pradesh,208023,IN,True
4850,South Goa,Goa,403604,IN,True
4851,Raipur,Chhattisgarh,492004,IN,True
4852,Quepem,Goa,403705,IN,True
4853,Thane Mumbai,Maharashtra,401107,IN,True
4854,Tuticorin,Tamil Nadu,628101,IN,True
4855,Kottayam,Kerala,686010,IN,True
4856,Baharagora,Jharkhand,832101,IN,True
4857,Salbani,West Bengal,721132,IN,True
4858,Hukeri,Karnataka,591309,IN,True
4859,Kandla,Gujarat,370210,IN,True
4860,Vijayawada,Andhra Pradesh,521101,IN,True
4861,Warangal,Telangana,506349,IN,True
4862,Kalka,Haryana,133302,IN,True
4863,Ahmedabad,Gujarat,382455,IN,True
4864,Garhshankar,Punjab,144532,IN,True
4865,Jhalrapatan,Rajasthan,326023,IN,True
4866,Naidupeta,Andhra Pradesh,524126,IN,True
4867,Tathawade  Pune,Maharashtra,411033,IN,True
4868,Thrikakara,Kerala,682021,IN,True
4869,Nidadavole,Andhra Pradesh,534301,IN,True
4870,Thrissur,Kerala,680501,IN,True
4871,Khardaha,West Bengal,700112,IN,True
4872,Khardaha,West Bengal,700117,IN,True
4873,Dehradun,Uttarakhand,248197,IN,True
4874,Kanjikode Industrial Area,Kerala,678623,IN,True
4875,Haldwani District Nainital,Uttarakhand,263139,IN,True
4876,Kothapalle,Andhra Pradesh,533447,IN,True
4877,Varanasi,Uttar Pradesh,221004,IN,True
4878,Panachikkad,Kerala,686531,IN,True
4879,Deralakatte,Karnataka,575018,IN,True
4880,Mirzapur,Uttar Pradesh,231304,IN,True
4881,Madhira,Telangana,507203,IN,True
4882,Sikandra Rao,Uttar Pradesh,204215,IN,True
4883,Guwahatiguwahati,Assam,781005,IN,True
4884,Baripada,Odisha,757001,IN,True
4885,Ahmedabad 380014,Gujarat,380014,IN,True
4886,Ahmednagar,Maharashtra,414003,IN,True
4887,"Hanamkonda, Warangal Urban",Telangana,506001,IN,True
4888,New Delhi,Delhi,110066,IN,True
4889,Konni,Kerala,689691,IN,True
4890,Kanjirapilly,Kerala,686508,IN,True
4891,Lucknow,Uttar Pradesh,226023,IN,True
4892,Khanapur,Maharashtra,415307,IN,True
4893,Raipur,Chhattisgarh,492015,IN,True
4894,Kosi Kalan,Uttar Pradesh,281403,IN,True
4895,Jamalpur,Bihar,811214,IN,True
4896,Rampurhat Ii,West Bengal,731217,IN,True
4897,Jamnagar,Gujarat,361008,IN,True
4898,Murum,Maharashtra,413605,IN,True
4899,"Vashi, New Mumbai.",Maharashtra,400703,IN,True
4900,Trivandurm,Kerala,695023,IN,True
4901,Haflong,Assam,788819,IN,True
4902,Panjim,Goa,403521,IN,True
4903,Amalapuram,Andhra Pradesh,533210,IN,True
4904,Mumbai,Maharashtra,400615,IN,True
4905,Pallikoda,Tamil Nadu,635809,IN,True
4906,Ponnamaravathi,Tamil Nadu,622407,IN,True
4907,Pandharpur,Maharashtra,413304,IN,True
4908,Bheemunipatnam,Andhra Pradesh,531163,IN,True
4909,Mysuru,Karnataka,570028,IN,True
4910,"Khandavalli, Peravali Mandal, West Godavari",Andhra Pradesh,534330,IN,True
4911,Gandhinagar,Gujarat,382421,IN,True
4912,"Thane West ,Majiwade",Maharashtra,400601,IN,True
4913,Chirala,Andhra Pradesh,523157,IN,True
4914,Parvathipuram,Andhra Pradesh,535522,IN,True
4915,Goraya,Punjab,144409,IN,True
4916,Coimbatore,Tamil Nadu,641036,IN,True
4917,Changodar Gidc,Gujarat,382213,IN,True
4918,Chakia,Bihar,845412,IN,True
4919,Pune,Maharashtra,410501,IN,True
4920,Farooqnagar,Telangana,509216,IN,True
4921,North Kalamassery,Kerala,683104,IN,True
4922,Bodh Gaya,Bihar,824231,IN,True
4923,Alwar,Rajasthan,301410,IN,True
4924,Nizamabad,Telangana,503245,IN,True
4925,Hyderabad,Telangana,502300,IN,True
4926,Chennai,Tamil Nadu,600084,IN,True
4927,Thiruvalla,Kerala,689106,IN,True
4928,Nilakkottai,Tamil Nadu,624208,IN,True
4929,Bhavanisagar,Tamil Nadu,638451,IN,True
4930,Bhadreswar,West Bengal,712139,IN,True
4931,Bhilai,Chhattisgarh,490026,IN,True
4932,Gurugram,Haryana,122012,IN,True
4933,Ntpc Barh Township,Bihar,803213,IN,True
4934,Kangra,Himachal Pradesh,176029,IN,True
4935,Wanaparthy,Telangana,509103,IN,True
4936,Nellore,Andhra Pradesh,524346,IN,True
4937,Rampur,Himachal Pradesh,172001,IN,True
4938,Khordha,Odisha,752057,IN,True
4939,Kodungallur,Kerala,680667,IN,True
4940,Warangal Urban,Telangana,506370,IN,True
4941,Surajgarh,Rajasthan,333029,IN,True
4942,Ghatal,West Bengal,721148,IN,True
4943,Puthunagaram,Kerala,678505,IN,True
4944,Kolkata,West Bengal,700012,IN,True
4945,Thrissur,Kerala,680691,IN,True
4946,Kolhapur,Maharashtra,416007,IN,True
4947,Virar (W),Maharashtra,401303,IN,True
4948,Kochi,Kerala,682023,IN,True
4949,Yellapur,Karnataka,581359,IN,True
4950,Matenhail,Haryana,124106,IN,True
4951,Kolkata  39,West Bengal,700039,IN,True
4952,Udupi,Karnataka,576115,IN,True
4953,Velur,Tamil Nadu,638182,IN,True
4954,Gauriganj,Uttar Pradesh,227409,IN,True
4955,Raebareli,Uttar Pradesh,229122,IN,True
4956,Chennai,Tamil Nadu,600052,IN,True
4957,Padmapur,Odisha,765025,IN,True
4958,Jalna,Maharashtra,431213,IN,True
4959,Jalalabad,Punjab,152024,IN,True
4960,Baleshwar,Odisha,756001,IN,True
4961,Mumbai,Maharashtra,400709,IN,True
4962,Sibsagar,Assam,785681,IN,True
4963,Areraj,Bihar,845411,IN,True
4964,Ernakulam,Kerala,683575,IN,True
4965,Karaikkudi,Tamil Nadu,630307,IN,True
4966,Tirupati,Andhra Pradesh,517520,IN,True
4967,Shankarampet A,Telangana,502271,IN,True
4968,Pune-411014,Maharashtra,411014,IN,True
4969,Peruvallur,Kerala,673638,IN,True
4970,Navi Mumbai,Maharashtra,400710,IN,True
4971,Patna,Bihar,803213,IN,True
4972,Sodpur,West Bengal,700113,IN,True
4973,Hapur,Uttar Pradesh,245101,IN,True
4974,Lawan,Chhattisgarh,493526,IN,True
4975,Palakkad,Kerala,679533,IN,True
4976,Wadakkanchery,Kerala,680589,IN,True
4977,Vallapuzha Palakkad,Kerala,679336,IN,True
4978,"Kurnool, India",Andhra Pradesh,518004,IN,True
4979,Kathgodam,Uttarakhand,263126,IN,True
4980,Kottayam,Kerala,686019,IN,True
4981,Mumbai,Maharashtra,401101,IN,True
4982,Kamothe,Maharashtra,410209,IN,True
4983,"Mangalam, Tirupati",Andhra Pradesh,517507,IN,True
4984,Jamda,Odisha,757045,IN,True
4985,Aurangabad,Maharashtra,431006,IN,True
4986,Chikiti,Odisha,761010,IN,True
4987,Khammam,Telangana,507166,IN,True
4988,Ichhapur,West Bengal,743144,IN,True
4989,Chintamani,Karnataka,563128,IN,True
4990,Madhubani,Bihar,847212,IN,True
4991,Shillong,Meghalaya,793003,IN,True
4992,Dhule,Maharashtra,425422,IN,True
4993,Gurgaon,Haryana,122015,IN,True
4994,Kolhapur,Maharashtra,416104,IN,True
4995,Coimbatore,Tamil Nadu,641653,IN,True
4996,Shamli,Uttar Pradesh,247776,IN,True
4997,Kailasagiri,Tamil Nadu,635808,IN,True
4998,Mahesana,Gujarat,384002,IN,True
4999,Jammu,Jammu and Kashmir,180006,IN,True
5000,Baramula,Jammu and Kashmir,193101,IN,True
5001,Vijapura,Karnataka,586109,IN,True
5002,Quilandy,Kerala,673305,IN,True
5003,Kundapura,Karnataka,576201,IN,True
5004,Devarapalli,Andhra Pradesh,534313,IN,True
5005,Mandla,Madhya Pradesh,481665,IN,True
5006,Bangalore,Karnataka,560064,IN,True
5007,Dibrugarh,Assam,786003,IN,True
5008,Dantewada,Chhattisgarh,494449,IN,True
5009,Khamgaon,Maharashtra,444303,IN,True
5010,Siana,Uttar Pradesh,203412,IN,True
5011,Mavoor,Kerala,673008,IN,True
5012,Bargarh,Odisha,768052,IN,True
5013,East Khasi Hills,Meghalaya,793018,IN,True
5014,Jammu,Jammu and Kashmir,181133,IN,True
5015,Masaurhi,Bihar,804452,IN,True
5016,Baramati,Maharashtra,413102,IN,True
5017,Dergaon,Assam,785614,IN,True
5018,Paharpur,Bihar,845458,IN,True
5019,Kovvuru,Andhra Pradesh,534350,IN,True
5020,Nirmal,Telangana,504106,IN,True
5021,Madurai,Tamil Nadu,625001,IN,True
5022,Gadwal,Telangana,509125,IN,True
5023,Meham Distt. Rohtak,Haryana,124112,IN,True
5024,Sanoor,Karnataka,574114,IN,True
5025,Kapurthala,Punjab,144601,IN,True
5026,Naduvannur  Kozhikode (District )Balussery(Town),Kerala,673614,IN,True
5027,Salem,Tamil Nadu,637501,IN,True
5028,Pimpalgaon,Maharashtra,422209,IN,True
5029,Imphal East,Manipur,795001,IN,True
5030,Pune,Maharashtra,411034,IN,True
5031,Madhupur,Jharkhand,815353,IN,True
5032,Pathanamthitta,Kerala,689672,IN,True
5033,Mahoba,Uttar Pradesh,210427,IN,True
5034,Thrissur Dt,Kerala,680751,IN,True
5035,"Elakamon, Varkala",Kerala,695310,IN,True
5036,"Feroke,Calicut",Kerala,673631,IN,True
5037,Mulagumudu,Tamil Nadu,629167,IN,True
5038,Khanivali,Maharashtra,421312,IN,True
5039,Kalamassery,Kerala,682022,IN,True
5040,Navi Mumbai,Maharashtra,412210,IN,True
5041,Mainpuri,Uttar Pradesh,205001,IN,True
5042,Changanacherry,Kerala,686104,IN,True
5043,Edavilangu,Kerala,680664,IN,True
5044,Porayar,Tamil Nadu,609307,IN,True
5045,Jalandhar,Punjab,144006,IN,True
5046,Assandh,Haryana,132039,IN,True
5047,Nanded,Maharashtra,431709,IN,True
5048,Pebbair,Telangana,509104,IN,True
5049,Shimla,Himachal Pradesh,171003,IN,True
5050,Phulabani,Odisha,762001,IN,True
5051,Bengaluru,Karnataka,562106,IN,True
5052,Ranipettai,Tamil Nadu,632401,IN,True
5053,West Godavari,Andhra Pradesh,534235,IN,True
5054,"South Kalamassery, Ernakulam",Kerala,682033,IN,True
5055,Delhi,Delhi,110027,IN,True
5056,Guna,Madhya Pradesh,473287,IN,True
5057,Ponnekallup,Andhra Pradesh,522018,IN,True
5058,Gautam Budha Nagar,Uttar Pradesh,201008,IN,True
5059,Ambarnath,Maharashtra,421505,IN,True
5060,Perinthalmanna,Kerala,679325,IN,True
5061,Supane,Maharashtra,415114,IN,True
5062,Dharwad,Karnataka,580008,IN,True
5063,Medak,Telangana,502277,IN,True
5064,Tirunelveli,Tamil Nadu,627004,IN,True
5065,Thrissur,Kerala,680614,IN,True
5066,Rangapara,Assam,784101,IN,True
5067,Kendrapara,Odisha,754227,IN,True
5068,Thrissur,Kerala,680564,IN,True
5069,Kalyani,West Bengal,741234,IN,True
5070,Naugarh,Uttar Pradesh,272207,IN,True
5071,Srinagar,Jammu and Kashmir,190007,IN,True
5072,Kundgol,Karnataka,581113,IN,True
5073,Mulgund,Karnataka,582117,IN,True
5074,Bhongir,Telangana,508116,IN,True
5075,Vazhayur,Kerala,673633,IN,True
5076,Perumbavoor,Kerala,683545,IN,True
5077,Thrissur,Kerala,680655,IN,True
5078,"Mohli, Dharamshala",Himachal Pradesh,176215,IN,True
5079,Neyveli,Tamil Nadu,607803,IN,True
5080,Sonipat,Haryana,131027,IN,True
5081,Adoor,Kerala,691551,IN,True
5082,Kunnamkulam,Kerala,680542,IN,True
5083,"Kottaram, Kanyakumari",Tamil Nadu,629703,IN,True
5084,Nawada,Bihar,805126,IN,True
5085,Jaipur,Rajasthan,302031,IN,True
5086,Satagalli 1St Stage,Karnataka,570019,IN,True
5087,Thrissur,Kerala,680004,IN,True
5088,Rampura Phul,Punjab,151103,IN,True
5089,Haora,West Bengal,711104,IN,True
5090,Thrissur,Kerala,680306,IN,True
5091,Tiruvethipuram,Tamil Nadu,604407,IN,True
5092,"Peringara P O,Tiruvalla",Kerala,689108,IN,True
5093,Ladwa State- Kurukshetra,Haryana,136132,IN,True
5094,Courtalam,Tamil Nadu,627818,IN,True
5095,Palakkad,Kerala,678681,IN,True
5096,Padiyam,Kerala,680612,IN,True
5097,Bengaluru East,Karnataka,560087,IN,True
5098,"Rourkela , Dist - Sundargarh",Odisha,769002,IN,True
5099,Godda,Jharkhand,814133,IN,True
5100,Harugeri,Karnataka,591220,IN,True
5101,New Delhi 110016,Delhi,110016,IN,True
5102,Baraut,Uttar Pradesh,250611,IN,True
5103,East Godavari,Andhra Pradesh,533003,IN,True
5104,Ibrahimpatnam,Andhra Pradesh,521456,IN,True
5105,Korba,Chhattisgarh,495677,IN,True
5106,Pariyaram,Kerala,670503,IN,True
5107,Ambikanagara,Karnataka,581363,IN,True
5108,Pratapgarh,Uttar Pradesh,230139,IN,True
5109,Ratnagiri,Maharashtra,415602,IN,True
5110,Madikeri,Karnataka,571248,IN,True
5111,Vellore,Tamil Nadu,632514,IN,True
5112,Pilkhuwa,Uttar Pradesh,245304,IN,True
5113,Bhilai Durg,Chhattisgarh,490006,IN,True
5114,Birpur,Bihar,854340,IN,True
5115,Ramanujganj,Chhattisgarh,497220,IN,True
5116,Atchutapuram Apsez,Andhra Pradesh,531011,IN,True
5117,Mumbai - 400062,Maharashtra,400062,IN,True
5118,Ambernath East Dist Thane,Maharashtra,421501,IN,True
5119,Bantval,Karnataka,574231,IN,True
5120,Basavakalyan,Karnataka,585327,IN,True
5121,Dungarpur,Rajasthan,314406,IN,True
5122,Hamirpur,Himachal Pradesh,177001,IN,True
5123,Tumkur,Karnataka,572106,IN,True
5124,Anuppur,Madhya Pradesh,484887,IN,True
5125,Barapali,Odisha,768029,IN,True
5126,Thane,Maharashtra,401203,IN,True
5127,Nagpur,Maharashtra,440005,IN,True
5128,Alur,Karnataka,573213,IN,True
5129,Hubli,Karnataka,580030,IN,True
5130,Dhule,Maharashtra,424005,IN,True
5131,Chinchani,Maharashtra,401103,IN,True
5132,Tezu,Arunachal Pradesh,792001,IN,True
5133,Wardha,Maharashtra,442102,IN,True
5134,Ernakulam District,Kerala,683518,IN,True
5135,Arvi Wardha,Maharashtra,442201,IN,True
5136,Alappuzha,Kerala,688532,IN,True
5137,Naranapura,Karnataka,577547,IN,True
5138,Madurai- 625004,Tamil Nadu,625004,IN,True
5139,Khurja(Bulandshar),Uttar Pradesh,203131,IN,True
5140,Chandausi,Uttar Pradesh,244412,IN,True
5141,Indore,Madhya Pradesh,452002,IN,True
5142,Paria,Bihar,811211,IN,True
5143,Allahabad,Uttar Pradesh,211013,IN,True
5144,Indore,Madhya Pradesh,452003,IN,True
5145,Salem,Tamil Nadu,636001,IN,True
5146,Kollam,Kerala,691502,IN,True
5147,Kunnathur,Kerala,690540,IN,True
5148,"Barrackpore , Kolkata",West Bengal,700120,IN,True
5149,Jorhat,Assam,785616,IN,True
5150,Gagret,Himachal Pradesh,177201,IN,True
5151,Chagallu,Andhra Pradesh,534342,IN,True
5152,Coimbatore,Tamil Nadu,641016,IN,True
5153,"Raigarh, Navi Mumbai",Maharashtra,410210,IN,True
5154,Unnao,Uttar Pradesh,209867,IN,True
5155,Dahivadi,Maharashtra,415508,IN,True
5156,Uthamapalayam,Tamil Nadu,625533,IN,True
5157,Range Reddy Dist,Telangana,500091,IN,True
5158,Somvarpet,Karnataka,571236,IN,True
5159,Vadodara,Gujarat,390004,IN,True
5160,"Khadki,Pune",Maharashtra,411003,IN,True
5161,Sibsagar,Assam,785697,IN,True
5162,Belthara Road,Uttar Pradesh,221715,IN,True
5163,Balumath,Jharkhand,829202,IN,True
5164,Pandharkaoda,Maharashtra,445302,IN,True
5165,Bangalore,Karnataka,560058,IN,True
5166,Vijay Pore,Jammu and Kashmir,184120,IN,True
5167,Bagalkot,Karnataka,587101,IN,True
5168,Ambedkar Nagar,Uttar Pradesh,224168,IN,True
5169,Kolkata,West Bengal,700081,IN,True
5170,Ankleshwar,Gujarat,393002,IN,True
5171,Agra,Uttar Pradesh,283119,IN,True
5172,Unjha,Gujarat,384170,IN,True
5173,Kalyan (East),Maharashtra,421306,IN,True
5174,Vengathur,Tamil Nadu,602002,IN,True
5175,Mandideep,Madhya Pradesh,462046,IN,True
5176,Vijayawada,Andhra Pradesh,521130,IN,True
5177,Okhaport,Gujarat,361350,IN,True
5178,Bambooflat,Andaman and Nicobar Islands,744107,IN,True
5179,Haldia,West Bengal,721645,IN,True
5180,Tenkasi,Tamil Nadu,627855,IN,True
5181,Basudebpur/Bhadrak,Odisha,756125,IN,True
5182,Nellore,Andhra Pradesh,524305,IN,True
5183,Jalandhar,Punjab,144009,IN,True
5184,Hyderabad,Telangana,502305,IN,True
5185,Pillaiarkuppam,Puducherry,607402,IN,True
5186,Jammu,Jammu and Kashmir,181132,IN,True
5187,Majhihara,Odisha,752103,IN,True
5188,Dindigul,Tamil Nadu,624003,IN,True
5189,Kakinada,Andhra Pradesh,533016,IN,True
5190,Kuruppapady (Via),Kerala,683545,IN,True
5191,Rajapalayam Virudhunagar District,Tamil Nadu,626117,IN,True
5192,Kolkata 700039,West Bengal,700039,IN,True
5193,Kakkodi,Kerala,673611,IN,True
5194,Ulhasnagar 4,Maharashtra,421004,IN,True
5195,"Gautam Budh Nagar , Noida",Uttar Pradesh,201304,IN,True
5196,Coimbatore,Tamil Nadu,641014,IN,True
5197,"Po-Jagannathpur,Phulnakhra Dist-Khurda",Odisha,754001,IN,True
5198,Inderavelly,Telangana,504346,IN,True
5199,Rasipuram,Tamil Nadu,637408,IN,True
5200,Bihar Sharif,Bihar,803107,IN,True
5201,Durg,Chhattisgarh,490020,IN,True
5202,Narasingapuram Vellore District,Tamil Nadu,632515,IN,True
5203,Derapur,Uttar Pradesh,209301,IN,True
5204,Chikkamagaluru,Karnataka,577102,IN,True
5205,"Hyderabad,Rangareddy",Telangana,500039,IN,True
5206,Faizabad,Uttar Pradesh,224121,IN,True
5207,Gursahaiganj,Uttar Pradesh,209722,IN,True
5208,Surat,Gujarat,394515,IN,True
5209,Mithapur,Gujarat,361345,IN,True
5210,"Rajarhaat , Kolkata",West Bengal,700136,IN,True
5211,Bihta,Bihar,801103,IN,True
5212,Ahmedabad,Gujarat,380026,IN,True
5213,Udaipur,Rajasthan,313024,IN,True
5214,Pampore,Jammu and Kashmir,192121,IN,True
5215,Anakapalle,Andhra Pradesh,531001,IN,True
5216,Ilampillai,Tamil Nadu,637502,IN,True
5217,New Delhi,Delhi,110061,IN,True
5218,Malappuram,Kerala,676317,IN,True
5219,Kottuvally,Kerala,683518,IN,True
5220,Bangalore,Karnataka,560033,IN,True
5221,Adoor,Kerala,691552,IN,True
5222,Narasingapuram Vellore District,Tamil Nadu,632406,IN,True
5223,Kalchini,West Bengal,735217,IN,True
5224,Silchar,Assam,788015,IN,True
5225,Kolkata,West Bengal,700105,IN,True
5226,South 24 Parganas,West Bengal,700152,IN,True
5227,Mayurbhanj,Odisha,757035,IN,True
5228,Margherita,Assam,786181,IN,True
5229,Dharmsala,Himachal Pradesh,176215,IN,True
5230,Hyderabad,Andhra Pradesh,500001,IN,True
5231,Anugul,Odisha,759111,IN,True
5232,Uppinangady,Karnataka,574241,IN,True
5233,Bhayander (Easy),Maharashtra,401105,IN,True
5234,"Koyilandy, Kozhikode",Kerala,673620,IN,True
5235,Vishakhapatnam,Andhra Pradesh,530046,IN,True
5236,Dhanbad,Jharkhand,828116,IN,True
5237,Karaikkudi,Tamil Nadu,630002,IN,True
5238,Kota,Rajasthan,324009,IN,True
5239,Vaijapur,Maharashtra,423701,IN,True
5240,Gubbi,Karnataka,572216,IN,True
5241,Jalalabad Shamli District,Uttar Pradesh,247772,IN,True
5242,Raichur-584101,Karnataka,584101,IN,True
5243,Kaikamba,Karnataka,574151,IN,True
5244,Surendranagar,Gujarat,363002,IN,True
5245,Hingoli,Maharashtra,431513,IN,True
5246,Kharkhari,Jharkhand,828125,IN,True
5247,Tiruchirappalli,Tamil Nadu,620012,IN,True
5248,Khammam,Telangana,507208,IN,True
5249,Udupi,Karnataka,574105,IN,True
5250,Tiruvannamalai,Tamil Nadu,606604,IN,True
5251,Gampalagudem,Andhra Pradesh,521401,IN,True
5252,Musheerabad,Telangana,500020,IN,True
5253,"Durg, Bhilai",Chhattisgarh,490009,IN,True
5254,Murugeshpalya Bangalore,Karnataka,560017,IN,True
5255,Ernakulam,Kerala,682307,IN,True
5256,Pazhugal,Tamil Nadu,629153,IN,True
5257,Sitamarhi,Bihar,843302,IN,True
5258,Sambhar,Rajasthan,303604,IN,True
5259,Asansol,West Bengal,713302,IN,True
5260,Bagalkot,Karnataka,587103,IN,True
5261,Bhatkuli,Maharashtra,444801,IN,True
5262,Goalghar Port Blair,Andaman and Nicobar Islands,744101,IN,True
5263,Abohar,Punjab,152116,IN,True
5264,Miraj,Maharashtra,416410,IN,True
5265,Nanded Maharashtra,Maharashtra,431604,IN,True
5266,Kayankulam,Kerala,690501,IN,True
5267,Kalyan,Maharashtra,400612,IN,True
5268,Puthukkad,Kerala,680302,IN,True
5269,Ongallur I,Kerala,679336,IN,True
5270,Karur,Tamil Nadu,639005,IN,True
5271,Ramanathapuram,Tamil Nadu,623518,IN,True
5272,Asansol,West Bengal,713340,IN,True
5273,Nautanwa,Uttar Pradesh,273164,IN,True
5274,Agartala,Tripura,799005,IN,True
5275,Ladnu,Rajasthan,341306,IN,True
5276,Kasaragod,Kerala,671123,IN,True
5277,Dhaligaon,Assam,783385,IN,True
5278,Valpoi,Goa,403506,IN,True
5279,Thrissur,Kerala,680631,IN,True
5280,Latur,Maharashtra,413514,IN,True
5281,Rajsamand,Rajasthan,313324,IN,True
5282,Wadgaon,Maharashtra,416112,IN,True
5283,Rajar Hat,West Bengal,700059,IN,True
5284,Titlagarh,Odisha,767033,IN,True
5285,Alappuzha,Kerala,688008,IN,True
5286,Kudur,Karnataka,562127,IN,True
5287,Kathua,Jammu and Kashmir,184104,IN,True
5288,Bolpur,West Bengal,731204,IN,True
5289,Kumbakonam,Tamil Nadu,612303,IN,True
5290,Suntikoppa,Karnataka,571237,IN,True
5291,Bhubaneswar,Odisha,751009,IN,True
5292,Chimakurthy,Andhra Pradesh,523226,IN,True
5293,Bharuch,Gujarat,392015,IN,True
5294,Ahmedabad,Gujarat,382210,IN,True
5295,Kochi,Kerala,682024,IN,True
5296,Iie Industrial Estate Tatasu Mazadi,Uttarakhand,246474,IN,True
5297,Harur,Tamil Nadu,636903,IN,True
5298,Daman,Dadra and Nagar Haveli and Daman and Diu,396220,IN,True
5299,Iragavaram,Andhra Pradesh,534320,IN,True
5300,Kanjirappally,Kerala,686508,IN,True
5301,Along,Arunachal Pradesh,791001,IN,True
5302,Lucknow,Uttar Pradesh,226019,IN,True
5303,Para,West Bengal,723155,IN,True
5304,Maharajganj,Bihar,841238,IN,True
5305,Kozhikode,Kerala,673612,IN,True
5306,Bhopal,Madhya Pradesh,462010,IN,True
5307,Thuvakudi,Tamil Nadu,620014,IN,True
5308,Hyderabad,Telangana,500011,IN,True
5309,Salem,Tamil Nadu,636005,IN,True
5310,Thiruvalla,Kerala,689541,IN,True
5311,Basudebpur Murshidabad District,West Bengal,742224,IN,True
5312,Ludhiana,Punjab,141112,IN,True
5313,Porathissery,Kerala,680711,IN,True
5314,City -Dharuhera,Haryana,123106,IN,True
5315,Neduva,Kerala,676306,IN,True
5316,Kunnamthanam,Kerala,689581,IN,True
5317,Mumbai -13,Maharashtra,400013,IN,True
5318,Wankaner,Gujarat,363621,IN,True
5319,Delhi,Delhi,110059,IN,True
5320,Pali,Rajasthan,306709,IN,True
5321,Trivandrum,Kerala,695012,IN,True
5322,"Hyderabad, Ranga Reddy",Telangana,500084,IN,True
5323,Hailakandi,Assam,788164,IN,True
5324,Uttar Latabari,West Bengal,735217,IN,True
5325,Kushinagar,Uttar Pradesh,274302,IN,True
5326,Vishrampur,Chhattisgarh,497229,IN,True
5327,Adbhar,Chhattisgarh,495695,IN,True
5328,Palakkad,Kerala,679513,IN,True
5329,Karkala,Karnataka,576117,IN,True
5330,Bengaluru,Karnataka,562162,IN,True
5331,Thiruvarur,Tamil Nadu,614015,IN,True
5332,Thiruvananthapuram,Kerala,695606,IN,True
5333,Yeleswaram,Andhra Pradesh,533429,IN,True
5334,Silliguri,West Bengal,734001,IN,True
5335,Jalandhar,Punjab,144003,IN,True
5336,Methermia,Tripura,799287,IN,True
5337,Purbo Medinepur,West Bengal,721425,IN,True
5338,Surat,Gujarat,394105,IN,True
5339,Kosli,Haryana,123303,IN,True
5340,Thuraiyur,Tamil Nadu,621010,IN,True
5341,West Tripura,Tripura,799010,IN,True
5342,Kolachal,Tamil Nadu,629251,IN,True
5343,Ghatshila,Jharkhand,832303,IN,True
5344,Kalliyoor,Kerala,695042,IN,True
5345,North Goa,Goa,403504,IN,True
5346,Bhavnagar,Gujarat,364002,IN,True
5347,Anantapur,Andhra Pradesh,515765,IN,True
5348,Perumbaikad,Kerala,686008,IN,True
5349,Palakkad,Kerala,678706,IN,True
5350,Kolkata,West Bengal,700136,IN,True
5351,Rampur,Uttar Pradesh,244927,IN,True
5352,Kolkata,West Bengal,700035,IN,True
5353,Jammu,Jammu and Kashmir,180003,IN,True
5354,"Nerul, Navi Mumbai",Maharashtra,400706,IN,True
5355,New Town,West Bengal,700159,IN,True
5356,Kovalam,Kerala,695521,IN,True
5357,Kurundvad,Maharashtra,416106,IN,True
5358,Mukerian,Punjab,144211,IN,True
5359,Madikonda,Telangana,506142,IN,True
5360,Darlaghat,Himachal Pradesh,171102,IN,True
5361,Navalgund,Karnataka,582208,IN,True
5362,Malda,West Bengal,732203,IN,True
5363,Kozhikode,Kerala,673004,IN,True
5364,Delhi,Delhi,110007,IN,True
5365,Akbarpur Near Kanpur,Uttar Pradesh,209101,IN,True
5366,Chityala,Telangana,508254,IN,True
5367,Jaygaon,West Bengal,736182,IN,True
5368,Chincholi Midc,Maharashtra,413255,IN,True
5369,Virar West,Maharashtra,401303,IN,True
5370,Phagwara,Punjab,144407,IN,True
5371,Mangaluru,Karnataka,575005,IN,True
5372,Mysuru,Karnataka,570021,IN,True
5373,Kangayampalayam,Tamil Nadu,641401,IN,True
5374,Raipur,Chhattisgarh,492012,IN,True
5375,Kahnuwan (Gurdaspur),Punjab,143528,IN,True
5376,Bangalore,Karnataka,560054,IN,True
5377,Meerut,Uttar Pradesh,250003,IN,True
5378,Bardhaman,West Bengal,713212,IN,True
5379,Madurai,Tamil Nadu,625201,IN,True
5380,Thodupuzha,Kerala,685588,IN,True
5381,"Sabang, Paschim Medinipur",West Bengal,721144,IN,True
5382,Araria,Bihar,854332,IN,True
5383,Pune,Maharashtra,412213,IN,True
5384,Endada/Vishaka Patnam,Andhra Pradesh,531162,IN,True
5385,Kottayam,Kerala,686544,IN,True
5386,"Eratupetta,Kottayam(District)",Kerala,686579,IN,True
5387,Alwar,Rajasthan,321605,IN,True
5388,Bangla Chouraha,Uttar Pradesh,273161,IN,True
5389,North West Delhi,Delhi,110089,IN,True
5390,Tirupathur Vellore District,Tamil Nadu,635601,IN,True
5391,Uttar Bagdogra,West Bengal,734012,IN,True
5392,Coimbatore,Tamil Nadu,641109,IN,True
5393,Thiruvalam,Tamil Nadu,632519,IN,True
5394,Dindori,Madhya Pradesh,481880,IN,True
5395,"Sanganapuram, Tirunelveli District",Tamil Nadu,627114,IN,True
5396,Karumathampatti,Tamil Nadu,641659,IN,True
5397,Palakkad,Kerala,678624,IN,True
5398,Solapur,Maharashtra,413214,IN,True
5399,Mancherial,Telangana,504302,IN,True
5400,Bengaluru,Karnataka,562112,IN,True
5401,Mangaluru,Karnataka,575028,IN,True
5402,Jamnagar,Gujarat,361007,IN,True
5403,Abhayapuri,Assam,783384,IN,True
5404,Kochi,Kerala,682036,IN,True
5405,Samastipur,Bihar,848130,IN,True
5406,South 24 Parganas,West Bengal,743376,IN,True
5407,Gopalganj,Bihar,841441,IN,True
5408,Kurnool,Andhra Pradesh,518005,IN,True
5409,Aimanam,Kerala,686015,IN,True
5410,Kochi,Kerala,682026,IN,True
5411,Kottakuppam,Tamil Nadu,605101,IN,True
5412,Harina,Jharkhand,828306,IN,True
5413,"Kakkanad, Kochi",Kerala,682030,IN,True
5414,Tiswadi,Goa,403202,IN,True
5415,Rupnagar,Punjab,140001,IN,True
5416,Patharberia,West Bengal,743377,IN,True
5417,Kamareddy,Telangana,503145,IN,True
5418,Thiruvananthapuram,Kerala,695006,IN,True
5419,Varam,Kerala,670594,IN,True
5420,Kozhenchery,Kerala,689533,IN,True
5421,Delhiq,Delhi,110065,IN,True
5422,Panvel,Maharashtra,410207,IN,True
5423,Kalamboli,Maharashtra,410218,IN,True
5424,Patiala,Punjab,147006,IN,True
5425,Pathanamthitta,Kerala,689584,IN,True
5426,Banaganapalli,Andhra Pradesh,518124,IN,True
5427,Purulia,West Bengal,723130,IN,True
5428,Swamimalai,Tamil Nadu,612302,IN,True
5429,Samastipur,Bihar,848207,IN,True
5430,Chiramanangad,Kerala,680604,IN,True
5431,Machilipatnam,Andhra Pradesh,521001,IN,True
5432,"Kanipora,Nowgam Srinagar",Jammu and Kashmir,190015,IN,True
5433,Barki Saraiya,Jharkhand,825320,IN,True
5434,Chebrole Khandrika,Andhra Pradesh,534406,IN,True
5435,Chittoor,Andhra Pradesh,517123,IN,True
5436,Bengaluru 560020,Karnataka,560020,IN,True
5437,Hanmakonda,Telangana,505001,IN,True
5438,Chenguvetty,Kerala,676501,IN,True
5439,Kurnool,Andhra Pradesh,518221,IN,True
5440,Pondicherry,Puducherry,605013,IN,True
5441,Gopalapuram,Andhra Pradesh,534316,IN,True
5442,Vissannapet,Andhra Pradesh,521215,IN,True
5443,Dod Ballapur,Karnataka,561203,IN,True
5444,Delhi,Delhi,110087,IN,True
5445,Pasighat,Arunachal Pradesh,791102,IN,True
5446,"Sundrel,  Dhar District",Madhya Pradesh,454552,IN,True
5447,Pirna,Goa,403513,IN,True
5448,Barhalganj,Uttar Pradesh,273402,IN,True
5449,Tripunithura,Kerala,682301,IN,True
5450,Bhilai,Chhattisgarh,490011,IN,True
5451,"Mettur,Salem",Tamil Nadu,636401,IN,True
5452,Deoli,Rajasthan,304804,IN,True
5453,Bilandapur,West Bengal,743355,IN,True
5454,Kotturu,Andhra Pradesh,532455,IN,True
5455,Sarcarsamakulam,Tamil Nadu,641107,IN,True
5456,Kathar,Punjab,144106,IN,True
5457,Kolkata,West Bengal,700146,IN,True
5458,Jabalpur,Madhya Pradesh,482021,IN,True
5459,Uttarnayabad,West Bengal,700135,IN,True
5460,Guntur,Andhra Pradesh,522409,IN,True
5461,Coimbatore,Tamil Nadu,641043,IN,True
5462,Bikaner,Rajasthan,334004,IN,True
5463,New Delhi 110059,Delhi,110059,IN,True
5464,East Delhi,Delhi,110096,IN,True
5465,Malerkotla,Punjab,148023,IN,True
5466,Puri,Odisha,752109,IN,True
5467,Dehradun,Uttarakhand,248006,IN,True
5468,Gorantla,Andhra Pradesh,515231,IN,True
5469,Ghaziabad,Uttar Pradesh,201004,IN,True
5470,Hosur,Tamil Nadu,635114,IN,True
5471,Belagavi,Karnataka,591108,IN,True
5472,Bamora,Madhya Pradesh,464240,IN,True
5473,Visakhapatnam,Andhra Pradesh,530006,IN,True
5474,Veraval,Gujarat,362266,IN,True
5475,Karnawal,Uttar Pradesh,250344,IN,True
5476,"Ahmedabad,",Gujarat,380058,IN,True
5477,Udupi,Karnataka,576221,IN,True
5478,Varanasi,Uttar Pradesh,221108,IN,True
5479,Bengaluru 560085,Karnataka,560085,IN,True
5480,Bishrampur,Chhattisgarh,497226,IN,True
5481,Ambala,Haryana,134007,IN,True
5482,Udupi,Karnataka,574118,IN,True
5483,Kallakurichi,Tamil Nadu,605759,IN,True
5484,"Atmakur, Mangalagiri",Andhra Pradesh,522503,IN,True
5485,Kovalam,Kerala,695501,IN,True
5486,Nallasopara West,Maharashtra,401203,IN,True
5487,Jatari,Uttar Pradesh,202137,IN,True
5488,Badnawar,Madhya Pradesh,454660,IN,True
5489,Anta City,Rajasthan,325202,IN,True
5490,Hotar,West Bengal,743610,IN,True
5491,Thalakkulathur,Kerala,673317,IN,True
5492,Imphal,Manipur,795003,IN,True
5493,Kizhakkambalam,Kerala,683562,IN,True
5494,Vijayawada,Andhra Pradesh,521241,IN,True
5495,Belagavi,Karnataka,590009,IN,True
5496,Valayam,Kerala,673517,IN,True
5497,Kamrup,Assam,781022,IN,True
5498,Kanpur,Uttar Pradesh,208009,IN,True
5499,Ntpc Tanda Colony,Uttar Pradesh,224238,IN,True
5500,Chand Nagar,Delhi,110018,IN,True
5501,Kollam,Kerala,691003,IN,True
5502,Antah,Rajasthan,325202,IN,True
5503,Belagavi Shedbal,Karnataka,591315,IN,True
5504,Bangaon,Assam,781303,IN,True
5505,Amta,West Bengal,711401,IN,True
5506,Ahmedabad,Gujarat,382480,IN,True
5507,Tiruchirappalli,Tamil Nadu,620102,IN,True
5508,Thiruvananthapuram,Kerala,695551,IN,True
5509,Palakkad,Kerala,678003,IN,True
5510,Gondia,Maharashtra,441601,IN,True
5511,Thiruvananthapuram,Kerala,695306,IN,True
5512,Bhandara,Maharashtra,441906,IN,True
5513,Gurgaon,Haryana,122101,IN,True
5514,Ahmedabad,Gujarat,382440,IN,True
5515,Hubli,Karnataka,580029,IN,True
5516,Sakleshpur,Karnataka,573134,IN,True
5517,Dhule,Maharashtra,425410,IN,True
5518,Mysuru,Karnataka,570003,IN,True
5519,Tenali,Andhra Pradesh,522201,IN,True
5520,Guntur,Andhra Pradesh,522003,IN,True
5521,Dubbak Peddagundavelli,Telangana,502108,IN,True
5522,Parwanoo,Himachal Pradesh,173220,IN,True
5523,North West Delhi,Delhi,110034,IN,True
5524,Bhandup- East,Maharashtra,400042,IN,True
5525,Mumba,Maharashtra,400006,IN,True
5526,Natrampalli,Tamil Nadu,635852,IN,True
5527,Otur,Maharashtra,412409,IN,True
5528,Satara,Maharashtra,415513,IN,True
5529,Gairsain,Uttarakhand,246428,IN,True
5530,Kaikalur,Andhra Pradesh,521333,IN,True
5531,Dungarpur,Rajasthan,314038,IN,True
5532,Delhi,Delhi,110064,IN,True
5533,Thiruvananthapuram,Kerala,695032,IN,True
5534,Chittoor,Andhra Pradesh,517112,IN,True
5535,Garividi,Andhra Pradesh,535101,IN,True
5536,North West Delhi,Delhi,110085,IN,True
5537,Nangal,Punjab,140124,IN,True
5538,Kalyan,Maharashtra,421103,IN,True
5539,Kozhenchery,Kerala,689514,IN,True
5540,Atul Dist. Valsad,Gujarat,396020,IN,True
5541,Ponda,Goa,403406,IN,True
5542,Guntur,Andhra Pradesh,522016,IN,True
5543,Barrackpore,West Bengal,700118,IN,True
5544,Imphal West,Manipur,795001,IN,True
5545,Pantheeramkavu,Kerala,673571,IN,True
5546,Kymore,Madhya Pradesh,483880,IN,True
5547,"Kadri, Mangaluru, Dakshina Kannada (D)",Karnataka,575004,IN,True
5548,Arambagh,West Bengal,712601,IN,True
5549,Kozhippilly Parashalappady,Kerala,686691,IN,True
5550,Rajnandgaon,Chhattisgarh,491441,IN,True
5551,Kolkata,West Bengal,700058,IN,True
5552,Dwaraka Tirumala,Andhra Pradesh,534426,IN,True
5553,Devanur,Karnataka,577175,IN,True
5554,Tirunelveli,Tamil Nadu,627604,IN,True
5555,Sitamarhi,Bihar,843316,IN,True
5556,Sendhwa,Madhya Pradesh,451666,IN,True
5557,Thiruvananthapuram,Kerala,695028,IN,True
5558,Kandi,West Bengal,742136,IN,True
5559,Brahmapur,Odisha,760002,IN,True
5560,Patna,Bihar,800016,IN,True
5561,Trimbak,Maharashtra,422212,IN,True
5562,Bally,West Bengal,711204,IN,True
5563,Hamirpur,Himachal Pradesh,177020,IN,True
5564,Ooty,Tamil Nadu,643001,IN,True
5565,Raebareli,Uttar Pradesh,229001,IN,True
5566,Jodhpur,Rajasthan,342003,IN,True
5567,Ganjam,Odisha,761003,IN,True
5568,Tadepalligudem,Andhra Pradesh,534102,IN,True
5569,Warangal,Telangana,506370,IN,True
5570,Dombivli (W),Maharashtra,421202,IN,True
5571,Ghumarwin,Himachal Pradesh,174021,IN,True
5572,Ahmedabad,Gujarat,380001,IN,True
5573,Kottayam,Kerala,686501,IN,True
5574,Nagpur.,Maharashtra,440037,IN,True
5575,Idukki,Kerala,685561,IN,True
5576,Murshidabad,West Bengal,742237,IN,True
5577,"Chalakudy , Thrissur",Kerala,680307,IN,True
5578,Bangalore,Karnataka,560059,IN,True
5579,Dindigul,Tamil Nadu,624001,IN,True
5580,Kallur- Thrissur,Kerala,680317,IN,True
5581,Sambalpur,Odisha,768001,IN,True
5582,Gurugram,Haryana,122503,IN,True
5583,Udupi,Karnataka,574115,IN,True
5584,Raipur,Chhattisgarh,492005,IN,True
5585,Alaipur,West Bengal,741245,IN,True
5586,Kharagpur,West Bengal,721303,IN,True
5587,Siliguri,West Bengal,734012,IN,True
5588,Thrissur,Kerala,680006,IN,True
5589,Coimbatore,Tamil Nadu,641024,IN,True
5590,Udupi,Karnataka,576283,IN,True
5591,Ottappalam,Kerala,679104,IN,True
5592,Chandigarh,Chandigarh,160012,IN,True
5593,Thanjavur,Tamil Nadu,613501,IN,True
5594,Hisar,Haryana,125006,IN,True
5595,Kannur,Kerala,670611,IN,True
5596,Coimbatore,Tamil Nadu,641111,IN,True
5597,Palia Kalan,Uttar Pradesh,262902,IN,True
5598,Dharmshala,Himachal Pradesh,176215,IN,True
5599,Uluberia,West Bengal,711315,IN,True
5600,Idukki,Kerala,686513,IN,True
5601,Bareilly,Uttar Pradesh,243701,IN,True
5602,Dehradun,Uttarakhand,248004,IN,True
5603,Lohardaga,Jharkhand,835302,IN,True
5604,Kolhapur,Maharashtra,416235,IN,True
5605,Nellore,Andhra Pradesh,524303,IN,True
5606,Ernakulam,Kerala,683515,IN,True
5607,Shahbad,Haryana,136135,IN,True
5608,Sarigam,Gujarat,396155,IN,True
5609,Elamakkara,Kerala,682026,IN,True
5610,Bangalore Rural,Karnataka,562110,IN,True
5611,Shahpur,Jharkhand,822110,IN,True
5612,Kanyakumari,Tamil Nadu,629176,IN,True
5613,Makronia Buzurg,Madhya Pradesh,470004,IN,True
5614,Chirakkal,Kerala,670011,IN,True
5615,"New Town, Kolkata",West Bengal,700156,IN,True
5616,Bilaspur,Chhattisgarh,495004,IN,True
5617,Gumla,Jharkhand,835207,IN,True
5618,Kullu,Himachal Pradesh,175101,IN,True
5619,Madathukulam Po,Tamil Nadu,642113,IN,True
5620,Mysore,Karnataka,570017,IN,True
5621,Bhagha Purana,Punjab,142038,IN,True
5622,Shimoga,Karnataka,577428,IN,True
5623,Chiniyalisaur,Uttarakhand,249196,IN,True
5624,"Thane, Miraroad East",Maharashtra,401107,IN,True
5625,Bomdila,Arunachal Pradesh,790001,IN,True
5626,Karwar,Karnataka,581306,IN,True
5627,Howrah,West Bengal,711201,IN,True
5628,Dhulasimla,West Bengal,711315,IN,True
5629,Visakhapatnam,Andhra Pradesh,530005,IN,True
5630,Khetri Nagar Jhunjhunu,Rajasthan,333504,IN,True
5631,Rupnarayanpur,West Bengal,713386,IN,True
5632,Samastipur,Bihar,848134,IN,True
5633,Kuthanallur,Tamil Nadu,614101,IN,True
5634,Darbhanga,Bihar,846009,IN,True
5635,Kendujhar,Odisha,758014,IN,True
5636,Arcot,Tamil Nadu,632503,IN,True
5637,Kancheepuram,Tamil Nadu,603002,IN,True
5638,Jehanabad,Bihar,804417,IN,True
5639,Bengaluru,Karnataka,560014,IN,True
5640,Jodhpur,Rajasthan,342006,IN,True
5641,Keshorai Patan District Bundi,Rajasthan,323601,IN,True
5642,Tambaram Chennai,Tamil Nadu,600073,IN,True
5643,Vijayawada,Andhra Pradesh,521151,IN,True
5644,Anakapalli Mandal,Andhra Pradesh,531001,IN,True
5645,Appakudal,Tamil Nadu,638315,IN,True
5646,"Ghaziabad,Sahibabad",Uttar Pradesh,201005,IN,True
5647,Vadodara,Gujarat,391345,IN,True
5648,Vadodara,Gujarat,391350,IN,True
5649,Kamrup,Assam,781029,IN,True
5650,Palakkad,Kerala,678006,IN,True
5651,Koraput,Odisha,764020,IN,True
5652,Kolkata,West Bengal,700115,IN,True
5653,Kozhikode,Kerala,673008,IN,True
5654,Pandalam,Kerala,689501,IN,True
5655,Bhopal,Madhya Pradesh,462036,IN,True
5656,Bhavani,Tamil Nadu,638301,IN,True
5657,Mangaldoi,Assam,784125,IN,True
5658,Nangal,Punjab,140126,IN,True
5659,Chockli,Kerala,670675,IN,True
5660,Tumakuru. Phone Number 9686000855,Karnataka,572102,IN,True
5661,Yanam,Puducherry,533464,IN,True
5662,Katrenikona,Andhra Pradesh,533212,IN,True
5663,Dabhoi,Gujarat,391107,IN,True
5664,Bangalore City 560002,Karnataka,560002,IN,True
5665,Pathanamthitta,Kerala,689543,IN,True
5666,Jangipur,West Bengal,742227,IN,True
5667,Mysuru,Karnataka,570018,IN,True
5668,Panipat,Haryana,132104,IN,True
5669,Delhi,Delhi,110008,IN,True
5670,Gharaunda,Haryana,132114,IN,True
5671,Junagarh,Odisha,766014,IN,True
5672,Auraiya,Uttar Pradesh,206128,IN,True
5673,"Kamatchipuram, Theni",Tamil Nadu,625520,IN,True
5674,Kollam,Kerala,691013,IN,True
5675,Tiruvallur,Tamil Nadu,600062,IN,True
5676,Udupi,Karnataka,576223,IN,True
5677,"Sion , Mumbai",Maharashtra,400022,IN,True
5678,Dhanbad,Jharkhand,828104,IN,True
5679,Mulakalapally Mandl,Telangana,507115,IN,True
5680,Jodhpur,Rajasthan,342007,IN,True
5681,Kolkata,West Bengal,700142,IN,True
5682,Ahmedabad,Gujarat,382449,IN,True
5683,Porbandar,Gujarat,360575,IN,True
5684,Voletivaripalem,Andhra Pradesh,523113,IN,True
5685,Jeelugu Milli,Andhra Pradesh,534456,IN,True
5686,Kharod,Gujarat,394115,IN,True
5687,Teh. Phagwara Distt. Kapurthala,Punjab,144405,IN,True
5688,Kakkalur,Tamil Nadu,602003,IN,True
5689,Thiruvananthapuram,Kerala,695001,IN,True
5690,Machhlishahr,Uttar Pradesh,222144,IN,True
5691,Naya Gaon,Punjab,160103,IN,True
5692,Adoor,Kerala,691525,IN,True
5693,Mangalore,Karnataka,575004,IN,True
5694,Thiruvalla,Kerala,689107,IN,True
5695,Bhupalpalle,Telangana,506169,IN,True
5696,Ahmadnagar,Maharashtra,414111,IN,True
5697,Unnao,Uttar Pradesh,209870,IN,True
5698,Taj Nagri Phase 2  Agra,Uttar Pradesh,282001,IN,True
5699,Bhiwani,Haryana,127030,IN,True
5700,Ernakulam,Kerala,682022,IN,True
5701,Tiruchirappalli,Tamil Nadu,620101,IN,True
5702,Titwala East,Maharashtra,421605,IN,True
5703,Jharsuguda,Odisha,768203,IN,True
5704,Banapur,Odisha,752031,IN,True
5705,Anantapalli,Andhra Pradesh,534112,IN,True
5706,Jagraon,Punjab,142026,IN,True
5707,Dogachhia Barddhaman District,West Bengal,713513,IN,True
5708,Solapur,Maharashtra,413005,IN,True
5709,Bodhan,Telangana,503180,IN,True
5710,Madhurawada,Andhra Pradesh,531163,IN,True
5711,Karimnagar,Telangana,505531,IN,True
5712,Hyderabad,Telangana,501203,IN,True
5713,Kadapa,Andhra Pradesh,516002,IN,True
5714,Gadarwara Narsinghpur,Madhya Pradesh,487551,IN,True
5715,Lalru,Punjab,140501,IN,True
5716,Bholar Dabri,West Bengal,736208,IN,True
5717,Talala,Gujarat,362150,IN,True
5718,Kolkata,West Bengal,700043,IN,True
5719,Kurnool,Andhra Pradesh,518003,IN,True
5720,Mysuru,Karnataka,570011,IN,True
5721,Khaliapali,Odisha,768038,IN,True
5722,Multai,Madhya Pradesh,460661,IN,True
5723,Sahibganj,Jharkhand,816109,IN,True
5724,Raiganj,West Bengal,733134,IN,True
5725,Panoor,Kerala,670692,IN,True
5726,Chaksu,Rajasthan,303901,IN,True
5727,Ulliyeri,Kerala,673612,IN,True
5728,Ahmedabad,Gujarat,380024,IN,True
5729,Kasargod,Kerala,671316,IN,True
5730,Rajampet,Andhra Pradesh,516115,IN,True
5731,"Kandanadu Po, Ernakulam",Kerala,682305,IN,True
5732,"Salbari, Siliguri",West Bengal,734009,IN,True
5733,Belgaum,Karnataka,590010,IN,True
5734,Near Shauchaley,Uttar Pradesh,273005,IN,True
5735,Nagercoil,Tamil Nadu,629252,IN,True
5736,Kamrup,Assam,781006,IN,True
5737,Chandauli,Uttar Pradesh,232104,IN,True
5738,Nagda,Madhya Pradesh,456331,IN,True
5739,Chennai,Tamil Nadu,600046,IN,True
5740,Kandi,West Bengal,742137,IN,True
5741,Simar Sir,Gujarat,362255,IN,True
5742,Bankura,West Bengal,722102,IN,True
5743,Pilani,Rajasthan,333031,IN,True
5744,Kottagoundampati,Tamil Nadu,636011,IN,True
5745,Khammam,Telangana,507168,IN,True
5746,Changanacherry,Kerala,686548,IN,True
5747,Kullu,Himachal Pradesh,172026,IN,True
5748,Indore,Madhya Pradesh,453771,IN,True
5749,"Kothri, Sehore",Madhya Pradesh,466114,IN,True
5750,Hyderabad,Telangana,500042,IN,True
5751,Asansol,West Bengal,713339,IN,True
5752,Dakshina Kannada,Karnataka,574227,IN,True
5753,Nanmanda,Kerala,673613,IN,True
5754,Visakhapatanm,Andhra Pradesh,531163,IN,True
5755,Berhampur,Odisha,760009,IN,True
5756,Namakkal,Tamil Nadu,637002,IN,True
5757,Kottayam,Kerala,686007,IN,True
5758,Vasco Da Gama,Goa,403806,IN,True
5759,Tala,Maharashtra,402111,IN,True
5760,Pannaipuram,Tamil Nadu,625524,IN,True
5761,Chengalpattu,Tamil Nadu,603101,IN,True
5762,Ballia,Uttar Pradesh,277401,IN,True
5763,Kankavli,Maharashtra,416801,IN,True
5764,Ahmadnagar,Maharashtra,414501,IN,True
5765,Sirali,Madhya Pradesh,461335,IN,True
5766,"Thaikkattukara P O, Aluva",Kerala,683106,IN,True
5767,Bhubaneswar,Odisha,751004,IN,True
5768,Thodupuzha,Kerala,685608,IN,True
5769,Alappuzha,Kerala,688013,IN,True
5770,Vyara,Gujarat,394651,IN,True
5771,Rajpur Sonarpur,West Bengal,700149,IN,True
5772,Kullu,Himachal Pradesh,175134,IN,True
5773,Hanamkonda,Telangana,506370,IN,True
5774,Gandhinagar,Gujarat,382030,IN,True
5775,Patancheru,Telangana,502300,IN,True
5776,Bhadrak,Odisha,756100,IN,True
5777,Chandauli,Uttar Pradesh,232106,IN,True
5778,Anand,Gujarat,388325,IN,True
5779,Rajahmundry,Andhra Pradesh,533106,IN,True
5780,Seraikela Kharsawan,Jharkhand,832108,IN,True
5781,Pune,Maharashtra,411029,IN,True
5782,Madukkur,Tamil Nadu,614903,IN,True
5783,Belagavi,Karnataka,590019,IN,True
5784,Guwahati,Assam,784145,IN,True
5785,Mettupalayam,Tamil Nadu,641305,IN,True
5786,Sirka,Jharkhand,829101,IN,True
5787,Indore,Madhya Pradesh,452014,IN,True
5788,Ramanathapuram,Tamil Nadu,623501,IN,True
5789,Samastipur,Bihar,848125,IN,True
5790,Cheyyar,Tamil Nadu,604407,IN,True
5791,"Mahad, Raigad",Maharashtra,402115,IN,True
5792,Kozhikode,Kerala,673602,IN,True
5793,Chengalpet,Tamil Nadu,603002,IN,True
5794,Chamba,Himachal Pradesh,176314,IN,True
5795,Bangalore,Karnataka,560099,IN,True
5796,Eloor,Kerala,683501,IN,True
5797,Aluva,Kerala,683112,IN,True
5798,Udupi,Karnataka,574106,IN,True
5799,Puranattukara,Kerala,680551,IN,True
5800,Mylavaram,Andhra Pradesh,521230,IN,True
5801,Dombivali East,Maharashtra,400612,IN,True
5802,Karwar,Karnataka,581304,IN,True
5803,Darjeeling,West Bengal,734221,IN,True
5804,Darbhanga,Bihar,846001,IN,True
5805,Balod,Chhattisgarh,491226,IN,True
5806,Ganapavaram,Andhra Pradesh,522619,IN,True
5807,Sunam,Punjab,148028,IN,True
5808,Peravurani,Tamil Nadu,614804,IN,True
5809,Panipat,Haryana,132140,IN,True
5810,Barpeta,Assam,781314,IN,True
5811,Manapparai,Tamil Nadu,621306,IN,True
5812,"Dibiyapur,Auraiya",Uttar Pradesh,206244,IN,True
5813,Rangpo,Sikkim,737132,IN,True
5814,Bordi,Maharashtra,401701,IN,True
5815,Nayagarh,Odisha,752079,IN,True
5816,Obra,Uttar Pradesh,231219,IN,True
5817,Madanapalli,Andhra Pradesh,517325,IN,True
5818,Bengaluru 560037,Karnataka,560037,IN,True
5819,Trichur,Kerala,680552,IN,True
5820,Habbuwada Karwar,Karnataka,581306,IN,True
5821,Mandi,Himachal Pradesh,175015,IN,True
5822,Ernakulam,Kerala,683518,IN,True
5823,Trivandrum,Kerala,695014,IN,True
5824,Kolkata,West Bengal,700055,IN,True
5825,Sujanpur,Punjab,145023,IN,True
5826,"Patna, Patna",Bihar,800020,IN,True
5827,Nainital,Uttarakhand,263001,IN,True
5828,Anjar,Gujarat,370110,IN,True
5829,Berhampore,West Bengal,742102,IN,True
5830,Satghara,Bihar,847235,IN,True
5831,Swaroopganj,Rajasthan,307023,IN,True
5832,Madhuban,Bihar,845420,IN,True
5833,Tripunithura,Kerala,682306,IN,True
5834,Anjangaon Surji,Maharashtra,444705,IN,True
5835,Thrisur,Kerala,680712,IN,True
5836,West Singhbhum,Jharkhand,833103,IN,True
5837,Alamcode,Kerala,695102,IN,True
5838,Ludhiana,Punjab,142029,IN,True
5839,Ernakulam,Kerala,682304,IN,True
5840,Hyderabad,Telangana,500003,IN,True
5841,Surat,Gujarat,394330,IN,True
5842,Thiruvallur,Tamil Nadu,602108,IN,True
5843,Rampurhat,West Bengal,731224,IN,True
5844,Hyderabad,Telangana,500009,IN,True
5845,"Balkum, Thane",Maharashtra,400607,IN,True
5846,Dinhata,West Bengal,736135,IN,True
5847,Dakra,Jharkhand,829210,IN,True
5848,Sultanpur,Punjab,144626,IN,True
5849,Villupuram,Tamil Nadu,605103,IN,True
5850,Dibrugarh,Assam,786004,IN,True
5851,Shikohabad,Uttar Pradesh,283135,IN,True
5852,Madurai,Tamil Nadu,625022,IN,True
5853,"Visakhapatnam,Vepagunta Post",Andhra Pradesh,530047,IN,True
5854,South Delhi,Delhi,110025,IN,True
5855,Haldia,West Bengal,721602,IN,True
5856,Narsipatnam,Andhra Pradesh,531116,IN,True
5857,Sagwara,Rajasthan,314025,IN,True
5858,Shivamogga,Karnataka,577204,IN,True
5859,P.O Bambolim Complex,Goa,403202,IN,True
5860,Badlapur West,Maharashtra,421503,IN,True
5861,Biccavolu,Andhra Pradesh,533345,IN,True
5862,Bardez,Goa,403517,IN,True
5863,Hanumangarh,Rajasthan,335512,IN,True
5864,Nemmara,Kerala,678508,IN,True
5865,Vindhya Nagar Ntpc Township,Madhya Pradesh,486885,IN,True
5866,Bidar,Karnataka,585403,IN,True
5867,Homnabad,Karnataka,585330,IN,True
5868,Junnar,Maharashtra,410502,IN,True
5869,Hindaun,Rajasthan,322230,IN,True
5870,Bail Hongal,Karnataka,591102,IN,True
5871,Jalandhar,Punjab,144043,IN,True
5872,Chennai- 600040,Tamil Nadu,600040,IN,True
5873,Kothri,Madhya Pradesh,466114,IN,True
5874,Mawana Meerut,Uttar Pradesh,250401,IN,True
5875,Ambarnath East,Maharashtra,421501,IN,True
5876,Nirsa Dist-Dhanbad,Jharkhand,828205,IN,True
5877,Paonta Sahib,Himachal Pradesh,173021,IN,True
5878,Vaikom,Kerala,686606,IN,True
5879,Dist-Rohtas,Bihar,802212,IN,True
5880,Jind,Haryana,136027,IN,True
5881,Sindhanur,Karnataka,584128,IN,True
5882,Kamrup,Assam,781103,IN,True
5883,Sarbhog,Assam,781317,IN,True
5884,Coimbatore,Tamil Nadu,641007,IN,True
5885,Kozhikode,Kerala,673571,IN,True
5886,Thane,Maharashtra,400701,IN,True
5887,Pathanamthitta,Kerala,689112,IN,True
5888,Chittur,Kerala,678557,IN,True
5889,Nanda,Maharashtra,442917,IN,True
5890,Pukhrayan,Uttar Pradesh,209111,IN,True
5891,Raisen,Madhya Pradesh,464551,IN,True
5892,Kayalpattinam,Tamil Nadu,628204,IN,True
5893,Vijaypura,Karnataka,586109,IN,True
5894,Ahmedabad,Gujarat,380016,IN,True
5895,Visakhapatnam,Andhra Pradesh,530048,IN,True
5896,Thiruvalla,Kerala,689104,IN,True
5897,Vasai-Virar,Maharashtra,401202,IN,True
5898,Shikarpur,Karnataka,577427,IN,True
5899,Diu,Dadra and Nagar Haveli and Daman and Diu,362520,IN,True
5900,"Chembur , Mumbai",Maharashtra,400071,IN,True
5901,Muzaffarpur,Bihar,842003,IN,True
5902,Vijapur,Gujarat,382870,IN,True
5903,District- Burdwan,West Bengal,713212,IN,True
5904,Jandiala Amritsar District,Punjab,143115,IN,True
5905,Naini Industrial Area,Uttar Pradesh,212301,IN,True
5906,Pathanamthitta,Kerala,689668,IN,True
5907,"Navi Mumbai, Village,Jaskhar Uran Raigad",Maharashtra,400702,IN,True
5908,Akurdi,Maharashtra,411035,IN,True
5909,Periyakodiveri,Tamil Nadu,638503,IN,True
5910,Anand Nagar,Assam,783348,IN,True
5911,Kayatharu,Tamil Nadu,628952,IN,True
5912,Feroke,Kerala,673301,IN,True
5913,Ntpc Simhadri Township,Andhra Pradesh,531020,IN,True
5914,Bermo,Jharkhand,829104,IN,True
5915,Srinagar,Jammu and Kashmir,190002,IN,True
5916,Mandi,Himachal Pradesh,175024,IN,True
5917,New Delhi-110008,Delhi,110008,IN,True
5918,Jawharnagar,Maharashtra,441906,IN,True
5919,Mallur,Tamil Nadu,636203,IN,True
5920,Kothacheruvu,Andhra Pradesh,515133,IN,True
5921,Rasayani,Maharashtra,410222,IN,True
5922,Ernakulam,Kerala,683594,IN,True
5923,Kolkata,West Bengal,700011,IN,True
5924,Lansdowne,Uttarakhand,246179,IN,True
5925,Kurali,Punjab,140103,IN,True
5926,Kanakapura,Karnataka,562117,IN,True
5927,Chennai,Tamil Nadu,603202,IN,True
5928,Dwarka,Delhi,110075,IN,True
5929,Agra 282005,Uttar Pradesh,282005,IN,True
5930,Vanagaram,Tamil Nadu,600095,IN,True
5931,Badepalle,Telangana,509301,IN,True
5932,Ernakulam,Kerala,683587,IN,True
5933,Tirupati,Andhra Pradesh,517507,IN,True
5934,South West Delhi,Delhi,110070,IN,True
5935,Karwar,Karnataka,581303,IN,True
5936,Burla,Odisha,768019,IN,True
5937,Palai,Kerala,686651,IN,True
5938,Palghar,Maharashtra,401208,IN,True
5939,Ponda,Goa,403107,IN,True
5940,Rajahmundry,Andhra Pradesh,533296,IN,True
5941,"Karimnagar,",Telangana,505302,IN,True
5942,Kundapura,Karnataka,576257,IN,True
5943,Vandiperiyar,Kerala,685533,IN,True
5944,Jogabani,Bihar,854328,IN,True
5945,Machilipatnam,Andhra Pradesh,521002,IN,True
5946,Budni,Madhya Pradesh,466445,IN,True
5947,"Thenhipalam, Malappuram",Kerala,673636,IN,True
5948,Seloo Wardha District,Maharashtra,442104,IN,True
5949,Srikalahasti,Andhra Pradesh,517640,IN,True
5950,Pune,Maharashtra,412301,IN,True
5951,Bishnupur Bankura District,West Bengal,722122,IN,True
5952,Pauri Garhwal,Uttarakhand,246149,IN,True
5953,Tirunelveli District,Tamil Nadu,627120,IN,True
5954,Kochi,Kerala,682019,IN,True
5955,Chandigarh,Chandigarh,160008,IN,True
5956,Baleshwar,Odisha,756056,IN,True
5957,Huzur Nagar,Telangana,508204,IN,True
5958,Balachaur,Punjab,144521,IN,True
5959,Chandur Amravati District,Maharashtra,444904,IN,True
5960,Ammapettai Erode District,Tamil Nadu,638311,IN,True
5961,Kallakurichi,Tamil Nadu,606202,IN,True
5962,Nambol,Manipur,795134,IN,True
5963,"Dombivli East, Thane",Maharashtra,421204,IN,True
5964,Kalwa-Thane,Maharashtra,400605,IN,True
5965,Ranchi,Jharkhand,835234,IN,True
5966,Bharuch  Dehgam,Gujarat,392012,IN,True
5967,Raichur,Karnataka,584103,IN,True
5968,Perinjanam,Kerala,680686,IN,True
5969,Devakottai,Tamil Nadu,630302,IN,True
5970,Mainpuri,Uttar Pradesh,206130,IN,True
5971,Mangrol,Gujarat,362225,IN,True
5972,Aluva,Kerala,683104,IN,True
5973,Samba,Jammu and Kashmir,184121,IN,True
5974,Kelambakkam,Tamil Nadu,603103,IN,True
5975,Chengalpattu,Tamil Nadu,603001,IN,True
5976,Perumbavoor,Kerala,683547,IN,True
5977,Jogipet,Telangana,502273,IN,True
5978,Sonatala,West Bengal,732208,IN,True
5979,Ranchi,Jharkhand,835215,IN,True
5980,Korwa,Uttar Pradesh,227412,IN,True
5981,Greater Noida West,Uttar Pradesh,201301,IN,True
5982,Beliatore,West Bengal,722203,IN,True
5983,Debipur,West Bengal,713148,IN,True
5984,Usar Midc,Maharashtra,402204,IN,True
5985,Fortkochi,Kerala,682001,IN,True
5986,Bhopal,Madhya Pradesh,462024,IN,True
5987,Kalyan,Maharashtra,421203,IN,True
5988,Paranda,Maharashtra,413502,IN,True
5989,Tirunelveli,Tamil Nadu,627005,IN,True
5990,District Kamareddy,Telangana,503101,IN,True
5991,Bansberia,West Bengal,712104,IN,True
5992,Pithampur Industrial Hub,Madhya Pradesh,454774,IN,True
5993,Mumb,Maharashtra,400067,IN,True
5994,Kanyakumari,Tamil Nadu,629175,IN,True
5995,Bokaro Steel City,Jharkhand,827006,IN,True
5996,Faridabad,Haryana,121005,IN,True
5997,Thiruverumbur,Tamil Nadu,620013,IN,True
5998,Thane,Maharashtra,400708,IN,True
5999,Fazi Nagar,Uttar Pradesh,274401,IN,True
6000,"Pimple Saudagar,Pune",Maharashtra,411027,IN,True
6001,Delhi,Delhi,110065,IN,True
6002,Navi Mumbai,Maharashtra,400707,IN,True
6003,Kolkata,West Bengal,700093,IN,True
6004,Ahmadpur,West Bengal,731201,IN,True
6005,Mysore,Karnataka,570023,IN,True
6006,Asansol,West Bengal,713359,IN,True
6007,Malda,West Bengal,732201,IN,True
6008,Durgapur,West Bengal,713202,IN,True
6009,Srikakulam,Andhra Pradesh,532201,IN,True
6010,Mettupalayam Coimbatore District,Tamil Nadu,641301,IN,True
6011,Rohini,Delhi,110085,IN,True
6012,Mawlai,Meghalaya,793017,IN,True
6013,Tirthahalli,Karnataka,577432,IN,True
6014,Bhawanipatna,Odisha,766002,IN,True
6015,Coimbatore,Tamil Nadu,641021,IN,True
6016,Nilanga,Maharashtra,413521,IN,True
6017,Sitarampur,West Bengal,713359,IN,True
6018,Bapatla,Andhra Pradesh,522101,IN,True
6019,Kanjikode,Kerala,678623,IN,True
6020,Bharatpur,Rajasthan,301025,IN,True
6021,Haridwar,Uttarakhand,249403,IN,True
6022,Kurukshetra,Haryana,136119,IN,True
6023,Eroor,Kerala,682306,IN,True
6024,Burla,Odisha,768017,IN,True
6025,Srinagar,Jammu and Kashmir,190010,IN,True
6026,Atmakur,Andhra Pradesh,518422,IN,True
6027,Trivandrum,Kerala,695027,IN,True
6028,Pune 36,Maharashtra,411036,IN,True
6029,Sausar,Madhya Pradesh,480106,IN,True
6030,Tirunelveli,Tamil Nadu,627416,IN,True
6031,Bangalore,Karnataka,560029,IN,True
6032,Malappuram,Kerala,673314,IN,True
6033,Bhopal,Madhya Pradesh,462011,IN,True
6034,Faizabad,Uttar Pradesh,224120,IN,True
6035,Vandanam,Kerala,688005,IN,True
6036,Dombivli(E),Maharashtra,421201,IN,True
6037,Mysuru,Karnataka,570032,IN,True
6038,Moshi Pradhikaran,Maharashtra,412105,IN,True
6039,Begusarai,Bihar,851218,IN,True
6040,Gidc Panoli,Gujarat,394115,IN,True
6041,"Old Goa, North Goa District",Goa,403110,IN,True
6042,Jalor,Rajasthan,343001,IN,True
6043,Secundrabad,Telangana,500015,IN,True
6044,Bighapur,Uttar Pradesh,209865,IN,True
6045,Kunnathunad,Kerala,682310,IN,True
6046,Chentrapinni,Kerala,680687,IN,True
6047,Saganer,Rajasthan,302029,IN,True
6048,Ichchapuram,Andhra Pradesh,532312,IN,True
6049,Port Blair,Andaman and Nicobar Islands,744104,IN,True
6050,Tumakuru,Karnataka,572105,IN,True
6051,Chirkunda,Jharkhand,828202,IN,True
6052,Kolkata,West Bengal,700042,IN,True
6053,"Hsiidc Sohna, Gurugram",Haryana,122103,IN,True
6054,Pune,Maharashtra,413115,IN,True
6055,Purusottampur,Odisha,761018,IN,True
6056,Rampura Beri,Rajasthan,331301,IN,True
6057,Cuddalore,Tamil Nadu,607003,IN,True
6058,Gautam Nagar,Delhi,110049,IN,True
6059,Kazhakoottam Thiruvananthapuram District,Kerala,695301,IN,True
6060,Mopidevi,Andhra Pradesh,521125,IN,True
6061,Kapileswarapuram,Andhra Pradesh,533307,IN,True
6062,Gudalur Coimbatore District,Tamil Nadu,641047,IN,True
6063,Carmona,Goa,403717,IN,True
6064,Nanded,Maharashtra,431604,IN,True
6065,Chennai,Tamil Nadu,600038,IN,True
6066,Chennai,Tamil Nadu,600112,IN,True
6067,Velim,Goa,403723,IN,True
6068,Ananthpur,Andhra Pradesh,515001,IN,True
6069,Krishnarajpet,Karnataka,571426,IN,True
6070,Kuttipuram Malappuram District,Kerala,679573,IN,True
6071,Mallanwala Khass,Punjab,152021,IN,True
6072,Para,Madhya Pradesh,457661,IN,True
6073,Alappuzha,Kerala,688001,IN,True
6074,Malappuram,Kerala,673636,IN,True
6075,Manglore,Karnataka,574143,IN,True
6076,Chingoli,Kerala,690532,IN,True
6077,Vetapalem,Andhra Pradesh,523187,IN,True
6078,"Bantwal, Dakshina Kannada",Karnataka,574323,IN,True
6079,Vadnagar,Gujarat,384355,IN,True
6080,Pune-411062,Maharashtra,411062,IN,True
6081,Hyderabad,Telangana,500052,IN,True
6082,Thrikakkara,Kerala,682021,IN,True
6083,"Puliyampettai, Thirupuvanam Thanjavur District",Tamil Nadu,612103,IN,True
6084,Vellore,Tamil Nadu,632008,IN,True
6085,Chengalpattu,Tamil Nadu,603308,IN,True
6086,Menhdawal,Uttar Pradesh,272271,IN,True
6087,Kamand,Himachal Pradesh,175005,IN,True
6088,Kattumannarkoil,Tamil Nadu,608301,IN,True
6089,Baruipur,West Bengal,743610,IN,True
6090,"T.Dasarahalli, Bangalore",Karnataka,560057,IN,True
6091,Thane,Maharashtra,421002,IN,True
6092,Saundatti Yellamma,Karnataka,591126,IN,True
6093,Indore,Madhya Pradesh,452008,IN,True
6094,Vengurla,Maharashtra,416516,IN,True
6095,Thiruvananthapuram District,Kerala,695301,IN,True
6096,Delhi,Delhi,110075,IN,True
6097,Dehradun,Uttarakhand,248179,IN,True
6098,Hinganghat,Maharashtra,442301,IN,True
6099,Dombivli(East),Maharashtra,421201,IN,True
6100,Kauntarpur,Punjab,145101,IN,True
6101,Puducherry,Puducherry,605013,IN,True
6102,Basti,Uttar Pradesh,272002,IN,True
6103,Koraon,Uttar Pradesh,212306,IN,True
6104,Pattiom,Kerala,670692,IN,True
6105,Vijainagar Ajmer District,Rajasthan,305624,IN,True
6106,Mallappally,Kerala,689584,IN,True
6107,Sibsagar,Assam,785686,IN,True
6108,Chittoor,Andhra Pradesh,517130,IN,True
6109,Calapor,Goa,403202,IN,True
6110,Vazhakkala,Kerala,682037,IN,True
6111,Mirza,Assam,781125,IN,True
6112,Ramagundam,Telangana,505210,IN,True
6113,Srivilliputhur,Tamil Nadu,626149,IN,True
6114,Farakka Barrage Township,West Bengal,742212,IN,True
6115,Sathyamangalam,Tamil Nadu,638401,IN,True
6116,Jalpaiguri,West Bengal,734008,IN,True
6117,Kolkata,West Bengal,700134,IN,True
6118,Dombivli (E),Maharashtra,421204,IN,True
6119,Mangaluru,Karnataka,574229,IN,True
6120,Ernakulam,Kerala,682030,IN,True
6121,New Delhidelhi,Delhi,110016,IN,True
6122,Barabanki,Uttar Pradesh,225401,IN,True
6123,Dohad,Gujarat,389110,IN,True
6124,Udala,Odisha,757041,IN,True
6125,Nungabakam Chennai,Tamil Nadu,600029,IN,True
6126,Karwar,Karnataka,581400,IN,True
6127,Solapur,Maharashtra,413006,IN,True
6128,Kadayanallur,Tamil Nadu,627751,IN,True
6129,North 24 Parganas,West Bengal,700081,IN,True
6130,Zirakpur Punjab Mohali,Punjab,140603,IN,True
6131,Thane,Maharashtra,421501,IN,True
6132,Nagapattinam,Tamil Nadu,609314,IN,True
6133,Chennai,Tamil Nadu,600103,IN,True
6134,Utraula,Uttar Pradesh,271604,IN,True
6135,Ferozepur Cantt,Punjab,152001,IN,True
6136,Subarnapur,West Bengal,741249,IN,True
6137,Bongaigaon Iocl Township,Assam,783385,IN,True
6138,Pathanamthitta,Kerala,689641,IN,True
6139,Gobichettipalayam,Tamil Nadu,638476,IN,True
6140,Dhanbad,Jharkhand,828122,IN,True
6141,Gariyadhar,Gujarat,364505,IN,True
6142,Dstr-  Dehradun,Uttarakhand,249205,IN,True
6143,Muthukadu,Tamil Nadu,603112,IN,True
6144,Bhubaneswar,Odisha,754001,IN,True
6145,Karamuck,Kerala,680617,IN,True
6146,Chirala,Andhra Pradesh,523165,IN,True
6147,Uttam Nagar,Delhi,110059,IN,True
6148,Kapadvanj,Gujarat,387620,IN,True
6149,Thane,Maharashtra,421306,IN,True
6150,Paschim Medinipur,West Bengal,721147,IN,True
6151,Piarinagar,West Bengal,713405,IN,True
6152,Noida Extension,Uttar Pradesh,201309,IN,True
6153,Erode,Tamil Nadu,638316,IN,True
6154,Halisahar,West Bengal,743134,IN,True
6155,Banglore,Karnataka,560048,IN,True
6156,Bhugaon Mulshi Road,Maharashtra,412115,IN,True
6157,Madangad,Maharashtra,415203,IN,True
6158,Hyderabad,Telangana,500017,IN,True
6159,Aurangabad,Maharashtra,431004,IN,True
6160,Huzurabad,Telangana,505468,IN,True
6161,Shahabad Hardoi,Uttar Pradesh,241124,IN,True
6162,Pauri,Uttarakhand,246001,IN,True
6163,"Cbd Belapur,Navi Mumbai",Maharashtra,400614,IN,True
6164,Chennai,Tamil Nadu,600067,IN,True
6165,Baramkela,Chhattisgarh,496551,IN,True
6166,Jalor,Rajasthan,307030,IN,True
6167,Gargeswari,Karnataka,571110,IN,True
6168,Pune,Maharashtra,412411,IN,True
6169,Panagarh,West Bengal,713148,IN,True
6170,Nagpur,Maharashtra,440032,IN,True
6171,"Guwahati, Maligaon",Assam,781012,IN,True
6172,Choglamsar,Ladakh,194201,IN,True
6173,Visakhapatnam,Andhra Pradesh,531085,IN,True
6174,Thiruvananthapuram,Kerala,695036,IN,True
6175,Bandel,West Bengal,712123,IN,True
6176,Vallachira,Kerala,680306,IN,True
6177,"Chentrappini (Via ),Chamakkala",Kerala,680687,IN,True
6178,Jorhat,Assam,785008,IN,True
6179,Tiruvannamalai Dt,Tamil Nadu,606755,IN,True
6180,Fatehpur Bara Banki District,Uttar Pradesh,225305,IN,True
6181,Dindigul,Tamil Nadu,624005,IN,True
6182,Tumakuru,Karnataka,572121,IN,True
6183,Ballabhgarh,Haryana,121004,IN,True
6184,Buchireddipalem,Andhra Pradesh,524305,IN,True
6185,Phulpur Allahabad District,Uttar Pradesh,212402,IN,True
6186,"Bengaluru,Devnahalli",Karnataka,562129,IN,True
6187,Burdwan,West Bengal,713103,IN,True
6188,Kangra,Himachal Pradesh,176209,IN,True
6189,Chengannur,Kerala,689510,IN,True
6190,Gohana,Haryana,131305,IN,True
6191,Dombivali West,Maharashtra,421202,IN,True
6192,Vythiri,Kerala,673577,IN,True
6193,Srikakulam,Andhra Pradesh,532443,IN,True
6194,Chennai,Tamil Nadu,600098,IN,True
6195,Chapra,Bihar,841403,IN,True
6196,Sangareddy,Telangana,502314,IN,True
6197,Chinnathadagam,Tamil Nadu,641108,IN,True
6198,Chinchinim,Goa,403715,IN,True
6199,Mavelikkara,Kerala,690101,IN,True
6200,Hosapetebellary,Karnataka,583201,IN,True
6201,Vikasnagar,Uttarakhand,248125,IN,True
6202,"Vasai,Palghar",Maharashtra,401303,IN,True
6203,Kadapa,Andhra Pradesh,516213,IN,True
6204,Sanpada Sector 1,Maharashtra,400705,IN,True
6205,Vasco Da Gama,Goa,403804,IN,True
6206,Karari,Uttar Pradesh,212206,IN,True
6207,Ganapathipuram,Tamil Nadu,629502,IN,True
6208,Gazipur,Bihar,813221,IN,True
6209,Kanyakumari,Tamil Nadu,629157,IN,True
6210,Garulia,West Bengal,743144,IN,True
6211,Banbasa,Uttarakhand,262310,IN,True
6212,Nadia,West Bengal,741137,IN,True
6213,Warangal Urban,Telangana,506011,IN,True
6214,Ahmedabad,Gujarat,380027,IN,True
6215,Muzaffarpur,Bihar,843113,IN,True
6216,Thiruvallur,Tamil Nadu,602024,IN,True
6217,Cheruthazham,Kerala,670303,IN,True
6218,Salem,Tamil Nadu,636016,IN,True
6219,Naigaon East,Maharashtra,401208,IN,True
6220,Kunnummal,Kerala,673507,IN,True
6221,Chhibramau,Uttar Pradesh,209721,IN,True
6222,Sidhpur,Gujarat,384151,IN,True
6223,Chandrapur,Maharashtra,442404,IN,True
6224,Roha,Maharashtra,402126,IN,True
6225,Hojai,Assam,782435,IN,True
6226,"Garugubilli Mandal, Vizianagaram Dist",Andhra Pradesh,535525,IN,True
6227,Sattur,Tamil Nadu,626203,IN,True
6228,Bhadrak,Odisha,756111,IN,True
6229,Dehradun,Uttarakhand,248159,IN,True
6230,Usilampatti,Tamil Nadu,625527,IN,True
6231,Tirupathi,Andhra Pradesh,517501,IN,True
6232,Gauribidanur,Karnataka,561208,IN,True
6233,"Daudhar, Moga",Punjab,142053,IN,True
6234,Veraval Rajkot District,Gujarat,360024,IN,True
6235,Sikandarabad Industrial Area,Uttar Pradesh,203207,IN,True
6236,Hyderabad,Telangana,500101,IN,True
6237,Karamsad Anand,Gujarat,388325,IN,True
6238,Karkala Taluk,Karnataka,576117,IN,True
6239,Indore,Madhya Pradesh,453001,IN,True
6240,Visakhapatnam,Andhra Pradesh,530041,IN,True
6241,Haringhata,West Bengal,741249,IN,True
6242,Srinagar,Jammu and Kashmir,190014,IN,True
6243,Attingal,Kerala,695102,IN,True
6244,Gothra,Rajasthan,333504,IN,True
6245,Parsa,Bihar,841219,IN,True
6246,New Raipur,Chhattisgarh,492015,IN,True
6247,Kollam,Kerala,691581,IN,True
6248,Bhilai,Chhattisgarh,491001,IN,True
6249,Vadakkekad,Kerala,679562,IN,True
6250,Annamalai Nagar,Tamil Nadu,608002,IN,True
6251,Kanniyakumari,Tamil Nadu,629164,IN,True
6252,Kollam,Kerala,691574,IN,True
6253,Aurangabad,Maharashtra,431008,IN,True
6254,Kochi,Kerala,682021,IN,True
6255,Coimbatore,Tamil Nadu,641110,IN,True
6256,Budge Budge,West Bengal,700137,IN,True
6257,Ayyampettai Thanjavur District,Tamil Nadu,614206,IN,True
6258,Jamnagar,Gujarat,361335,IN,True
6259,Bareilly,Uttar Pradesh,243005,IN,True
6260,Kochi,Kerala,682031,IN,True
6261,Greater Noida West,Uttar Pradesh,201307,IN,True
6262,Pura Acchai Phulpur  Allahabad,Uttar Pradesh,212402,IN,True
6263,7Barasat,West Bengal,700124,IN,True
6264,Thiruvananthapuram,Kerala,695570,IN,True
6265,Hoshiarpur,Punjab,145101,IN,True
6266,Mayyanad,Kerala,691011,IN,True
6267,Villupuram,Tamil Nadu,605401,IN,True
6268,Buxar,Bihar,802126,IN,True
6269,"Thoraipakkam, Chennai",Tamil Nadu,600097,IN,True
6270,Periyanaickenpalayam,Tamil Nadu,641020,IN,True
6271,Bengaluru,Karnataka,560110,IN,True
6272,Chandipur Maldah District,West Bengal,732203,IN,True
6273,Udupi,Karnataka,576219,IN,True
6274,Ottappalam,Kerala,678633,IN,True
6275,Perinad,Kerala,691601,IN,True
6276,Kollam,Kerala,691021,IN,True
6277,Kushinagar,Uttar Pradesh,274402,IN,True
6278,Thiruvarur,Tamil Nadu,610001,IN,True
6279,Nowgong,Madhya Pradesh,471201,IN,True
6280,Vadodara - 390019,Gujarat,390019,IN,True
6281,Nellore,Andhra Pradesh,524307,IN,True
6282,Sabang,West Bengal,721166,IN,True
6283,Pune 41104,Maharashtra,411044,IN,True
6284,Cuttack Sadar,Odisha,753004,IN,True
6285,Thane,Maharashtra,400703,IN,True
6286,Lakhani,Gujarat,385535,IN,True
6287,Bilsi,Uttar Pradesh,243633,IN,True
6288,Ahmednagar,Maharashtra,414106,IN,True
6289,Bade Bacheli,Chhattisgarh,494553,IN,True
6290,Baloda Bazar,Chhattisgarh,493332,IN,True
6291,Dhaliyur,Tamil Nadu,641109,IN,True
6292,"Ankleshwar, Dist-Bharuch",Gujarat,393002,IN,True
6293,Ramgarh,Jharkhand,829124,IN,True
6294,Hadgaon,Maharashtra,431712,IN,True
6295,New Barrackpur,West Bengal,700132,IN,True
6296,Raman,Punjab,151301,IN,True
6297,Nannilam,Tamil Nadu,610105,IN,True
6298,Markapur,Andhra Pradesh,523316,IN,True
6299,Kayamkulam,Kerala,690531,IN,True
6300,Barpeta Road,Assam,781313,IN,True
6301,Jagatsinghapur,Odisha,754113,IN,True
6302,Nayarambalam,Kerala,682509,IN,True
6303,Khatav,Maharashtra,415505,IN,True
6304,Noida Extension,Uttar Pradesh,201301,IN,True
6305,"Bandra Kurla Complex, Mumbai",Maharashtra,400051,IN,True
6306,Ahmedabad,Gujarat,382115,IN,True
6307,Gobardanga,West Bengal,743273,IN,True
6308,Aurangbad,Maharashtra,431136,IN,True
6309,Nadapuram,Kerala,673504,IN,True
6310,Dattapur Dhamangaon,Maharashtra,444709,IN,True
6311,"Nallepilly P.O , Palakkad Dt",Kerala,678553,IN,True
6312,Kothamangalam,Kerala,686666,IN,True
6313,Lucknow,Uttar Pradesh,226031,IN,True
6314,Baruni,Bihar,851112,IN,True
6315,Mawana,Uttar Pradesh,250401,IN,True
6316,Chittur Thathamangalam,Kerala,678103,IN,True
6317,North Delhi,Delhi,110085,IN,True
6318,Golaghati,Tripura,799102,IN,True
6319,Pedana,Andhra Pradesh,521366,IN,True
6320,Honavar,Karnataka,581341,IN,True
6321,Saranga,Odisha,759146,IN,True
6322,Shimla,Himachal Pradesh,171004,IN,True
6323,Panihati,West Bengal,700111,IN,True
6324,Nazira,Assam,785685,IN,True
6325,Kushalanagara,Karnataka,571232,IN,True
6326,Belur,Karnataka,573121,IN,True
6327,Thiruvananthapuram,Kerala,695016,IN,True
6328,Dindigul,Tamil Nadu,624004,IN,True
6329,Kolhapur,Maharashtra,416001,IN,True
6330,Valsad,Gujarat,396375,IN,True
6331,Kolhapur,Maharashtra,416013,IN,True
6332,Dharmsala,Himachal Pradesh,176219,IN,True
6333,Bonaigarh,Odisha,770038,IN,True
6334,Sainthia,West Bengal,731234,IN,True
6335,Thiruvananthapuram,Kerala,695033,IN,True
6336,Thane,Maharashtra,400081,IN,True
6337,Nashik,Maharashtra,422007,IN,True
6338,Junagadh,Gujarat,362110,IN,True
6339,"Kondapur, Hyderabad",Telangana,500084,IN,True
6340,Adimaly,Kerala,685561,IN,True
6341,Chandrapur,Maharashtra,442505,IN,True
6342,Mumbai,Maharashtra,421204,IN,True
6343,Hugli Chinsurah,West Bengal,712101,IN,True
6344,Purnea,Bihar,854315,IN,True
6345,Dakshina Kannada,Karnataka,574219,IN,True
6346,Manjlegaon,Maharashtra,431131,IN,True
6347,N. Paravur,Kerala,683578,IN,True
6348,Pimpri Gav,Maharashtra,411017,IN,True
6349,Talegaon Station,Maharashtra,410507,IN,True
6350,"Edulamustoor ,Bathalapalle",Andhra Pradesh,515661,IN,True
6351,"Akurdi, Pune-35",Maharashtra,411035,IN,True
6352,Bokakhat,Assam,785612,IN,True
6353,"Urappakkam,Chennai",Tamil Nadu,603202,IN,True
6354,Erode,Tamil Nadu,638003,IN,True
6355,Delhi,Delhi,110089,IN,True
6356,Chikhli,Gujarat,396521,IN,True
6357,Bishunipur,Uttar Pradesh,271201,IN,True
6358,"Polur Taluk, Thiruvanamalai District",Tamil Nadu,606803,IN,True
6359,Kolhapur,Maharashtra,416115,IN,True
6360,Kozhikode,Kerala,673526,IN,True
6361,Neelipudi,Andhra Pradesh,534202,IN,True
6362,Jhajjar,Haryana,124104,IN,True
6363,Lakhipur Goalpara District,Assam,783129,IN,True
6364,Jhansi Cantt,Uttar Pradesh,284001,IN,True
6365,Garabandha,Odisha,761215,IN,True
6366,Asansol,West Bengal,713325,IN,True
6367,Raipur,Chhattisgarh,492007,IN,True
6368,"Khammam, Vemsoor(Mandal)",Telangana,507164,IN,True
6369,Ajmer,Rajasthan,305205,IN,True
6370,Machhali Shahar Jaunpur,Uttar Pradesh,222143,IN,True
6371,Bardhaman,West Bengal,713203,IN,True
6372,Tumakuru,Karnataka,572106,IN,True
6373,Vidisha,Madhya Pradesh,464001,IN,True
6374,Sultanpur,Uttar Pradesh,228171,IN,True
6375,Pathanamthitta,Kerala,691525,IN,True
6376,Falakata,West Bengal,735211,IN,True
6377,Uska Bazar,Uttar Pradesh,272208,IN,True
6378,New Chandigarh,Punjab,140901,IN,True
6379,Umarga,Maharashtra,413606,IN,True
6380,Lucknow,Uttar Pradesh,226101,IN,True
6381,Payyannur,Kerala,670309,IN,True
6382,Mannarkad I,Kerala,678762,IN,True
6383,Thrissur,Kerala,680302,IN,True
6384,Kangra,Himachal Pradesh,177113,IN,True
6385,Mukhed,Maharashtra,431715,IN,True
6386,Bhubaneswar,Odisha,751018,IN,True
6387,Ernakulam,Kerala,686672,IN,True
6388,Ernakulam,Kerala,683501,IN,True
6389,Aligarh,Uttar Pradesh,202122,IN,True
6390,Changanacherry,Kerala,686546,IN,True
6391,Ichak,Jharkhand,825402,IN,True
6392,South West Delhi,Delhi,110075,IN,True
6393,Hole Narsipur,Karnataka,573211,IN,True
6394,Rajgangpur,Odisha,770017,IN,True
6395,Firozabad,Uttar Pradesh,283204,IN,True
6396,Osmanabad,Maharashtra,413525,IN,True
6397,Vishakapatnam,Andhra Pradesh,530047,IN,True
6398,Guntur,Andhra Pradesh,522257,IN,True
6399,Tiruchirappalli,Tamil Nadu,620019,IN,True
6400,Oddanchatram,Tamil Nadu,624616,IN,True
6401,Sankrail,West Bengal,711313,IN,True
6402,North Lakhimpur-787001,Assam,787001,IN,True
6403,Barotiwala Industrial Area,Himachal Pradesh,174103,IN,True
6404,Borawar,Rajasthan,341502,IN,True
6405,Kompally,Telangana,500014,IN,True
6406,Kodinhi P O,Kerala,676309,IN,True
6407,Kottarakkara,Kerala,691533,IN,True
6408,Surat,Gujarat,394221,IN,True
6409,Siwan,Bihar,841439,IN,True
6410,Vattapoyil,Kerala,670591,IN,True
6411,Bhilai,Chhattisgarh,490042,IN,True
6412,Sakaldiha,Uttar Pradesh,232108,IN,True
6413,Tinsukia,Assam,786189,IN,True
6414,Gavaravaram,Andhra Pradesh,534312,IN,True
6415,Jammu,Jammu and Kashmir,180020,IN,True
6416,Vellore,Tamil Nadu,631001,IN,True
6417,Mughal Sarai,Uttar Pradesh,232101,IN,True
6418,Bhilwara,Rajasthan,312022,IN,True
6419,Kothapeta,Andhra Pradesh,533223,IN,True
6420,Delhi,Delhi,110025,IN,True
6421,Kallakudi,Tamil Nadu,621651,IN,True
6422,Venkitangu,Kerala,680616,IN,True
6423,Mehatpur,Himachal Pradesh,174315,IN,True
6424,Pushkar,Rajasthan,305022,IN,True
6425,Jhunjhunu,Rajasthan,333001,IN,True
6426,Belghoria,West Bengal,700049,IN,True
6427,I Polavaram,Andhra Pradesh,533220,IN,True
6428,Malapuram,Kerala,679573,IN,True
6429,Sultanpur,Uttar Pradesh,222302,IN,True
6430,Indrapuri,Uttar Pradesh,201102,IN,True
6431,"Kedareswara Pet ,  Vijayawada",Andhra Pradesh,520003,IN,True
6432,Ramachandrapuram,Andhra Pradesh,502032,IN,True
6433,Jammu,Jammu and Kashmir,181101,IN,True
6434,Pune,Maharashtra,410504,IN,True
6435,Muthupet,Tamil Nadu,614704,IN,True
6436,Srinagar /Srinagar,Jammu and Kashmir,190001,IN,True
6437,Bihta Begusarai District,Bihar,851135,IN,True
6438,Kamavarapukota,Andhra Pradesh,534452,IN,True
6439,Mannargudi,Tamil Nadu,614001,IN,True
6440,Kinathukadavu,Tamil Nadu,642109,IN,True
6441,Mandi,Himachal Pradesh,175016,IN,True
6442,Kakkanad,Kerala,682021,IN,True
6443,Mumbai,Maharashtra,400601,IN,True
6444,Chikmagalur,Karnataka,577101,IN,True
6445,New Delhi,Delhi,110083,IN,True
6446,Jalaun,Uttar Pradesh,285123,IN,True
6447,Samba,Jammu and Kashmir,181143,IN,True
6448,Mohali,Punjab,140306,IN,True
6449,Baroh,Himachal Pradesh,176037,IN,True
6450,Dhanwar,Jharkhand,825412,IN,True
6451,Adoni,Andhra Pradesh,518301,IN,True
6452,Karimnagar,Telangana,505490,IN,True
6453,Arani Tiruvannamalai District,Tamil Nadu,632301,IN,True
6454,Tirutani,Tamil Nadu,631209,IN,True
6455,Kolkata,West Bengal,700086,IN,True
6456,Mumbai 400030,Maharashtra,400030,IN,True
6457,"Dombivli East, Dist: Thane",Maharashtra,421203,IN,True
6458,Narikkuni,Kerala,673585,IN,True
6459,Delhi,Delhi,110053,IN,True
6460,Nellore(Dt),Andhra Pradesh,524408,IN,True
6461,Lapung.....Ranchi,Jharkhand,835234,IN,True
6462,Chikodi,Karnataka,591222,IN,True
6463,Kayyur,Kerala,671313,IN,True
6464,Muvattupuzha,Kerala,686669,IN,True
6465,Ponnur,Andhra Pradesh,522124,IN,True
6466,Markapur,Andhra Pradesh,523329,IN,True
6467,Narendrapuram,Andhra Pradesh,533229,IN,True
6468,"Station Ghanpur,Warangal District",Telangana,506143,IN,True
6469,Ongole,Andhra Pradesh,523286,IN,True
6470,Pimpri Pune,Maharashtra,411017,IN,True
6471,Itwa,Uttar Pradesh,272192,IN,True
6472,"Jipmer Quarters,Gorimedu",Puducherry,605006,IN,True
6473,Trivandrum,Kerala,695035,IN,True
6474,Valanchery,Kerala,676552,IN,True
6475,Cuttack,Odisha,754208,IN,True
6476,Ottappalam,Kerala,679521,IN,True
6477,Chhotaudepur,Gujarat,391155,IN,True
6478,Sonapur,Odisha,767017,IN,True
6479,Warangal,Telangana,506348,IN,True
6480,Dumka,Jharkhand,814145,IN,True
6481,Ayothiapattinam,Tamil Nadu,636103,IN,True
6482,"Gurgaon,Delhi",Haryana,122016,IN,True
6483,Kolhapur,Maharashtra,416010,IN,True
6484,Bulandshahr,Uttar Pradesh,203155,IN,True
6485,Salem,Tamil Nadu,636121,IN,True
6486,Vadakankulam,Tamil Nadu,627116,IN,True
6487,Kattanam,Kerala,690503,IN,True
6488,Sanquelim,Goa,403505,IN,True
6489,Chatrapatti,Tamil Nadu,624614,IN,True
6490,Kolhapur,Maharashtra,416503,IN,True
6491,Rishra,West Bengal,712203,IN,True
6492,Jandiala Guru,Punjab,143115,IN,True
6493,East Delhi,Delhi,110051,IN,True
6494,Bhuntar,Himachal Pradesh,175126,IN,True
6495,Gandhinagar,Gujarat,382041,IN,True
6496,"Paras,Akola",Maharashtra,444109,IN,True
6497,Joda,Odisha,758034,IN,True
6498,Gwc Township Kovaya,Gujarat,365541,IN,True
6499,Kumarkhand,Bihar,852112,IN,True
6500,Mahabubabad,Telangana,506101,IN,True
6501,Shillong,Meghalaya,793012,IN,True
6502,Kangra,Himachal Pradesh,177106,IN,True
6503,Shahdol,Madhya Pradesh,484001,IN,True
6504,Mulky,Karnataka,574154,IN,True
6505,Bharuch,Gujarat,392011,IN,True
6506,Ochira,Kerala,690526,IN,True
6507,Ernakulam,Kerala,686662,IN,True
6508,Rajpur,Madhya Pradesh,451447,IN,True
6509,Dungarpur,Rajasthan,314001,IN,True
6510,"Port Blair , South Andaman",Andaman and Nicobar Islands,744103,IN,True
6511,"Ithepalli(V), Chandragiri(M), Chittoor(D),",Andhra Pradesh,517102,IN,True
6512,Bangalore,Karnataka,560050,IN,True
6513,Nellyadi,Karnataka,574229,IN,True
6514,Rourkela,Odisha,769003,IN,True
6515,Santipur,West Bengal,741404,IN,True
6516,Asaripallam,Tamil Nadu,629201,IN,True
6517,Cuttack,Odisha,754025,IN,True
6518,Varanasi,Uttar Pradesh,221106,IN,True
6519,Badarpur,Assam,788806,IN,True
6520,Gorakhpur,Uttar Pradesh,273409,IN,True
6521,"Edappally, Ernakulam",Kerala,682021,IN,True
6522,Ulhasnagar,Maharashtra,421002,IN,True
6523,Rajahmundry,Andhra Pradesh,533105,IN,True
6524,Budgam,Jammu and Kashmir,192121,IN,True
6525,Patti,Punjab,143416,IN,True
6526,"Makhla, Uttarpara, Hooghly",West Bengal,712245,IN,True
6527,Silchar,Assam,788007,IN,True
6528,Nagpur,Maharashtra,440019,IN,True
6529,Baramati,Maharashtra,413133,IN,True
6530,Ranipettai,Tamil Nadu,632404,IN,True
6531,Nalgonda,Telangana,508211,IN,True
6532,Sirohi,Rajasthan,307802,IN,True
6533,"Pimpri,Pune",Maharashtra,411018,IN,True
6534,Roha,Maharashtra,400706,IN,True
6535,Kannur,Kerala,670643,IN,True
6536,Akola,Maharashtra,444002,IN,True
6537,"Nalasopara,Palghar",Maharashtra,401203,IN,True
6538,Sulthan Batheri,Kerala,673592,IN,True
6539,Brahmapur,Odisha,760010,IN,True
6540,Betul,Madhya Pradesh,460449,IN,True
6541,Neemkathana Sikar,Rajasthan,332714,IN,True
6542,Chhabra,Rajasthan,325220,IN,True
6543,Etah,Uttar Pradesh,207243,IN,True
6544,Yeshwanthpur Bangalore,Karnataka,560022,IN,True
6545,"Madanapalle, Chittoor District",Andhra Pradesh,517325,IN,True
6546,Vita,Maharashtra,415311,IN,True
6547,"Basavanabagevadi, Vijapura",Karnataka,586203,IN,True
6548,Greater Noida,Uttar Pradesh,201016,IN,True
6549,Karukachal,Kerala,686541,IN,True
6550,Kannanoor,Tamil Nadu,629158,IN,True
6551,Munnar,Kerala,685612,IN,True
6552,Mudinepalle,Andhra Pradesh,521325,IN,True
6553,Bangalore,Karnataka,560011,IN,True
6554,Bhatkal,Karnataka,581350,IN,True
6555,Navi Mumbai 410218,Maharashtra,410218,IN,True
6556,Salem,Tamil Nadu,636014,IN,True
6557,Pune City,Maharashtra,411060,IN,True
6558,Ballari,Karnataka,583128,IN,True
6559,Tekanpur,Madhya Pradesh,475005,IN,True
6560,Majgao Sawantwadi,Maharashtra,416510,IN,True
6561,Rajarhat,West Bengal,700135,IN,True
6562,Chowwara,Kerala,683575,IN,True
6563,Lucknow,Uttar Pradesh,226401,IN,True
6564,Kota,Andhra Pradesh,524413,IN,True
6565,Umarkote,Odisha,764073,IN,True
6566,South Delhi,Delhi,110017,IN,True
6567,Dhandhuka,Gujarat,382460,IN,True
6568,Elavally,Kerala,680511,IN,True
6569,Santuri,West Bengal,723121,IN,True
6570,Bokaro Thermal Township,Jharkhand,829107,IN,True
6571,North Lakhimpur,Assam,787031,IN,True
6572,Basti,Uttar Pradesh,272200,IN,True
6573,New Delhi 110045,Delhi,110045,IN,True
6574,Karkal,Karnataka,574244,IN,True
6575,Gooty,Andhra Pradesh,515402,IN,True
6576,Jhalawar,Rajasthan,326512,IN,True
6577,Papanasam,Tamil Nadu,614205,IN,True
6578,Mugkalyan,West Bengal,711312,IN,True
6579,Sindkheda,Maharashtra,425406,IN,True
6580,Chittur Thathamangalam,Kerala,678102,IN,True
6581,Byatryanpura,Karnataka,560092,IN,True
6582,"Gaulapar, Haldwani",Uttarakhand,263139,IN,True
6583,Nallampatti,Tamil Nadu,638057,IN,True
6584,Patiala,Punjab,147004,IN,True
6585,Atmakur,Telangana,509131,IN,True
6586,Tiruppur,Tamil Nadu,641601,IN,True
6587,Kisanganj,Bihar,855107,IN,True
6588,Thiruvananthapuram,Kerala,695522,IN,True
6589,Tadepalli,Andhra Pradesh,522501,IN,True
6590,Saifai,Uttar Pradesh,206130,IN,True
6591,Ramanattukara,Kerala,673633,IN,True
6592,Gurdaspur,Punjab,143530,IN,True
6593,Thane Bhayanderwest,Maharashtra,401101,IN,True
6594,Bhilai,Chhattisgarh,490025,IN,True
6595,Pimple Saudagar,Maharashtra,411027,IN,True
6596,Shoranur,Kerala,679313,IN,True
6597,Kumily,Kerala,685535,IN,True
6598,Tinsukia,Assam,786192,IN,True
6599,Goa,Goa,403110,IN,True
6600,Dombivli East Thane,Maharashtra,421203,IN,True
6601,Teghra,Bihar,851133,IN,True
6602,Barughutu,Jharkhand,825314,IN,True
6603,Kurattissery,Kerala,689622,IN,True
6604,Binnaguri,West Bengal,735135,IN,True
6605,Hyderbad,Telangana,500007,IN,True
6606,Howrah,West Bengal,711409,IN,True
6607,Panch Mahals,Gujarat,389001,IN,True
6608,Kozhikode,Kerala,673001,IN,True
6609,Jodhpur,Rajasthan,342037,IN,True
6610,New Delhi,Delhi,110038,IN,True
6611,Chhatrapur,Odisha,761020,IN,True
6612,Taliparamba,Kerala,670142,IN,True
6613,Sarvabhoumnagar  Chikalsandra  Bengaluru,Karnataka,560061,IN,True
6614,Bhitarwar,Madhya Pradesh,475220,IN,True
6615,Kamrup,Assam,781038,IN,True
6616,Hisar,Haryana,125047,IN,True
6617,Gauripur,Assam,783331,IN,True
6618,"Haldia, Purba Medinipur",West Bengal,721657,IN,True
6619,Kolkata,West Bengal,700124,IN,True
6620,New Delhidelhi,Delhi,110094,IN,True
6621,Berhampur,Odisha,760003,IN,True
6622,Sanpada,Maharashtra,400705,IN,True
6623,Kaveripattinam,Tamil Nadu,635112,IN,True
6624,Bellare Village And Post,Karnataka,574212,IN,True
6625,Melur,Tamil Nadu,625106,IN,True
6626,Salem,Tamil Nadu,636108,IN,True
6627,Pali,Maharashtra,410205,IN,True
6628,Jalandhar,Punjab,144032,IN,True
6629,Sangareddy,Telangana,502294,IN,True
6630,Jaipur,Rajasthan,302023,IN,True
6631,Mumbai,Maharashtra,400085,IN,True
6632,Berhampur,Odisha,760010,IN,True
6633,Rourkela,Odisha,769012,IN,True
6634,Thodupuzha,Kerala,685581,IN,True
6635,Koliwali Kalyan West,Maharashtra,421301,IN,True
6636,"Navile , Shivamogga",Karnataka,577204,IN,True
6637,Mumbai,Maharashtra,400019,IN,True
6638,Kottarakkara,Kerala,691506,IN,True
6639,Alappuzha,Kerala,690530,IN,True
6640,Mangalbari,West Bengal,735206,IN,True
6641,Thane,Maharashtra,421503,IN,True
6642,Belagavi,Karnataka,590005,IN,True
6643,Kolazhy,Kerala,680631,IN,True
6644,Karaikal,Puducherry,609609,IN,True
6645,Berhampore,West Bengal,742302,IN,True
6646,Kaniyarkode,Kerala,679106,IN,True
6647,Gorakhpur,Uttar Pradesh,273010,IN,True
6648,Gaura Kala,Uttar Pradesh,221112,IN,True
6649,Bankura,West Bengal,722149,IN,True
6650,Shivamogga,Karnataka,577203,IN,True
6651,Palakkad,Kerala,679504,IN,True
6652,"Ludhiana, Punjab (India)",Punjab,141003,IN,True
6653,Yeldurthy,Telangana,502255,IN,True
6654,Hyderabad,Andhra Pradesh,500087,IN,True
6655,Chengannur,Kerala,689509,IN,True
6656,Malkapur Midc,Maharashtra,443112,IN,True
6657,Thikkody,Kerala,673522,IN,True
6658,Rewari,Haryana,123035,IN,True
6659,Greater Noida,Uttar Pradesh,201314,IN,True
6660,Malappuram,Kerala,676551,IN,True
6661,Malkapur Dist: Buldhana,Maharashtra,443101,IN,True
6662,Chikode,Karnataka,591216,IN,True
6663,Leh,Ladakh,194104,IN,True
6664,Kakinada (Urban),Andhra Pradesh,533004,IN,True
6665,Pathanamthitta,Kerala,689583,IN,True
6666,Baleshwar,Odisha,756025,IN,True
6667,Mandya,Karnataka,571478,IN,True
6668,Vellore,Tamil Nadu,632406,IN,True
6669,Goregaon East  Mumbai,Maharashtra,400063,IN,True
6670,Bangalore,Karnataka,560077,IN,True
6671,Raigarh,Maharashtra,402201,IN,True
6672,Haora,West Bengal,711109,IN,True
6673,Vasai,Maharashtra,401202,IN,True
6674,Dankuni,West Bengal,712311,IN,True
6675,Tiruchirappalli,Tamil Nadu,620002,IN,True
6676,Paravur,Kerala,683594,IN,True
6677,Naguluppala Padu,Andhra Pradesh,523180,IN,True
6678,Udyogh Vihar Phase 2,Haryana,122016,IN,True
6679,Kudur,Karnataka,561101,IN,True
6680,Belagavi,Karnataka,591221,IN,True
6681,Sarisha,West Bengal,743368,IN,True
6682,Virar,Maharashtra,401303,IN,True
6683,Portblair,Andaman and Nicobar Islands,744103,IN,True
6684,Thiruvalla,Kerala,689108,IN,True
6685,Dibiyapur,Uttar Pradesh,206244,IN,True
6686,Attingal,Kerala,695605,IN,True
6687,Pune,Maharashtra,412109,IN,True
6688,Jamshedpur,Jharkhand,831015,IN,True
6689,Kozikode,Kerala,673012,IN,True
6690,Ozar,Maharashtra,422206,IN,True
6691,Margao,Goa,403722,IN,True
6692,Secunderabad,Telangana,500071,IN,True
6693,Delhi,Delhi,110019,IN,True
6694,Valsad,Gujarat,396007,IN,True
6695,Guntur,Andhra Pradesh,522005,IN,True
6696,Trichy,Tamil Nadu,621218,IN,True
6697,Chunar,Uttar Pradesh,231306,IN,True
6698,Alappuzha,Kerala,689511,IN,True
6699,Alappuzha,Kerala,688533,IN,True
6700,Idukki,Kerala,685515,IN,True
6701,Aizawl,Mizoram,796007,IN,True
6702,Gachibowli / Hyderabad,Telangana,500032,IN,True
6703,Chandigarh - 160023,Chandigarh,160023,IN,True
6704,Ahmedabad.,Gujarat,380055,IN,True
6705,Palakkad,Kerala,678009,IN,True
6706,Sao Jose De Areal,Goa,403709,IN,True
6707,Manesar,Haryana,122051,IN,True
6708,Duliajan No 1,Assam,786191,IN,True
6709,Tezpur,Assam,784028,IN,True
6710,Kalpeni,Lakshadweep,682557,IN,True
6711,Bhilai,Chhattisgarh,490009,IN,True
6712,Betalbatim,Goa,403713,IN,True
6713,Manchar,Maharashtra,410503,IN,True
6714,"Mumbai,  Andheri West",Maharashtra,400053,IN,True
6715,Varanasi,Uttar Pradesh,221109,IN,True
6716,North Goa,Goa,403509,IN,True
6717,Baghpat,Uttar Pradesh,250609,IN,True
6718,Cooch Behar,West Bengal,736159,IN,True
6719,Kolkata,West Bengal,700131,IN,True
6720,Mavelikkara,Kerala,690110,IN,True
6721,Imphal,Manipur,795126,IN,True
6722,Kochi,Kerala,683514,IN,True
6723,Salipur,Odisha,754202,IN,True
6724,Nallasopara,Maharashtra,401203,IN,True
6725,Shyamnagar,West Bengal,743127,IN,True
6726,Phusro,Jharkhand,829144,IN,True
6727,Bahadarabad,Uttarakhand,249402,IN,True
6728,Cuttack,Odisha,753002,IN,True
6729,Pachwad Tal Wai District Satara,Maharashtra,415513,IN,True
6730,Howrah,West Bengal,712404,IN,True
6731,Whitefield,Karnataka,560066,IN,True
6732,Malappuram District,Kerala,679573,IN,True
6733,Baggar,Rajasthan,333023,IN,True
6734,"Santacruz East, Mumbai",Maharashtra,400055,IN,True
6735,Thiruvananthapuram,Kerala,695601,IN,True
6736,Kausani,Uttarakhand,263639,IN,True
6737,"Khurda,Bhubaneswar",Odisha,751013,IN,True
6738,Ernakulam,Kerala,683549,IN,True
6739,Bangalore Urban,Karnataka,560043,IN,True
6740,"Birati, Kolkata",West Bengal,700051,IN,True
6741,Babai,Madhya Pradesh,461661,IN,True
6742,Lahar,Madhya Pradesh,477445,IN,True
6743,Rahatani,Maharashtra,411017,IN,True
6744,Jagatsinghapur,Odisha,754142,IN,True
6745,Kachhrahwa Tola,Uttar Pradesh,273306,IN,True
6746,Bangalore,Karnataka,560024,IN,True
6747,Durgapur,West Bengal,713201,IN,True
6748,Pedavegi,Andhra Pradesh,534450,IN,True
6749,Kumta,Karnataka,581351,IN,True
6750,Korba,Chhattisgarh,495452,IN,True
6751,Almora,Uttarakhand,263656,IN,True
6752,Bharatpur,Rajasthan,321411,IN,True
6753,Thirupuvanam Thanjavur District,Tamil Nadu,612103,IN,True
6754,East Godavari,Andhra Pradesh,533201,IN,True
6755,Jaunpur,Uttar Pradesh,222131,IN,True
6756,Hubballi,Karnataka,580029,IN,True
6757,Villupuram,Tamil Nadu,606202,IN,True
6758,Kolkata,West Bengal,700073,IN,True
6759,Mau,Uttar Pradesh,276129,IN,True
6760,Mandya,Karnataka,571463,IN,True
6761,Kolkata,West Bengal,700150,IN,True
6762,Adampur,Haryana,125052,IN,True
6763,Bodh Gaya,Bihar,824234,IN,True
6764,Lasalgaon,Maharashtra,422306,IN,True
6765,Vaikom,Kerala,686143,IN,True
6766,Uttarakannada,Karnataka,581303,IN,True
6767,Armori,Maharashtra,441208,IN,True
6768,Bangalore-560 086,Karnataka,560086,IN,True
6769,Jamjodhpur,Gujarat,360530,IN,True
6770,Narsinghpur,Madhya Pradesh,487001,IN,True
6771,Airoli,Maharashtra,400708,IN,True
6772,Dhubri,Assam,783301,IN,True
6773,"Malpur Road, Modasa",Gujarat,383315,IN,True
6774,Anakapalli,Andhra Pradesh,531001,IN,True
6775,Darjeelingd,West Bengal,734101,IN,True
6776,Kolkata,West Bengal,700126,IN,True
6777,Rupnarayanpur,West Bengal,713364,IN,True
6778,North Delhi,Delhi,110089,IN,True
6779,Darjeeling,West Bengal,734105,IN,True
6780,Siddapur,Karnataka,581355,IN,True
6781,"Bonda,Banarpal",Odisha,759128,IN,True
6782,"Banaganapalli, Kurnool",Andhra Pradesh,518124,IN,True
6783,Chinnamanur,Tamil Nadu,625515,IN,True
6784,Parappanangadi,Kerala,676303,IN,True
6785,Bantval,Karnataka,574211,IN,True
6786,Gandhinagar,Gujarat,382002,IN,True
6787,Kolkata 700036,West Bengal,700036,IN,True
6788,Upleta,Gujarat,360490,IN,True
6789,Siliguri,West Bengal,734008,IN,True
6790,Tumkur,Karnataka,572107,IN,True
6791,Risali Bhilai,Chhattisgarh,490006,IN,True
6792,Painkulam,Tamil Nadu,629176,IN,True
6793,Puliankudi,Tamil Nadu,627855,IN,True
6794,Pathanamthitta,Kerala,689501,IN,True
6795,Perumandi,Tamil Nadu,612501,IN,True
6796,Dibrugarh,Assam,786602,IN,True
6797,Mehkar,Maharashtra,443301,IN,True
6798,Aluva,Kerala,683105,IN,True
6799,Pappinisseri,Kerala,670561,IN,True
6800,Nedumangad,Kerala,695561,IN,True
6801,Dudhnai,Assam,783124,IN,True
6802,Kala Amb,Himachal Pradesh,173030,IN,True
6803,Trichy,Tamil Nadu,621111,IN,True
6804,Bankura.,West Bengal,722101,IN,True
6805,Varca,Goa,403717,IN,True
6806,Kalyan,Maharashtra,421002,IN,True
6807,Mangrulpir,Maharashtra,444403,IN,True
6808,Singrauli,Madhya Pradesh,486890,IN,True
6809,Varkala,Kerala,695141,IN,True
6810,Delhi,Delhi,110016,IN,True
6811,Bardhaman,West Bengal,713364,IN,True
6812,Sindkhed Raja,Maharashtra,443202,IN,True
6813,Babrala,Uttar Pradesh,243751,IN,True
6814,"Safidon, Ditt. Jind",Haryana,126112,IN,True
6815,Chandvad,Maharashtra,423101,IN,True
6816,Chrompet,Tamil Nadu,600044,IN,True
6817,"Pimpri Chinchwad, Pune",Maharashtra,411027,IN,True
6818,Atholi,Kerala,673315,IN,True
6819,Paonta Sahib,Himachal Pradesh,173025,IN,True
6820,Halhali,Tripura,799286,IN,True
6821,Perinthalmanna,Kerala,679357,IN,True
6822,Honnavar,Karnataka,581334,IN,True
6823,Maharajganj,Uttar Pradesh,221314,IN,True
6824,Dombivili,Maharashtra,421201,IN,True
6825,Dramapur,Goa,403725,IN,True
6826,Nasik,Maharashtra,422004,IN,True
6827,Arani Tiruvannamalai District,Tamil Nadu,632317,IN,True
6828,Rani Block,Assam,781131,IN,True
6829,Chicalim,Goa,403712,IN,True
6830,Pimpri - Chinchwad,Maharashtra,411033,IN,True
6831,Jagalur,Karnataka,577528,IN,True
6832,Budgam,Jammu and Kashmir,190015,IN,True
6833,Bilaspur,Himachal Pradesh,174002,IN,True
6834,Sufipind,Punjab,144024,IN,True
6835,Charkhi Dadri,Haryana,127306,IN,True
6836,Rohtas,Bihar,821307,IN,True
6837,Solan,Himachal Pradesh,174101,IN,True
6838,Coonoor,Tamil Nadu,643102,IN,True
6839,Nagpur,Maharashtra,441502,IN,True
6840,Parra,Goa,403510,IN,True
6841,"Bhiwadi, Alwar",Rajasthan,301019,IN,True
6842,Bilha,Chhattisgarh,495224,IN,True
6843,Palamaner,Andhra Pradesh,517408,IN,True
6844,Mayur Vihar-3,Delhi,110096,IN,True
6845,"Kulayankarisal,Thoothukudi District",Tamil Nadu,628103,IN,True
6846,Chandannagar,West Bengal,712138,IN,True
6847,Pampalner,Maharashtra,424306,IN,True
6848,Solapur,Maharashtra,413219,IN,True
6849,Chengelpet,Tamil Nadu,603002,IN,True
6850,Karur,Tamil Nadu,639006,IN,True
6851,"Palta, North 24 Paraganas, West Bengal",West Bengal,743122,IN,True
6852,Nadbai,Rajasthan,321602,IN,True
6853,Jalalabad Shahjahanpur District,Uttar Pradesh,242221,IN,True
6854,Vishrambhag Sangli,Maharashtra,416416,IN,True
6855,Sullia,Karnataka,574234,IN,True
6856,Guntur,Andhra Pradesh,522113,IN,True
6857,Gadarpur,Uttarakhand,263152,IN,True
6858,Jorhat,Assam,785107,IN,True
6859,Kharagpur,West Bengal,721304,IN,True
6860,Thottiyam,Tamil Nadu,621215,IN,True
6861,Alappuzha,Kerala,688582,IN,True
6862,Vengola,Kerala,683556,IN,True
6863,Chennai,Tamil Nadu,600031,IN,True
6864,Firozpur Cantt,Punjab,152001,IN,True
6865,Pandhana,Madhya Pradesh,450661,IN,True
6866,Akola,Maharashtra,444003,IN,True
6867,Pudukkottai,Tamil Nadu,613401,IN,True
6868,Bhubaneswar,Odisha,751005,IN,True
6869,Kaij,Maharashtra,431123,IN,True
6870,Ambarnath,Maharashtra,421506,IN,True
6871,Alappuzha,Kerala,688561,IN,True
6872,Venkatagiri,Andhra Pradesh,524132,IN,True
6873,Kollam,Kerala,691508,IN,True
6874,Siliguri,West Bengal,734006,IN,True
6875,Rr Dist.,Telangana,501359,IN,True
6876,Basti,Uttar Pradesh,272301,IN,True
6877,Bardoli,Gujarat,394350,IN,True
6878,Thrissur,Kerala,680011,IN,True
6879,Surada,Odisha,761108,IN,True
6880,Warangal,Telangana,506314,IN,True
6881,Kolkata,West Bengal,700005,IN,True
6882,Peruvilai,Tamil Nadu,629501,IN,True
6883,"Mira Road East, Mumbai 401107",Maharashtra,401107,IN,True
6884,Srinagar,Jammu and Kashmir,193401,IN,True
6885,Cherpu,Kerala,680561,IN,True
6886,"Kompally , Hyd",Telangana,500014,IN,True
6887,Tiruppur,Tamil Nadu,641605,IN,True
6888,Koregaon,Maharashtra,415501,IN,True
6889,Kochi,Kerala,682004,IN,True
6890,Mahroni,Uttar Pradesh,284405,IN,True
6891,Moran,Assam,785670,IN,True
6892,Bhander,Madhya Pradesh,475335,IN,True
6893,Jammu And Kadhmir,Jammu and Kashmir,181152,IN,True
6894,"Pimpri Chinchwad, Pune",Maharashtra,411017,IN,True
6895,Kochi,Kerala,682003,IN,True
6896,Vrindavan- 281121,Uttar Pradesh,281121,IN,True
6897,Kolkata- 700031,West Bengal,700031,IN,True
6898,Garoth,Madhya Pradesh,458880,IN,True
6899,Nandigram,West Bengal,721631,IN,True
6900,Puthenchira,Kerala,680682,IN,True
6901,Sanchore,Rajasthan,343041,IN,True
6902,Kadungalloor,Kerala,683511,IN,True
6903,Kishangarh (Ajmer),Rajasthan,305801,IN,True
6904,Ernakulam,Kerala,682016,IN,True
6905,Phillaur,Punjab,144410,IN,True
6906,"Complex ,Andheri West,Mumbai",Maharashtra,400053,IN,True
6907,Kulti,West Bengal,713343,IN,True
6908,Kankipadu,Andhra Pradesh,521151,IN,True
6909,Parli,Maharashtra,431515,IN,True
6910,Karanjia,Odisha,757037,IN,True
6911,Shillong,Meghalaya,793021,IN,True
6912,Bardez,Goa,403521,IN,True
6913,Ghaziabadlpi,Uttar Pradesh,201010,IN,True
6914,Thrissur,Kerala,680687,IN,True
6915,Debra,West Bengal,721160,IN,True
6916,Birpara Tea Garden,West Bengal,735204,IN,True
6917,Bawal,Haryana,123501,IN,True
6918,Kolkata,West Bengal,700076,IN,True
6919,Ettumanoor,Kerala,686572,IN,True
6920,Fatehganj Pashchimi,Uttar Pradesh,243501,IN,True
6921,Ichapur Maniktala,West Bengal,743144,IN,True
6922,Palakkad,Kerala,679313,IN,True
6923,Udupi,Karnataka,576113,IN,True
6924,Ballari,Karnataka,583131,IN,True
6925,Khammam,Telangana,507202,IN,True
6926,Jalagandapuram,Tamil Nadu,636501,IN,True
6927,Ajmer,Rajasthan,305006,IN,True
6928,Jajapur,Odisha,755050,IN,True
6929,Gorakhpur,Uttar Pradesh,273212,IN,True
6930,Narsampet,Telangana,506132,IN,True
6931,Hardoihardoi,Uttar Pradesh,241001,IN,True
6932,Bargarh District,Odisha,768104,IN,True
6933,Murbad,Maharashtra,421401,IN,True
6934,Budge Budge,West Bengal,700138,IN,True
6935,Manakunnam,Kerala,682307,IN,True
6936,Datia,Madhya Pradesh,475661,IN,True
6937,Guntur,Andhra Pradesh,522317,IN,True
6938,Imphal,Manipur,795008,IN,True
6939,Kosigi,Telangana,509339,IN,True
6940,Alipore Kolkata,West Bengal,700027,IN,True
6941,Itahar,West Bengal,733143,IN,True
6942,Kannur,Kerala,670304,IN,True
6943,Jalandha,Punjab,144411,IN,True
6944,Jorhat,Assam,785010,IN,True
6945,Chittaranjan,West Bengal,713331,IN,True
6946,"P.O.-Rahara , P.S.-Khardah.",West Bengal,700118,IN,True
6947,Ernakulam,Kerala,682316,IN,True
6948,Thottada (Po),Kerala,670007,IN,True
6949,Punnayur,Kerala,679564,IN,True
6950,Chittorgarh,Rajasthan,312001,IN,True
6951,Dirba,Punjab,148035,IN,True
6952,Arnod,Rajasthan,312615,IN,True
6953,"Kirnahar , Birbhum",West Bengal,731302,IN,True
6954,Raipur,Chhattisgarh,492009,IN,True
6955,Nibra,West Bengal,711409,IN,True
6956,Sasni,Uttar Pradesh,204216,IN,True
6957,Swaraj Dweep,Andaman and Nicobar Islands,744211,IN,True
6958,"Barang, Dadhapatna",Odisha,754005,IN,True
6959,Kolar Gold Field - Kgf,Karnataka,563122,IN,True
6960,Guwahati,Assam,781032,IN,True
6961,Pallikkunnu,Kerala,670008,IN,True
6962,Koppal,Karnataka,584124,IN,True
6963,Khandapara,Odisha,752077,IN,True
6964,Mysore,Karnataka,570028,IN,True
6965,Mandi Govindgarh,Punjab,147301,IN,True
6966,Khanna,Punjab,141401,IN,True
6967,Gangoh,Uttar Pradesh,247341,IN,True
6968,Pune 411030,Maharashtra,411030,IN,True
6969,Katol,Maharashtra,441302,IN,True
6970,Chandigarh,Chandigarh,160035,IN,True
6971,Anand,Gujarat,388315,IN,True
6972,Dumraon,Bihar,802119,IN,True
6973,Natham,Tamil Nadu,624401,IN,True
6974,Delhi,Delhi,110052,IN,True
6975,Pipariya Dist. Hoshangabad,Madhya Pradesh,461775,IN,True
6976,Quepem,Goa,403703,IN,True
6977,Dahanu,Maharashtra,401602,IN,True
6978,"Patas , District Daund, Puna",Maharashtra,412219,IN,True
6979,New Thakurli,Maharashtra,421201,IN,True
6980,Nagarbasti,Bihar,848101,IN,True
6981,Kunnamangalam,Kerala,673570,IN,True
6982,Margao,Goa,403720,IN,True
6983,Charama,Chhattisgarh,494337,IN,True
6984,Adambakkam,Tamil Nadu,600088,IN,True
6985,Hailakandi,Assam,788026,IN,True
6986,Durgapur,West Bengal,713321,IN,True
6987,Uttar Kusum,West Bengal,743375,IN,True
6988,Dombivli East,Maharashtra,421203,IN,True
6989,Farakka Barrage Township,West Bengal,742236,IN,True
6990,Irikkur,Kerala,670593,IN,True
6991,Akividu,Andhra Pradesh,534235,IN,True
6992,Kochi,Kerala,682012,IN,True
6993,Kanker,Chhattisgarh,494334,IN,True
6994,Virajpete,Karnataka,571253,IN,True
6995,Ramghar,Jharkhand,829124,IN,True
6996,Ernakulam,Kerala,682035,IN,True
6997,Malappuram,Kerala,676523,IN,True
6998,Pathanamthitta,Kerala,689585,IN,True
6999,Manali,Himachal Pradesh,175103,IN,True
7000,Buxar,Bihar,802133,IN,True
7001,"Neral East, Karjat Raigad",Maharashtra,410101,IN,True
7002,Alangulam Tirunelveli District,Tamil Nadu,627851,IN,True
7003,Dehradun,Uttarakhand,248141,IN,True
7004,Kuppepadav,Karnataka,574144,IN,True
7005,Kadapa,Andhra Pradesh,516107,IN,True
7006,Udupi,Karnataka,574122,IN,True
7007,Nashik,Maharashtra,423213,IN,True
7008,Pittalavanipalem,Andhra Pradesh,522329,IN,True
7009,Taliparamba,Kerala,670502,IN,True
7010,Vengurla,Maharashtra,416517,IN,True
7011,Kollam,Kerala,691559,IN,True
7012,Gangawati,Karnataka,583275,IN,True
7013,Panikoili,Odisha,755043,IN,True
7014,Talikkulam,Kerala,680569,IN,True
7015,"Jammu, Vijaypur",Jammu and Kashmir,184120,IN,True
7016,Asansol,West Bengal,713333,IN,True
7017,Karwar,Karnataka,581396,IN,True
7018,Fazilka,Punjab,152116,IN,True
7019,Virajpete,Karnataka,571216,IN,True
7020,Jabalpur,Madhya Pradesh,482009,IN,True
7021,Jalgaon,Maharashtra,424101,IN,True
7022,Danta,Gujarat,385120,IN,True
7023,"Vashi, Navi Mumbai",Maharashtra,400703,IN,True
7024,Khardaha,West Bengal,700116,IN,True
7025,Cheranmadevi,Tamil Nadu,627414,IN,True
7026,Berhampur,Odisha,760007,IN,True
7027,Gurdaspur,Punjab,145026,IN,True
7028,Lakhnadon,Madhya Pradesh,480886,IN,True
7029,Kanniyakumari,Tamil Nadu,629401,IN,True
7030,Manpur Abgilla Devi Asthan,Bihar,823003,IN,True
7031,Ramanathapuram,Tamil Nadu,623522,IN,True
7032,Udumbanchola,Kerala,685566,IN,True
7033,Guntur,Andhra Pradesh,522659,IN,True
7034,Delhi,Delhi,110017,IN,True
7035,Panchpara,West Bengal,711317,IN,True
7036,Paras,Maharashtra,444109,IN,True
7037,Taki,West Bengal,743429,IN,True
7038,Fort (Mumbai),Maharashtra,400001,IN,True
7039,"Palayamkottai, Tirunelveli",Tamil Nadu,627002,IN,True
7040,Pandav Nagar Janta Garden,Delhi,110091,IN,True
7041,Madanapalle,Andhra Pradesh,517325,IN,True
7042,Baba Bakala,Punjab,143201,IN,True
7043,Mira Road East Thane,Maharashtra,401107,IN,True
7044,Bangalore,Karnataka,560036,IN,True
7045,Thrissur,Kerala,680571,IN,True
7046,"Newasa-Phata, Tal-Newasa, Dist-Ahmednagar",Maharashtra,414603,IN,True
7047,Chennai 600004,Tamil Nadu,600004,IN,True
7048,Sandi,Uttar Pradesh,241403,IN,True
7049,Rajbalhat,West Bengal,712408,IN,True
7050,Raniganj,West Bengal,713347,IN,True
7051,Chitbara Gaon,Uttar Pradesh,221713,IN,True
7052,Bhor,Maharashtra,412206,IN,True
7053,Thiruvarur,Tamil Nadu,611101,IN,True
7054,"Bajajnagar, Aurangabad.",Maharashtra,431136,IN,True
7055,Nagarkurnool,Telangana,509209,IN,True
7056,Farakka Pts Township,West Bengal,732215,IN,True
7057,Ajmer,Rajasthan,305005,IN,True
7058,Jhunjhunu,Rajasthan,333031,IN,True
7059,Warangal,Telangana,506163,IN,True
7060,Irinjalakuda,Kerala,680121,IN,True
7061,Gopeshwar,Uttarakhand,246401,IN,True
7062,Hyderabad,Telangana,501401,IN,True
7063,Darbhanga,Bihar,847304,IN,True
7064,Kangra,Himachal Pradesh,176051,IN,True
7065,Njarackal P.O,Kerala,682505,IN,True
7066,"Elettil Vattoli,Kozhikode",Kerala,673572,IN,True
7067,Vasai West,Maharashtra,401201,IN,True
7068,Pune51,Maharashtra,411051,IN,True
7069,Visakhapatnam,Andhra Pradesh,530024,IN,True
7070,Vellore,Tamil Nadu,632003,IN,True
7071,Balodabazar,Chhattisgarh,493332,IN,True
7072,Karur,Tamil Nadu,639114,IN,True
7073,Shravasti,Uttar Pradesh,271803,IN,True
7074,Chapra,Bihar,841302,IN,True
7075,Debagarh,Odisha,768119,IN,True
7076,Nagapattinam,Tamil Nadu,611002,IN,True
7077,Vannappuram,Kerala,685607,IN,True
7078,Prayagraj,Uttar Pradesh,211006,IN,True
7079,Anakapalle,Andhra Pradesh,531002,IN,True
7080,Koil Palayam,Tamil Nadu,642110,IN,True
7081,Agartala,Tripura,799002,IN,True
7082,Mekkamandabam,Tamil Nadu,629166,IN,True
7083,Meerut,Uttar Pradesh,250005,IN,True
7084,Valsad,Gujarat,396002,IN,True
7085,Melmaruvathur,Tamil Nadu,603319,IN,True
7086,Alandi,Maharashtra,412105,IN,True
7087,Thiruvalla,Kerala,689581,IN,True
7088,Pune,Maharashtra,411022,IN,True
7089,Mumbai No. 400053,Maharashtra,400014,IN,True
7090,"Chalakkal,Aluva",Kerala,683105,IN,True
7091,Middha,Uttar Pradesh,277506,IN,True
7092,Davangere-577004,Karnataka,577004,IN,True
7093,Bharthana,Uttar Pradesh,206242,IN,True
7094,Kalamassery,Kerala,683563,IN,True
7095,Alappuzha,Kerala,689121,IN,True
7096,Biswanath Chariali,Assam,784177,IN,True
7097,Gandhinagar,Gujarat,382029,IN,True
7098,Changanacherry,Kerala,686103,IN,True
7099,"Kallur,Khammam Dist",Telangana,507209,IN,True
7100,Vijayawada,Andhra Pradesh,520003,IN,True
7101,Nellore,Andhra Pradesh,524228,IN,True
7102,"Anna Nagar West, Chennai",Tamil Nadu,600040,IN,True
7103,Alappuzha,Kerala,689572,IN,True
7104,Nallur Kanniyakumari District,Tamil Nadu,629165,IN,True
7105,Pothia,Bihar,855107,IN,True
7106,Malur Industrial Area,Karnataka,563160,IN,True
7107,Sheikhpura,Bihar,811104,IN,True
7108,"Miyapur, Hyderabad",Telangana,500049,IN,True
7109,South Goa,Goa,403401,IN,True
7110,Mandapeta,Andhra Pradesh,533308,IN,True
7111,Kolhapur,Maharashtra,416002,IN,True
7112,Manjeri,Kerala,676123,IN,True
7113,Kannur,Kerala,670310,IN,True
7114,Chengalpattu,Tamil Nadu,603127,IN,True
7115,Ayacode,Tamil Nadu,629177,IN,True
7116,Shimla,Himachal Pradesh,172030,IN,True
7117,Coimbatore,Tamil Nadu,641401,IN,True
7118,Baroda,Gujarat,390004,IN,True
7119,Razole,Andhra Pradesh,533244,IN,True
7120,Virar West,Maharashtra,401301,IN,True
7121,Kunnathunad,Kerala,682311,IN,True
7122,Kishanganj,Bihar,855107,IN,True
7123,Malkapur Buldana District,Maharashtra,443101,IN,True
7124,Panipat Refinery Township,Haryana,132140,IN,True
7125,Thondi,Tamil Nadu,623409,IN,True
7126,Diamond Harbour,West Bengal,743331,IN,True
7127,Mulki,Karnataka,574154,IN,True
7128,Delhi,Delhi,110045,IN,True
7129,Ambejogai,Maharashtra,431517,IN,True
7130,Ernakulam,Kerala,682040,IN,True
7131,Pondicherry,Puducherry,605014,IN,True
7132,Almora,Uttarakhand,263676,IN,True
7133,"Ulwe,Navi Mumbai",Maharashtra,410206,IN,True
7134,Jamnagar,Gujarat,361006,IN,True
7135,Bicholim,Goa,403529,IN,True
7136,Kottayam,Kerala,686652,IN,True
7137,Jalalpore,Gujarat,396450,IN,True
7138,Thazhuthala,Kerala,691020,IN,True
7139,Ausa,Maharashtra,413520,IN,True
7140,Bidhan Nagar,West Bengal,700097,IN,True
7141,Thiruvananthapuram,Kerala,695586,IN,True
7142,Mumbai,Maharashtra,401106,IN,True
7143,Sagwara,Rajasthan,314031,IN,True
7144,Kota,Rajasthan,324004,IN,True
7145,Kandamkunnu,Kerala,670701,IN,True
7146,Andul,West Bengal,711302,IN,True
7147,Batala,Punjab,143514,IN,True
7148,Tamia,Madhya Pradesh,480559,IN,True
7149,"Jatani, Bhubaneswar",Odisha,752050,IN,True
7150,Medak,Telangana,502108,IN,True
7151,Mirzapur,Uttar Pradesh,231001,IN,True
7152,Kollam,Kerala,691008,IN,True
7153,"Magarpatta City, Pune",Maharashtra,411028,IN,True
7154,"Chunkankadai, Nagercoil",Tamil Nadu,629003,IN,True
7155,Nagothane,Maharashtra,402125,IN,True
7156,Islampur,West Bengal,733202,IN,True
7157,Mysuru,Karnataka,570024,IN,True
7158,Kanchipuram,Tamil Nadu,600116,IN,True
7159,Ahmednagar,Maharashtra,414002,IN,True
7160,Ernakulam,Kerala,682314,IN,True
7161,Kalameshwar,Maharashtra,441501,IN,True
7162,Jakhaura Talbehat,Uttar Pradesh,284124,IN,True
7163,Thiruninravur,Tamil Nadu,602024,IN,True
7164,Dhenkanal,Odisha,759016,IN,True
7165,Madurai,Tamil Nadu,625006,IN,True
7166,Laukaha,Bihar,852110,IN,True
7167,Chinsurah Hooghly,West Bengal,712103,IN,True
7168,Sultanpur,Uttar Pradesh,222303,IN,True
7169,Jajpur,Odisha,755019,IN,True
7170,Varkala,Kerala,695144,IN,True
7171,Gudur,Andhra Pradesh,524412,IN,True
7172,Mansa,Punjab,151505,IN,True
7173,Bageshwar,Uttarakhand,263641,IN,True
7174,Firozabad,Uttar Pradesh,283207,IN,True
7175,Kangeyam,Tamil Nadu,638701,IN,True
7176,"Sudarsan Nagar, Madambakkam",Tamil Nadu,600126,IN,True
7177,Thane - Mumbai,Maharashtra,421202,IN,True
7178,Hoshiarpur-146111,Punjab,146111,IN,True
7179,Srikakulam,Andhra Pradesh,532402,IN,True
7180,Kalyan,Maharashtra,421605,IN,True
7181,Badarwas,Madhya Pradesh,473770,IN,True
7182,Nashik 422003,Maharashtra,422005,IN,True
7183,Kosamba,Gujarat,394120,IN,True
7184,"Kozhenchery, Pathanamthitta",Kerala,689642,IN,True
7185,Habibpur,West Bengal,741402,IN,True
7186,Bangalore18,Karnataka,560018,IN,True
7187,Kottayam,Kerala,686605,IN,True
7188,Bhiwandi,Maharashtra,421308,IN,True
7189,Chikodi,Karnataka,591201,IN,True
7190,Powayan,Uttar Pradesh,242401,IN,True
7191,Rajgarh Alwar District,Rajasthan,301408,IN,True
7192,Coimbatore,Tamil Nadu,641103,IN,True
7193,Ganjam,Odisha,761031,IN,True
7194,Channapatna,Karnataka,562160,IN,True
7195,South Goa,Goa,403725,IN,True
7196,Panipat,Haryana,132113,IN,True
7197,"Phondaghat, Kankavli",Maharashtra,416601,IN,True
7198,Sangli Miraj Kupwad,Maharashtra,416436,IN,True
7199,Yadgir,Karnataka,585215,IN,True
7200,Allahabad,Uttar Pradesh,221507,IN,True
7201,Porathissery,Kerala,680121,IN,True
7202,Delhi,Delhi,110068,IN,True
7203,Bareilly,Uttar Pradesh,243201,IN,True
7204,Jaipur,Rajasthan,303805,IN,True
7205,Karad,Maharashtra,415124,IN,True
7206,Ananthapur,Andhra Pradesh,515415,IN,True
7207,Sangareddy,Telangana,502269,IN,True
7208,Shirala,Maharashtra,415408,IN,True
7209,Auraiya,Uttar Pradesh,206129,IN,True
7210,Thrissur,Kerala,680587,IN,True
7211,"New Town , Kolkata",West Bengal,700135,IN,True
7212,Jaisalmer,Rajasthan,345024,IN,True
7213,Hoshangabad,Madhya Pradesh,461001,IN,True
7214,Nalbari,Assam,781334,IN,True
7215,Madakasira,Andhra Pradesh,515301,IN,True
7216,Raipur,Chhattisgarh,492003,IN,True
7217,Warisaliganj,Bihar,805130,IN,True
7218,Pazhuvil West,Kerala,680564,IN,True
7219,Vasai Virar,Maharashtra,401301,IN,True
7220,Kurattissery,Kerala,690105,IN,True
7221,"Thirugokarnam, Pudukkottai",Tamil Nadu,622002,IN,True
7222,Hyderabad,Andhra Pradesh,500086,IN,True
7223,Malappuram,Kerala,679328,IN,True
7224,"Kausa, Mumbra",Maharashtra,400612,IN,True
7225,Jhunjhunun,Rajasthan,333001,IN,True
7226,Jaipur,Rajasthan,302022,IN,True
7227,East Delhi,Delhi,110091,IN,True
7228,Pali,Rajasthan,306021,IN,True
7229,Porbandar,Gujarat,360578,IN,True
7230,Kolkata,West Bengal,700118,IN,True
7231,Nelluvai,Kerala,680584,IN,True
7232,Aluva,Kerala,683108,IN,True
7233,Krishnagiri,Tamil Nadu,635201,IN,True
7234,Dehri,Bihar,821307,IN,True
7235,Thalayolaparambu,Kerala,686605,IN,True
7236,Tiruchirappalli,Tamil Nadu,620003,IN,True
7237,Berhampore,West Bengal,742305,IN,True
7238,Cuttack,Odisha,753015,IN,True
7239,Madhyamgram,West Bengal,700130,IN,True
7240,"Makkada,Kozhikode",Kerala,673611,IN,True
7241,Guntur,Andhra Pradesh,522236,IN,True
7242,Nagercoil,Tamil Nadu,629603,IN,True
7243,Nashik,Maharashtra,422214,IN,True
7244,Siriyasar Kalan Ka Baas,Rajasthan,333041,IN,True
7245,North 24 Parganas,West Bengal,700119,IN,True
7246,Tiruchirappalli,Tamil Nadu,621208,IN,True
7247,Jaipur,Rajasthan,302024,IN,True
7248,Belghoria,West Bengal,700056,IN,True
7249,Bhayander East,Maharashtra,401105,IN,True
7250,Sonamukhi,West Bengal,722207,IN,True
7251,Bengaluru,Karnataka,562109,IN,True
7252,Rethare Bk. Tal Karad Dist Satara,Maharashtra,415108,IN,True
7253,Amalner,Maharashtra,425401,IN,True
7254,Pargi,Telangana,501501,IN,True
7255,"Chembur, Mumbai",Maharashtra,400071,IN,True
7256,Candolim,Goa,403515,IN,True
7257,Dharmasthala,Karnataka,574216,IN,True
7258,North Goa,Goa,403521,IN,True
7259,Sangareddy,Telangana,502295,IN,True
7260,Memari; Maheshpur Primary School,West Bengal,713146,IN,True
7261,Sulthan Bathery,Kerala,673592,IN,True
7262,Basirhat,West Bengal,743411,IN,True
7263,Purulia I,West Bengal,723103,IN,True
7264,Denduluru,Andhra Pradesh,534450,IN,True
7265,Goraya,Punjab,144418,IN,True
7266,Hyderabad,Andhra Pradesh,500013,IN,True
7267,Kumily,Kerala,685509,IN,True
7268,Nadia,West Bengal,741151,IN,True
7269,Benipatti,Bihar,847222,IN,True
7270,T,Maharashtra,421201,IN,True
7271,Ariyalur,Tamil Nadu,621704,IN,True
7272,Siliguri,West Bengal,734002,IN,True
7273,Nellore,Andhra Pradesh,524341,IN,True
7274,Kannur,Kerala,670703,IN,True
7275,Bengaluru,Karnataka,560108,IN,True
7276,Kodagu,Karnataka,571234,IN,True
7277,Muvattupuzha,Kerala,686689,IN,True
7278,Wanaparthy,Telangana,509381,IN,True
7279,Cachar,Assam,788011,IN,True
7280,Kozhenchery,Kerala,689611,IN,True
7281,"Rajarhat, Kathgola",West Bengal,700135,IN,True
7282,Mysore,Karnataka,570019,IN,True
7283,North Guwahati,Assam,781039,IN,True
7284,Guntur,Andhra Pradesh,522603,IN,True
7285,Shivpuri,Madhya Pradesh,473885,IN,True
7286,"Contai, East Medinipur",West Bengal,721401,IN,True
7287,Panihati,West Bengal,700110,IN,True
7288,Kollam,Kerala,691507,IN,True
7289,Sullurupeta,Andhra Pradesh,524121,IN,True
7290,North 24 Parganas,West Bengal,700059,IN,True
7291,Periyamanali,Tamil Nadu,637018,IN,True
7292,Anjuna,Goa,403509,IN,True
7293,New Delhi.53,Delhi,110053,IN,True
7294,Vishrambag Sangli,Maharashtra,416416,IN,True
7295,Amla,Madhya Pradesh,460551,IN,True
7296,Thennala,Kerala,676508,IN,True
7297,Haridwar,Uttarakhand,249401,IN,True
7298,Rajkot,Gujarat,360003,IN,True
7299,Goregaon West,Maharashtra,400062,IN,True
7300,Punawale Pimpri Chinchwad,Maharashtra,411033,IN,True
7301,Seohara,Uttar Pradesh,246746,IN,True
7302,Kanth Moradabad District,Uttar Pradesh,244501,IN,True
7303,Perinthalmanna,Kerala,679323,IN,True
7304,Chinsurah,West Bengal,712222,IN,True
7305,Bangalore,Karnataka,560095,IN,True
7306,Vasai,Maharashtra,401208,IN,True
7307,Baldwara,Himachal Pradesh,175033,IN,True
7308,Adoor,Kerala,691554,IN,True
7309,Malda,West Bengal,732102,IN,True
7310,Mysuru,Karnataka,570006,IN,True
7311,Nashik,Maharashtra,422004,IN,True
7312,Burhar,Madhya Pradesh,484110,IN,True
7313,Adinad,Kerala,690573,IN,True
7314,Arcot,Tamil Nadu,632521,IN,True
7315,Mumbai (E),Maharashtra,400008,IN,True
7316,"Urmar Tanda, Hoshiarpur",Punjab,144204,IN,True
7317,Kodungallur,Kerala,680669,IN,True
7318,Talegaon Dabhade,Maharashtra,410506,IN,True
7319,Mogaltur,Andhra Pradesh,534281,IN,True
7320,Nawabganj Unnao District,Uttar Pradesh,209859,IN,True
7321,Thrissur,Kerala,680664,IN,True
7322,Roorkee Road Meerut,Uttar Pradesh,250001,IN,True
7323,Honavar,Karnataka,581348,IN,True
7324,Harveypatti,Tamil Nadu,625006,IN,True
7325,"Phulpur,Allahabad",Uttar Pradesh,212404,IN,True
7326,Ernakulam,Kerala,682041,IN,True
7327,Miramar,Goa,403001,IN,True
7328,Puttur,Karnataka,574221,IN,True
7329,Zarugumilli,Andhra Pradesh,523271,IN,True
7330,Kollam,Kerala,691520,IN,True
7331,Sahibganj,Jharkhand,816101,IN,True
7332,Anchal,Kerala,691306,IN,True
7333,Robertsonpet,Karnataka,563122,IN,True
7334,Gandhinagar,Gujarat,382026,IN,True
7335,Raipur 492004,Chhattisgarh,492004,IN,True
7336,Thumbe,Karnataka,574143,IN,True
7337,Chennur,Andhra Pradesh,516162,IN,True
7338,Meppayyur,Kerala,673541,IN,True
7339,Bansberia,West Bengal,712148,IN,True
7340,"Madikeri,Kodagu.",Karnataka,571201,IN,True
7341,Bengaluru 560016,Karnataka,560016,IN,True
7342,Moodbidri,Karnataka,574197,IN,True
7343,Tiruppur,Tamil Nadu,641607,IN,True
7344,East Delhi,Delhi,110095,IN,True
7345,Kamshet,Maharashtra,412106,IN,True
7346,Kanchipuram,Tamil Nadu,603210,IN,True
7347,Taloda,Maharashtra,425413,IN,True
7348,Puttur,Karnataka,574220,IN,True
7349,Dhenkanal,Odisha,759021,IN,True
7350,Babra,Gujarat,365421,IN,True
7351,Shimoga,Karnataka,577201,IN,True
7352,Mellahalli,Karnataka,571422,IN,True
7353,"Bhubaneswar, 751003",Odisha,751021,IN,True
7354,Khanakul I,West Bengal,712412,IN,True
7355,Azamgarh,Uttar Pradesh,223223,IN,True
7356,Ongole,Andhra Pradesh,523225,IN,True
7357,Vadakara,Kerala,673106,IN,True
7358,Gurgaon,Haryana,122006,IN,True
7359,Vada,Maharashtra,421303,IN,True
7360,Medinipur,West Bengal,721147,IN,True
7361,Ranchi,Jharkhand,835103,IN,True
7362,Bodri,Chhattisgarh,495220,IN,True
7363,Pusaur,Chhattisgarh,496440,IN,True
7364,Gobra Nawapara,Chhattisgarh,493885,IN,True
7365,Chengannur,Kerala,689125,IN,True
7366,Balrampur,Uttar Pradesh,271201,IN,True
7367,Kodur,Andhra Pradesh,516101,IN,True
7368,Mangaldoi,Assam,784529,IN,True
7369,Mathabhanga,West Bengal,736146,IN,True
7370,Kannur,Kerala,670674,IN,True
7371,Dibrugarh,Assam,786010,IN,True
7372,Vaduj,Maharashtra,415506,IN,True
7373,Kundrathur,Tamil Nadu,600069,IN,True
7374,"Loni, Ghaziabad",Uttar Pradesh,201102,IN,True
7375,Payyoli,Kerala,673522,IN,True
7376,Kagal,Maharashtra,416216,IN,True
7377,Nayagarh,Odisha,752085,IN,True
7378,Vishakapatnam,Andhra Pradesh,531021,IN,True
7379,Muktainagar,Maharashtra,425306,IN,True
7380,Kolkata,West Bengal,700132,IN,True
7381,Kalliasseri,Kerala,670561,IN,True
7382,Warora,Maharashtra,442907,IN,True
7383,Distt.Shimla,Himachal Pradesh,171222,IN,True
7384,Pedapalli,Telangana,505215,IN,True
7385,Chengannur,Kerala,689521,IN,True
7386,Santa Cruz,Goa,403005,IN,True
7387,Gautam Buddha Nagar,Uttar Pradesh,201301,IN,True
7388,Munger,Bihar,813214,IN,True
7389,Sardhana,Uttar Pradesh,250342,IN,True
7390,Hooghly,West Bengal,712202,IN,True
7391,Mundiyeruma,Kerala,685552,IN,True
7392,Guna,Madhya Pradesh,473111,IN,True
7393,Dhenkanal,Odisha,759001,IN,True
7394,Sira,Karnataka,572137,IN,True
7395,Madathukulam,Tamil Nadu,642111,IN,True
7396,Guruvayur,Kerala,680101,IN,True
7397,Coonoor,Tamil Nadu,643101,IN,True
7398,Patran,Punjab,147105,IN,True
7399,Vengurla,Maharashtra,416522,IN,True
7400,Kottayam District,Kerala,686576,IN,True
7401,Palakkad,Kerala,678012,IN,True
7402,Palakkad,Kerala,678721,IN,True
7403,Kulathummal,Kerala,695572,IN,True
7404,Allahabad Prayagraj,Uttar Pradesh,211019,IN,True
7405,Hubballi,Karnataka,580025,IN,True
7406,Chunar,Uttar Pradesh,231304,IN,True
7407,Nacharam,Telangana,500076,IN,True
7408,Palakurthy,Telangana,505187,IN,True
7409,Lepetkata,Assam,786007,IN,True
7410,"Dombivli (East), Thane",Maharashtra,421201,IN,True
7411,Karimganj,Assam,788725,IN,True
7412,Pulamanthole,Kerala,679323,IN,True
7413,Gangakhed,Maharashtra,431514,IN,True
7414,Rura,Uttar Pradesh,209303,IN,True
7415,Nichlaul,Uttar Pradesh,273311,IN,True
7416,"Narasaraopet,Guntur Destrict",Andhra Pradesh,522601,IN,True
7417,Cuttack,Odisha,753011,IN,True
7418,Arakonam,Tamil Nadu,631004,IN,True
7419,Kokrajhar,Assam,783346,IN,True
7420,Sultanpur,Uttar Pradesh,227801,IN,True
7421,Kasaragod,Kerala,671121,IN,True
7422,New Delhii,Delhi,110025,IN,True
7423,Aheri,Maharashtra,442705,IN,True
7424,Humnabad,Karnataka,585330,IN,True
7425,Bhatgaon,Chhattisgarh,493222,IN,True
7426,Mandsaurmandsour,Madhya Pradesh,458001,IN,True
7427,"Amethi,Sultanpur",Uttar Pradesh,228159,IN,True
7428,Varkala,Kerala,695311,IN,True
7429,Jharsuguda,Odisha,768027,IN,True
7430,Baleshwar,Odisha,756051,IN,True
7431,Boothapandi,Tamil Nadu,629852,IN,True
7432,Thikkanamcode,Tamil Nadu,629804,IN,True
7433,Kanchipuram,Tamil Nadu,600056,IN,True
7434,Vasai (E),Maharashtra,401208,IN,True
7435,Siddipet,Telangana,502103,IN,True
7436,Anupgarh,Rajasthan,335701,IN,True
7437,Bokaro Steel City,Jharkhand,827003,IN,True
7438,Kalavoor,Kerala,688522,IN,True
7439,"Kathghariya, Haldwani",Uttarakhand,263139,IN,True
7440,Vazhapadi,Tamil Nadu,636115,IN,True
7441,Turkapally,Telangana,501401,IN,True
7442,Madurai,Tamil Nadu,625019,IN,True
7443,"Pimpri-Chinchwad,",Maharashtra,412114,IN,True
7444,Kagaznagar,Telangana,504296,IN,True
7445,"Mathura, Vrindavan",Uttar Pradesh,281121,IN,True
7446,Kumta,Karnataka,581326,IN,True
7447,Nimbhore Budruk,Maharashtra,425307,IN,True
7448,Chamba,Uttarakhand,249145,IN,True
7449,Dhenkanal,Odisha,759025,IN,True
7450,Una,Himachal Pradesh,177210,IN,True
7451,Theni,Tamil Nadu,625531,IN,True
7452,Jalandhar,Punjab,144026,IN,True
7453,Chabua,Assam,786184,IN,True
7454,Kalinga Nagar Industrial Area,Odisha,755026,IN,True
7455,Vaniyamkulam Ii,Kerala,679522,IN,True
7456,Chennai,Tamil Nadu,601203,IN,True
7457,Bidhan Nagar,West Bengal,700106,IN,True
7458,Ramachandrapuram,Andhra Pradesh,533255,IN,True
7459,"Behala, Kolkata",West Bengal,700034,IN,True
7460,Ernakulam,Kerala,683106,IN,True
7461,Kottuvally,Kerala,683517,IN,True
7462,Gunturguntur,Andhra Pradesh,522034,IN,True
7463,Bally,West Bengal,711227,IN,True
7464,Adyal,Maharashtra,441903,IN,True
7465,Miyapur,Telangana,500049,IN,True
7466,Kalpetta Wayanad,Kerala,673122,IN,True
7467,Tirupati,Andhra Pradesh,517101,IN,True
7468,Pratapgarh,Rajasthan,312605,IN,True
7469,Uran,Maharashtra,400704,IN,True
7470,Riico Industrial Area Rupangarh,Rajasthan,305814,IN,True
7471,Siralkoppa,Karnataka,577428,IN,True
7472,Tura,Meghalaya,794002,IN,True
7473,Kottayam,Kerala,686013,IN,True
7474,Kanchipuram,Tamil Nadu,600064,IN,True
7475,Kottayampoyil/Thalassery,Kerala,670691,IN,True
7476,Koratty,Kerala,680308,IN,True
7477,Kollam,Kerala,690522,IN,True
7478,Chamarajanagara,Karnataka,571313,IN,True
7479,Kurnool,Andhra Pradesh,518405,IN,True
7480,Jaipurj,Rajasthan,302012,IN,True
7481,Vasai West,Maharashtra,401202,IN,True
7482,Khargone,Madhya Pradesh,451332,IN,True
7483,Anandpur Sahib,Punjab,140118,IN,True
7484,Thanjavur,Tamil Nadu,613002,IN,True
7485,Mahasamund,Chhattisgarh,493445,IN,True
7486,Daund Pune,Maharashtra,413801,IN,True
7487,Dinabandhunagar,Tripura,799046,IN,True
7488,Kheda,Gujarat,388265,IN,True
7489,Bacheli,Chhattisgarh,494553,IN,True
7490,Lingsugur,Karnataka,584122,IN,True
7491,Shirpur,Maharashtra,425405,IN,True
7492,Karunagapally,Kerala,690525,IN,True
7493,Egra,West Bengal,721448,IN,True
7494,Faizabad,Uttar Pradesh,224202,IN,True
7495,Bengaluru North,Karnataka,560064,IN,True
7496,Tirunelveli,Tamil Nadu,627105,IN,True
7497,Kottayam,Kerala,686004,IN,True
7498,Mhveer Society Javal Chokak,Maharashtra,416118,IN,True
7499,Neyyoor,Tamil Nadu,629802,IN,True
7500,Dungarpur,Rajasthan,314027,IN,True
7501,Hyderabad,Telangana,500063,IN,True
7502,Burdwan,West Bengal,713408,IN,True
7503,Othukkungal,Kerala,676528,IN,True
7504,Kolhapur,Maharashtra,416118,IN,True
7505,Lohgaon Pune,Maharashtra,400047,IN,True
7506,Anupuram,Tamil Nadu,603127,IN,True
7507,Darbhanga,Bihar,846006,IN,True
7508,Rajnandgaon,Chhattisgarh,491229,IN,True
7509,Bamor,Madhya Pradesh,476444,IN,True
7510,Jspl Town Anugul Township,Odisha,759143,IN,True
7511,Navsari,Gujarat,396590,IN,True
7512,Bhowali,Uttarakhand,263132,IN,True
7513,Rangareddy,Telangana,509207,IN,True
7514,Jodhpur,Rajasthan,342027,IN,True
7515,Srivilliputtur,Tamil Nadu,626125,IN,True
7516,Cuttack,Odisha,753013,IN,True
7517,Tikari Gaya,Bihar,824236,IN,True
7518,Muzaffarnagar,Uttar Pradesh,251003,IN,True
7519,Shivamogga,Karnataka,577202,IN,True
7520,Merces,Goa,403005,IN,True
7521,Palakkad,Kerala,678684,IN,True
7522,Kannur,Kerala,670706,IN,True
7523,Ernakulam,Kerala,682026,IN,True
7524,Mandsour,Madhya Pradesh,458669,IN,True
7525,Ariyallur,Kerala,676319,IN,True
7526,Dehradun,Uttarakhand,248014,IN,True
7527,Kanpur,Uttar Pradesh,208020,IN,True
7528,Mandrem,Goa,403527,IN,True
7529,Thripunithura,Kerala,682306,IN,True
7530,Thane West,Maharashtra,400610,IN,True
7531,Pulwama,Jammu and Kashmir,192301,IN,True
7532,Solapur,Maharashtra,413228,IN,True
7533,Pune-411028,Maharashtra,411028,IN,True
7534,Kudra,Bihar,821108,IN,True
7535,Choondal,Kerala,680502,IN,True
7536,Mallankinaru,Tamil Nadu,626109,IN,True
7537,Patan,Maharashtra,415206,IN,True
7538,Pune,Maharashtra,412408,IN,True
7539,Jamugurihat,Assam,784180,IN,True
7540,Ghodegaon,Maharashtra,414607,IN,True
7541,Kherli,Rajasthan,321606,IN,True
7542,Changsari,Assam,781101,IN,True
7543,Amethi Sultanpur District,Uttar Pradesh,227405,IN,True
7544,"Azhikode ,Kannur",Kerala,670009,IN,True
7545,Mahad Midc,Maharashtra,402309,IN,True
7546,Bangalore Rural,Karnataka,561205,IN,True
7547,Delhi,Delhi,110030,IN,True
7548,Pala,Kerala,686576,IN,True
7549,Kathua,Jammu and Kashmir,184102,IN,True
7550,Newasa,Maharashtra,414603,IN,True
7551,Kokrajhar,Assam,783375,IN,True
7552,Kuzhupilly,Kerala,682502,IN,True
7553,Raniganj,West Bengal,713358,IN,True
7554,Hubli,Karnataka,580023,IN,True
7555,Pauri,Uttarakhand,246174,IN,True
7556,Valvaithankoshtam,Tamil Nadu,629169,IN,True
7557,Gurgaon,Haryana,122102,IN,True
7558,Baliapur,Jharkhand,828201,IN,True
7559,Hata,Uttar Pradesh,274203,IN,True
7560,Colvale,Goa,403502,IN,True
7561,Thane ( Mira Bhayander),Maharashtra,401107,IN,True
7562,Kheri,Uttar Pradesh,262724,IN,True
7563,Bahadurpur,Bihar,847429,IN,True
7564,Sakti,Chhattisgarh,495689,IN,True
7565,"Mumbai, Mulund (W)",Maharashtra,400080,IN,True
7566,Howrah,West Bengal,711302,IN,True
7567,Howrah,West Bengal,711202,IN,True
7568,Karimnagar,Telangana,505215,IN,True
7569,Mahuva,Gujarat,364290,IN,True
7570,Dariba,Rajasthan,313211,IN,True
7571,Bayad,Gujarat,383325,IN,True
7572,Palakkad,Kerala,678731,IN,True
7573,Jamnagar,Gujarat,361305,IN,True
7574,Indore,Madhya Pradesh,452005,IN,True
7575,Bid,Maharashtra,414202,IN,True
7576,Hasanpur,Uttar Pradesh,244241,IN,True
7577,Udupi,Karnataka,576210,IN,True
7578,Kollam,Kerala,691306,IN,True
7579,Thane (W),Maharashtra,400606,IN,True
7580,Kozhikode,Kerala,673012,IN,True
7581,Nalbari,Assam,781349,IN,True
7582,Robertsonpet,Karnataka,563121,IN,True
7583,Industrial Park Naidupet,Andhra Pradesh,524126,IN,True
7584,Kalaburgi,Karnataka,585105,IN,True
7585,Bhiwapur,Maharashtra,441201,IN,True
7586,Repalle,Andhra Pradesh,522265,IN,True
7587,Jattari,Uttar Pradesh,202137,IN,True
7588,Chittoor,Andhra Pradesh,517507,IN,True
7589,Kiratpur,Uttar Pradesh,246731,IN,True
7590,Pathardih,Jharkhand,828126,IN,True
7591,Dombivali,Maharashtra,421204,IN,True
7592,Kottayam,Kerala,686503,IN,True
7593,"Kaniyapuram, Thiruvananthapuram District",Kerala,695301,IN,True
7594,"Nannambra,( Po)",Kerala,676320,IN,True
7595,Ichoda,Telangana,504307,IN,True
7596,Rajgarh,Himachal Pradesh,173101,IN,True
7597,Gadag Betigeri,Karnataka,582102,IN,True
7598,Hanumakonda,Telangana,506001,IN,True
7599,Kurmannapalem,Andhra Pradesh,530046,IN,True
7600,Kozhikode,Kerala,673655,IN,True
7601,Palakkad,Kerala,678611,IN,True
7602,Chengamanad,Kerala,683572,IN,True
7603,Kanjoor,Kerala,683575,IN,True
7604,Barkakana,Jharkhand,829102,IN,True
7605,"Tarnaka, Hyderabad",Telangana,500017,IN,True
7606,Durg,Chhattisgarh,490022,IN,True
7607,Oddanchatram,Tamil Nadu,624619,IN,True
7608,"Gokarna,Kandi, Murshidabad",West Bengal,742136,IN,True
7609,Tirupati,Andhra Pradesh,517102,IN,True
7610,Kovvur,Andhra Pradesh,534350,IN,True
7611,Mangalore,Karnataka,575006,IN,True
7612,Anand,Gujarat,388345,IN,True
7613,Kalpi,Uttar Pradesh,285204,IN,True
7614,Kotagiri,Tamil Nadu,643217,IN,True
7615,Thane Dist,Maharashtra,401105,IN,True
7616,Chirayinkeezhu,Kerala,695612,IN,True
7617,Nalbari,Assam,781335,IN,True
7618,Cuddalore,Tamil Nadu,607401,IN,True
7619,Kannur,Kerala,670331,IN,True
7620,Kalpetta,Kerala,673575,IN,True
7621,Ernakulam,Kerala,683101,IN,True
7622,Karimnagar,Telangana,505185,IN,True
7623,Sewarhi,Uttar Pradesh,274406,IN,True
7624,Dehradun,Uttarakhand,248121,IN,True
7625,Gurgaon,Haryana,122016,IN,True
7626,Nellikuppam,Tamil Nadu,607105,IN,True
7627,Akole Ahmadnagar District,Maharashtra,422604,IN,True
7628,Ernakulam,Kerala,683589,IN,True
7629,Belgharia Nimta,West Bengal,700049,IN,True
7630,Sojat,Rajasthan,306306,IN,True
7631,Karur,Tamil Nadu,639001,IN,True
7632,Nimta,West Bengal,700049,IN,True
7633,Vakkom,Kerala,695318,IN,True
7634,Sohagpur,Madhya Pradesh,461771,IN,True
7635,Edathiruthy,Kerala,680703,IN,True
7636,Kendujhar,Odisha,758022,IN,True
7637,Thanjavur,Tamil Nadu,613006,IN,True
7638,Satyavedu Mandal,Andhra Pradesh,517588,IN,True
7639,"Bodinayakanur, Theni Dt",Tamil Nadu,625513,IN,True
7640,Mangalore,Karnataka,575019,IN,True
7641,"Mulund, East Mumbai",Maharashtra,400081,IN,True
7642,"Eranholi, Thalassery",Kerala,670107,IN,True
7643,Dhupguri,West Bengal,735210,IN,True
7644,Thalassery,Kerala,670102,IN,True
7645,Hirakud,Odisha,768016,IN,True
7646,Narla,Odisha,766110,IN,True
7647,Kalladikkode,Kerala,678596,IN,True
7648,Nalasopara East,Maharashtra,401209,IN,True
7649,Memari,West Bengal,713146,IN,True
7650,Raha,Assam,782425,IN,True
7651,Gulbarga,Karnataka,585104,IN,True
7652,Nanded Waghala,Maharashtra,431604,IN,True
7653,Neyveli,Tamil Nadu,607308,IN,True
7654,Malda,West Bengal,732142,IN,True
7655,Beypore,Kerala,673015,IN,True
7656,South Goa,Goa,403716,IN,True
7657,Bilaspur,Chhattisgarh,495224,IN,True
7658,South 24 Parganas,West Bengal,743398,IN,True
7659,Chandigarh,Chandigarh,160003,IN,True
7660,Shirawad Industrial Area,Karnataka,581339,IN,True
7661,Amritsar,Punjab,143006,IN,True
7662,Howrah,West Bengal,711103,IN,True
7663,Amtala,West Bengal,742121,IN,True
7664,Thane - West,Maharashtra,400601,IN,True
7665,Secundrabad,Telangana,500010,IN,True
7666,"Kharar, Mohali",Punjab,140301,IN,True
7667,Varanasi,Uttar Pradesh,221103,IN,True
7668,Parchur,Andhra Pradesh,523171,IN,True
7669,Delhi,Delhi,110041,IN,True
7670,Marteru,Andhra Pradesh,534122,IN,True
7671,Bandarulanka,Andhra Pradesh,533214,IN,True
7672,Rangia Part,Assam,781382,IN,True
7673,"Tadepalli, Vijayawada",Andhra Pradesh,522501,IN,True
7674,Palakkad,Kerala,678595,IN,True
7675,Ernakulam,Kerala,682027,IN,True
7676,Muzaffarpur,Bihar,843108,IN,True
7677,Guwahati,Assam,781025,IN,True
7678,Dodamarg,Maharashtra,416512,IN,True
7679,Dakshina Kannada,Karnataka,574243,IN,True
7680,Elayavoor,Kerala,670597,IN,True
7681,Kannur,Kerala,670007,IN,True
7682,Shiroli Midc,Maharashtra,416122,IN,True
7683,Saran,Bihar,841301,IN,True
7684,Chittoor,Andhra Pradesh,517194,IN,True
7685,"Borivali East, Mumbai",Maharashtra,400066,IN,True
7686,Rourkela,Odisha,769010,IN,True
7687,Chekonidhara,Assam,785101,IN,True
7688,Rowriah,Assam,785008,IN,True
7689,Saran,Bihar,841401,IN,True
7690,Perumanna,Kerala,676501,IN,True
7691,Naihati,West Bengal,743135,IN,True
7692,Todaraisingh,Rajasthan,304505,IN,True
7693,"Bantwal Taluk, Dakshina Kannada",Karnataka,574243,IN,True
7694,Chinnaveerampatti,Tamil Nadu,642126,IN,True
7695,Mumbai 400071,Maharashtra,400071,IN,True
7696,Ratangarh,Rajasthan,331022,IN,True
7697,Susner,Madhya Pradesh,465447,IN,True
7698,Uttar Latabari,West Bengal,735214,IN,True
7699,Krishnagiri,Tamil Nadu,635114,IN,True
7700,Chomu,Rajasthan,303702,IN,True
7701,Kottarakkara,Kerala,691540,IN,True
7702,Manantheri,Kerala,670643,IN,True
7703,Haddo,Andaman and Nicobar Islands,744102,IN,True
7704,Kochi,Kerala,682016,IN,True
7705,Burdwan,West Bengal,713515,IN,True
7706,Kolkata,West Bengal,700123,IN,True
7707,Boisar,Maharashtra,401502,IN,True
7708,Kanchipuram District,Tamil Nadu,602109,IN,True
7709,Unnamalaikadai,Tamil Nadu,629155,IN,True
7710,Panvel,Maharashtra,410222,IN,True
7711,Butibori Midc,Maharashtra,441122,IN,True
7712,Guwahati,Assam,781018,IN,True
7713,Kota,Rajasthan,324006,IN,True
7714,"Nagaon , North Haibourgaon",Assam,782001,IN,True
7715,Vijapura,Karnataka,586104,IN,True
7716,Savarkundla,Gujarat,364515,IN,True
7717,Penamaluru,Andhra Pradesh,521137,IN,True
7718,Barauni Ioc Township,Bihar,851117,IN,True
7719,"Wadakancheri,Thrissur",Kerala,680585,IN,True
7720,South West Delhi,Delhi,110067,IN,True
7721,Burla,Odisha,768020,IN,True
7722,Balapallam,Tamil Nadu,629159,IN,True
7723,Sonada,West Bengal,734209,IN,True
7724,Pettai,Tamil Nadu,627004,IN,True
7725,Ballikurava,Andhra Pradesh,523303,IN,True
7726,Mathigiri,Tamil Nadu,635110,IN,True
7727,Edathiruthy,Kerala,680568,IN,True
7728,Ghatal,West Bengal,721211,IN,True
7729,Greater Noida (West),Uttar Pradesh,201306,IN,True
7730,Pulivendhula,Andhra Pradesh,516390,IN,True
7731,Jorhat,Assam,785006,IN,True
7732,Basirhat,West Bengal,743412,IN,True
7733,Dhuliyan,West Bengal,742202,IN,True
7734,South West Delhi,Delhi,110030,IN,True
7735,Seelanaickenpatti,Tamil Nadu,636201,IN,True
7736,Rajakkad,Kerala,685566,IN,True
7737,Ludhianaludhiana,Punjab,141015,IN,True
7738,Eramala,Kerala,673501,IN,True
7739,Naugachhia,Bihar,853202,IN,True
7740,Malda,West Bengal,732205,IN,True
7741,Krishnagiri,Tamil Nadu,635307,IN,True
7742,"Budamangalam , Thiruvarur District",Tamil Nadu,610114,IN,True
7743,Sirsi,Karnataka,581336,IN,True
7744,Chennai,Tamil Nadu,603108,IN,True
7745,Chevuturu,Andhra Pradesh,521229,IN,True
7746,"Powai, Mumbai",Maharashtra,400076,IN,True
7747,Kottuvally,Kerala,683519,IN,True
7748,Olaulim Pomburpa,Goa,403523,IN,True
7749,Balapallam,Tamil Nadu,629157,IN,True
7750,Bengaluru,Karnataka,562129,IN,True
7751,Velur,Kerala,680601,IN,True
7752,Kanchipuram,Tamil Nadu,600074,IN,True
7753,Puthunagaram,Kerala,678506,IN,True
7754,Thergaon,Maharashtra,411033,IN,True
7755,Vadakkumkara,Kerala,680662,IN,True
7756,Bhagalpur,Bihar,812006,IN,True
7757,Kushinagar,Uttar Pradesh,274149,IN,True
7758,Perambalur,Tamil Nadu,621118,IN,True
7759,Kanpur,Uttar Pradesh,208024,IN,True
7760,Kolhapur,Maharashtra,416004,IN,True
7761,Srikakulam,Andhra Pradesh,532406,IN,True
7762,"N L Road, Dimapur",Nagaland,797112,IN,True
7763,Kataiya Gopalganj,Bihar,841437,IN,True
7764,Vijapura,Karnataka,586102,IN,True
7765,Patna,Bihar,800012,IN,True
7766,Duldula,Chhattisgarh,496334,IN,True
7767,Dharwad,Karnataka,581207,IN,True
7768,"Old Panvel, Navi Mumbai",Maharashtra,410206,IN,True
7769,Pithapuram,Andhra Pradesh,533450,IN,True
7770,Cheruthazham,Kerala,670307,IN,True
7771,Chuari Khas,Himachal Pradesh,176302,IN,True
7772,City,Odisha,754010,IN,True
7773,Hosdurga,Karnataka,577527,IN,True
7774,Port Blair,Andaman and Nicobar Islands,744211,IN,True
7775,Bathinda,Punjab,151005,IN,True
7776,"Vypin ,Edavanakad",Kerala,682502,IN,True
7777,New Delhi,Delhi,110073,IN,True
7778,Iglas,Uttar Pradesh,202124,IN,True
7779,Chandiagarh,Chandigarh,160047,IN,True
7780,Uttarkashi,Uttarakhand,249171,IN,True
7781,Vythiri,Kerala,673592,IN,True
7782,"Kolkata, Baguiati",West Bengal,700059,IN,True
7783,Lower Tadong,Sikkim,737102,IN,True
7784,Ahmednagar,Maharashtra,422601,IN,True
7785,Begusarai,Bihar,851117,IN,True
7786,Tiruvallur,Tamil Nadu,600077,IN,True
7787,Lakhimpur Kheri,Uttar Pradesh,262701,IN,True
7788,Angamaly,Kerala,683576,IN,True
7789,Simga,Chhattisgarh,493101,IN,True
7790,Faridabad My First Floor,Haryana,121006,IN,True
7791,"Faizabad, Ayodhya",Uttar Pradesh,224001,IN,True
7792,Udhampur,Jammu and Kashmir,182128,IN,True
7793,Afzalgarh,Uttar Pradesh,246722,IN,True
7794,Krishnanagar,West Bengal,741167,IN,True
7795,Gandhinagar,Gujarat,382009,IN,True
7796,Hyderabad,Andhra Pradesh,500035,IN,True
7797,Chandrugonda,Telangana,507166,IN,True
7798,Thrissur,Kerala,680721,IN,True
7799,Thiruvananthapuram,Kerala,695571,IN,True
7800,Velankanni,Tamil Nadu,611111,IN,True
7801,Baraut,Uttar Pradesh,250621,IN,True
7802,Hooghly,West Bengal,712123,IN,True
7803,Majitha(Amritsar),Punjab,143601,IN,True
7804,Sobhaganj,West Bengal,736121,IN,True
7805,Thrissur,Kerala,680009,IN,True
7806,Ukai,Gujarat,394660,IN,True
7807,Rengali Dam Project Township,Odisha,759105,IN,True
7808,Mandamarri,Telangana,504301,IN,True
7809,Jogulamba Gadwal District,Telangana,509129,IN,True
7810,Ernakulam,Kerala,683542,IN,True
7811,Dabra,Madhya Pradesh,475110,IN,True
7812,Gonda,Uttar Pradesh,271504,IN,True
7813,Tirur Malappuram,Kerala,676101,IN,True
7814,Dakshina Kannada,Karnataka,575025,IN,True
7815,South Goa,Goa,403708,IN,True
7816,Erode,Tamil Nadu,638107,IN,True
7817,Thanjavur,Tamil Nadu,613004,IN,True
7818,Huzurabad,Telangana,505498,IN,True
7819,Ponkunnam,Kerala,686504,IN,True
7820,Gingee,Tamil Nadu,604202,IN,True
7821,Atul,Gujarat,396020,IN,True
7822,New-Delhi,Delhi,110015,IN,True
7823,Thazhecode,Kerala,673572,IN,True
7824,Kolkata,West Bengal,700007,IN,True
7825,Dakshin Rajyadharpur,West Bengal,712223,IN,True
7826,Kanathur,Tamil Nadu,603112,IN,True
7827,Dhule,Maharashtra,424006,IN,True
7828,Tiruchendur,Tamil Nadu,628215,IN,True
7829,Guwahati,Assam,781033,IN,True
7830,Razole,Andhra Pradesh,533248,IN,True
7831,Honnavar,Karnataka,581327,IN,True
7832,Vandavasi,Tamil Nadu,604408,IN,True
7833,Una,Himachal Pradesh,174306,IN,True
7834,Zira,Punjab,142044,IN,True
7835,Great Nicobar,Andaman and Nicobar Islands,744302,IN,True
7836,Delhi,Delhi,110086,IN,True
7837,Vadakara Kozhikode District,Kerala,673308,IN,True
7838,Raghogarh,Madhya Pradesh,473111,IN,True
7839,Perumachery,Kerala,670601,IN,True
7840,Sangrur  After 4:00 Pm,Punjab,148001,IN,True
7841,Mendhar,Jammu and Kashmir,185211,IN,True
7842,Howrah,West Bengal,711404,IN,True
7843,Champawat,Uttarakhand,262523,IN,True
7844,Akola,Maharashtra,444004,IN,True
7845,Dhekiajuli,Assam,784110,IN,True
7846,Farrukhnagar,Haryana,122506,IN,True
7847,Ahmadnagar,Maharashtra,414006,IN,True
7848,Khirai,West Bengal,721152,IN,True
7849,Yeola,Maharashtra,423401,IN,True
7850,Trissure,Kerala,680711,IN,True
7851,Thrissur,Kerala,680594,IN,True
7852,Nandigama,Andhra Pradesh,521185,IN,True
7853,Trivandrum,Kerala,695038,IN,True
7854,Bhadarva,Gujarat,391780,IN,True
7855,Jabalpur,Madhya Pradesh,483053,IN,True
7856,Noida,Uttar Pradesh,201308,IN,True
7857,Siliguri,West Bengal,734007,IN,True
7858,Kolkata,West Bengal,700120,IN,True
7859,"Vadavali, Naigaon, Vasai",Maharashtra,401207,IN,True
7860,Rahara,West Bengal,700118,IN,True
7861,Pujali,West Bengal,743318,IN,True
7862,Kottayam District,Kerala,686634,IN,True
7863,Dagshai,Himachal Pradesh,173229,IN,True
7864,Balasore,Odisha,756001,IN,True
7865,Mumbai 400063,Maharashtra,400063,IN,True
7866,"Argul, Khordha",Odisha,752050,IN,True
7867,Kannur,Kerala,670018,IN,True
7868,Palladam,Tamil Nadu,641664,IN,True
7869,Secunderabad,Telangana,500087,IN,True
7870,Mumbai,Maharashtra,401202,IN,True
7871,Ludhiana Punjab India,Punjab,141112,IN,True
7872,Paramakudi,Tamil Nadu,623707,IN,True
7873,"Greater Noida West ,Gautam Budh Nagar",Uttar Pradesh,201305,IN,True
7874,Palakkad,Kerala,678543,IN,True
7875,Upper Tadong Bazaar,Sikkim,737102,IN,True
7876,Ernakulam,Kerala,682313,IN,True
7877,"Kaladhungi Road,P.O- Katgharia ,Haldwani",Uttarakhand,263139,IN,True
7878,Chegunta,Telangana,502255,IN,True
7879,Kangra,Himachal Pradesh,176102,IN,True
7880,"Guruvayur, Thrissur",Kerala,680101,IN,True
7881,Paratwada,Maharashtra,444805,IN,True
7882,Lamlai,Manipur,795010,IN,True
7883,Malappuram,Kerala,676505,IN,True
7884,Bagalkot,Karnataka,587102,IN,True
7885,Dist:Bagalkot    Tq:Hunagund     City:Kudalsangam,Karnataka,587115,IN,True
7886,Kannur,Kerala,670005,IN,True
7887,Talegaon Dabhade,Maharashtra,410507,IN,True
7888,Chelannur,Kerala,673616,IN,True
7889,Aut,Himachal Pradesh,175121,IN,True
7890,Ramgarh,Jammu and Kashmir,181141,IN,True
7891,Kadamakkudy,Kerala,682027,IN,True
7892,Ocl Industrial Township,Odisha,770017,IN,True
7893,Thrissur,Kerala,680020,IN,True
7894,Shajahanpur,Uttar Pradesh,242042,IN,True
7895,Garhmukteshwar,Uttar Pradesh,245205,IN,True
7896,Amravati,Maharashtra,444808,IN,True
7897,Ernakulam,Kerala,682024,IN,True
7898,"Calangute, Bardez",Goa,403516,IN,True
7899,Anantapur,Andhra Pradesh,515556,IN,True
7900,Jhansi,Uttar Pradesh,284135,IN,True
7901,Salem,Tamil Nadu,636009,IN,True
7902,Nellore,Andhra Pradesh,524407,IN,True
7903,Asarganj,Bihar,813201,IN,True
7904,"Bachupally, Hyderabad",Telangana,500090,IN,True
7905,Badvel,Andhra Pradesh,516227,IN,True
7906,"Thane West, Mumbai",Maharashtra,400610,IN,True
7907,Urmar Tanda,Punjab,144204,IN,True
7908,Ernakulam,Kerala,683577,IN,True
7909,Palakkad,Kerala,678011,IN,True
7910,Chhindwara,Madhya Pradesh,480559,IN,True
7911,Khorda,Odisha,751003,IN,True
7912,Mysore,Karnataka,571107,IN,True
7913,Thalassery,Kerala,670649,IN,True
7914,Jhagadiya Industrial Area,Gujarat,393110,IN,True
7915,"Mukhathala, Kollam",Kerala,691577,IN,True
7916,Mylaudy,Tamil Nadu,629403,IN,True
7917,"Alandi, Pune",Maharashtra,412105,IN,True
7918,Mangalore,Karnataka,574142,IN,True
7919,Satpuli,Uttarakhand,246172,IN,True
7920,Kanchipuram,Tamil Nadu,600125,IN,True
7921,"Hoskote, Bangalore",Karnataka,562114,IN,True
7922,Parner,Maharashtra,414302,IN,True
7923,Hajipur,Punjab,144221,IN,True
7924,Kolkata,West Bengal,700013,IN,True
7925,Ghazipur,Uttar Pradesh,275203,IN,True
7926,Doddaballapura,Karnataka,561203,IN,True
7927,Kollam,Kerala,691002,IN,True
7928,Bhabua,Bihar,821101,IN,True
7929,Khilchipur,Madhya Pradesh,465679,IN,True
7930,Bikaner,Rajasthan,334006,IN,True
7931,Mathura,Uttar Pradesh,281206,IN,True
7932,Naubatpur,Bihar,801109,IN,True
7933,Goalpara,Assam,783101,IN,True
7934,"Rajarhat, Kolkata",West Bengal,700136,IN,True
7935,"Bhosari, Pune",Maharashtra,411039,IN,True
7936,Vadodara,Gujarat,391240,IN,True
7937,Lingapalem,Andhra Pradesh,534462,IN,True
7938,"Hadapsar, Pune",Maharashtra,411028,IN,True
7939,Noida 201301,Uttar Pradesh,201301,IN,True
7940,Kotma,Madhya Pradesh,484334,IN,True
7941,Dhone,Andhra Pradesh,518222,IN,True
7942,(Chikmagalur Disterict).     (N.R Pur Thaluku),Karnataka,577136,IN,True
7943,Hanamkonda,Telangana,506001,IN,True
7944,Kamrup,Assam,781024,IN,True
7945,Kolkata,West Bengal,700083,IN,True
7946,Sibsagar,Assam,785685,IN,True
7947,Hanumangarh,Rajasthan,335501,IN,True
7948,Bavdhan Pune,Maharashtra,411021,IN,True
7949,Karimnagar,Telangana,505452,IN,True
7950,Gandhinagar,Gujarat,382011,IN,True
7951,Keshampet,Telangana,509216,IN,True
7952,Panathur,Kerala,671532,IN,True
7953,Guwahati,Assam,781004,IN,True
7954,"Ithepalli, Chandragiri",Andhra Pradesh,517102,IN,True
7955,Gobichettipalayam,Tamil Nadu,638452,IN,True
7956,Robertsganj,Uttar Pradesh,231207,IN,True
7957,Nababpur,West Bengal,712705,IN,True
7958,Kozhikode,Kerala,673002,IN,True
7959,Mumbai 400050,Maharashtra,400050,IN,True
7960,Saharanpur,Uttar Pradesh,247769,IN,True
7961,Sonai Town,Assam,788119,IN,True
7962,Basirhat,West Bengal,743422,IN,True
7963,Anandpur Sahib,Punjab,140117,IN,True
7964,Padmanabhapuram,Tamil Nadu,629175,IN,True
7965,Pallikonda,Tamil Nadu,635809,IN,True
7966,Andipatti,Tamil Nadu,625517,IN,True
7967,South Goa,Goa,403722,IN,True
7968,Chaibasa,Jharkhand,833204,IN,True
7969,Nawada,Bihar,805102,IN,True
7970,Surat,Gujarat,394405,IN,True
7971,Mohali Zirakpur,Punjab,160104,IN,True
7972,Raigarh,Maharashtra,402107,IN,True
7973,Prathipadu,Andhra Pradesh,522019,IN,True
7974,Silchar,Assam,788010,IN,True
7975,Bakreshwar Thermal Power Township,West Bengal,731104,IN,True
7976,"Badlapur, Jaunpur",Uttar Pradesh,222125,IN,True
7977,Kayamkulam,Kerala,690503,IN,True
7978,Kottayam Dist,Kerala,686632,IN,True
7979,Kalakote,Jammu and Kashmir,185152,IN,True
7980,Beldanga,West Bengal,742133,IN,True
7981,Pathanamthitta,Kerala,689644,IN,True
7982,Bagasara,Gujarat,365440,IN,True
7983,Guntur,Andhra Pradesh,522549,IN,True
7984,Sheoraphuli,West Bengal,712223,IN,True
7985,Kotla Nihang,Punjab,140001,IN,True
7986,Rishikesh,Uttarakhand,249137,IN,True
7987,Mullanpur,Punjab,140901,IN,True
7988,Gurugram,Haryana,122102,IN,True
7989,Dimapur,Nagaland,797113,IN,True
7990,Chittethukara,Kerala,682037,IN,True
7991,Ahmedabad,Gujarat,380021,IN,True
7992,Kunda; Pratapgarh,Uttar Pradesh,230141,IN,True
7993,Baguiati Kolkata,West Bengal,700059,IN,True
7994,Ahmedabad,Gujarat,380028,IN,True
7995,Kanniyakumari District,Tamil Nadu,629165,IN,True
7996,Cherukavu,Kerala,673637,IN,True
7997,Surat,Gujarat,394651,IN,True
7998,Pallippuram Thiruvananthapuram District,Kerala,695585,IN,True
7999,Cuttack,Odisha,754100,IN,True
8000,Rai Industrial Area,Haryana,131029,IN,True
8001,"Guwahati, Noonmati",Assam,781020,IN,True
8002,Bilgram,Uttar Pradesh,241301,IN,True
8003,Shrirangapattana,Karnataka,571807,IN,True
8004,Masturi,Chhattisgarh,495550,IN,True
8005,Poovachal Po,Kerala,695575,IN,True
8006,Mangaluru,Karnataka,574146,IN,True
8007,Ernakulam,Kerala,685607,IN,True
8008,Pimpri Chinchawad,Maharashtra,411019,IN,True
8009,Jaunpur,Uttar Pradesh,222136,IN,True
8010,Dhatrigram,West Bengal,713405,IN,True
8011,Habra,West Bengal,743268,IN,True
8012,Gobindpur Dhanbad,Jharkhand,828109,IN,True
8013,Bhatkal,Karnataka,581320,IN,True
8014,Kannur,Kerala,670014,IN,True
8015,Kumbalangy,Kerala,682008,IN,True
8016,Beas,Punjab,143201,IN,True
8017,North Goa,Goa,403515,IN,True
8018,Ganganagar,Rajasthan,335001,IN,True
8019,Panachikkad,Kerala,686012,IN,True
8020,Pimple Gurav,Maharashtra,411061,IN,True
8021,"Kharghar, Navi Mumbai",Maharashtra,410210,IN,True
8022,Adapur,Bihar,845301,IN,True
8023,Dharampuri,Madhya Pradesh,454449,IN,True
8024,Morbi,Gujarat,363642,IN,True
8025,Zamania,Uttar Pradesh,232329,IN,True
8026,Kollam,Kerala,691560,IN,True
8027,Chinchwad Gaon Pune,Maharashtra,411033,IN,True
8028,Washim,Maharashtra,444505,IN,True
8029,"Pollachi, Coimbatore",Tamil Nadu,642001,IN,True
8030,Distt - Mandi,Himachal Pradesh,175034,IN,True
8031,Central Delhi,Delhi,110006,IN,True
8032,Nizamabad,Telangana,503003,IN,True
8033,Gorakhpur,Uttar Pradesh,273007,IN,True
8034,Kurseong -734204,West Bengal,734203,IN,True
8035,Palavalasa,Andhra Pradesh,532264,IN,True
8036,Babugarh,Uttar Pradesh,245201,IN,True
8037,Chambenahalli Sarjapura Road Banglore,Karnataka,562125,IN,True
8038,Rampachodavaram.East Godavari Dist,Andhra Pradesh,533288,IN,True
8039,Rajahmundry,Andhra Pradesh,533293,IN,True
8040,Bhadohi,Uttar Pradesh,221401,IN,True
8041,Kalpakkam,Tamil Nadu,603102,IN,True
8042,Dugda,Jharkhand,828404,IN,True
8043,Balrampur,Chhattisgarh,497119,IN,True
8044,Calicut,Kerala,673616,IN,True
8045,Uttar Satali,West Bengal,735215,IN,True
8046,Niwai,Rajasthan,304021,IN,True
8047,Durg,Chhattisgarh,490006,IN,True
8048,Piplya Mandi,Madhya Pradesh,458664,IN,True
8049,Vadakkencherry,Kerala,678684,IN,True
8050,Khatauli,Uttar Pradesh,251201,IN,True
8051,Varkala,Kerala,695310,IN,True
8052,Garobadha,Meghalaya,794105,IN,True
8053,Mohammadabad Farrukhabad District,Uttar Pradesh,209651,IN,True
8054,Thrissur,Kerala,680308,IN,True
8055,Palavoor,Tamil Nadu,627114,IN,True
8056,Nainital,Uttarakhand,263127,IN,True
8057,Haldwani. (District: Nainital),Uttarakhand,263139,IN,True
8058,Kishangarh Ajmer District,Rajasthan,305817,IN,True
8059,Rourkela,Odisha,769014,IN,True
8060,Dharamshala,Himachal Pradesh,176215,IN,True
8061,Kamalganj,Uttar Pradesh,209724,IN,True
8062,Thrissur,Kerala,680681,IN,True
8063,Dhanbad,Jharkhand,826003,IN,True
8064,Ranaghat,West Bengal,741201,IN,True
8065,"Mandi,",Himachal Pradesh,175033,IN,True
8066,Bambolim,Goa,403202,IN,True
8067,"Harwada, Ankola",Karnataka,581316,IN,True
8068,Port Blair,Andaman and Nicobar Islands,744106,IN,True
8069,Pusad Midc,Maharashtra,445204,IN,True
8070,Nirmal,Telangana,504102,IN,True
8071,Virajpete,Karnataka,571218,IN,True
8072,Kalasalingam University,Tamil Nadu,626126,IN,True
8073,Sullia,Karnataka,574327,IN,True
8074,Sangli,Maharashtra,416425,IN,True
8075,Coimbatore I,Tamil Nadu,641001,IN,True
8076,Jalpaiguri,West Bengal,735229,IN,True
8077,Akalgarh,Punjab,141104,IN,True
8078,Shahapur,Maharashtra,421601,IN,True
8079,Bengalooru,Karnataka,560061,IN,True
8080,Chittur Thathamangalam,Kerala,678101,IN,True
8081,Tirupur,Tamil Nadu,641654,IN,True
8082,Tezpur,Assam,784150,IN,True
8083,Chikkamagaluru,Karnataka,577181,IN,True
8084,"Saraipali,  Distt : Mahasamund",Chhattisgarh,493558,IN,True
8085,Siddipet,Telangana,505467,IN,True
8086,Tirwaganj Kannauj,Uttar Pradesh,209732,IN,True
8087,Rup Nagar,Punjab,140001,IN,True
8088,Tadong,Sikkim,737102,IN,True
8089,Alur,Tamil Nadu,629801,IN,True
8090,Mayurbhanja,Odisha,757028,IN,True
8091,Narasapur Mandal,Andhra Pradesh,534275,IN,True
8092,Kutiyana,Gujarat,362650,IN,True
8093,Patan,Gujarat,384265,IN,True
8094,Mysore,Karnataka,570012,IN,True
8095,Merrut,Uttar Pradesh,250002,IN,True
8096,Malda,West Bengal,732206,IN,True
8097,Koppal,Karnataka,583229,IN,True
8098,Chengamanad,Kerala,683585,IN,True
8099,Hyderabad .,Telangana,500045,IN,True
8100,Thane,Maharashtra,421203,IN,True
8101,Gurugram,Haryana,124108,IN,True
8102,Kolkata,West Bengal,700127,IN,True
8103,Jewar,Uttar Pradesh,203135,IN,True
8104,Coimbatore,Tamil Nadu,641108,IN,True
8105,Saharsa,Bihar,852127,IN,True
8106,R Udayagiri,Odisha,761016,IN,True
8107,Shahkot,Punjab,144702,IN,True
8108,Gudibanda,Karnataka,561209,IN,True
8109,Peint,Maharashtra,422208,IN,True
8110,Kozhikode,Kerala,673301,IN,True
8111,Pathankot ( Mamun ),Punjab,145001,IN,True
8112,Hosur,Tamil Nadu,635124,IN,True
8113,Ashta,Maharashtra,416301,IN,True
8114,"Sira Taluk, Bukkapatna",Karnataka,572115,IN,True
8115,Ganjimutt,Karnataka,574144,IN,True
8116,Darjeeling,West Bengal,734218,IN,True
8117,Hissar,Haryana,125005,IN,True
8118,Thiruvananthapuram,Kerala,695587,IN,True
8119,Chalakudy,Kerala,680689,IN,True
8120,Tirupur,Tamil Nadu,641603,IN,True
8121,Jaypee Nagar,Madhya Pradesh,486450,IN,True
8122,Bardez,Goa,403502,IN,True
8123,Hajarmachi,Maharashtra,415105,IN,True
8124,Kalamjote,West Bengal,734012,IN,True
8125,Kanpur,Uttar Pradesh,208016,IN,True
8126,Kharagpur,West Bengal,721140,IN,True
8127,Jaunpur,Uttar Pradesh,223101,IN,True
8128,Jorhat,Assam,785013,IN,True
8129,Firozpur,Punjab,152116,IN,True
8130,Shahdol,Madhya Pradesh,484444,IN,True
8131,Palakkad,Kerala,678015,IN,True
8132,Gajapathinagaram,Andhra Pradesh,535260,IN,True
8133,Thrissur,Kerala,680734,IN,True
8134,Chennai,Tamil Nadu,600068,IN,True
8135,Rohini Sector 23 Delhi,Delhi,110085,IN,True
8136,Sidhauli,Uttar Pradesh,261302,IN,True
8137,Ludhiana,Punjab,141004,IN,True
8138,Tanuku,Andhra Pradesh,534216,IN,True
8139,Cuttack,Odisha,751024,IN,True
8140,"Indirapuram, Ghaziabad",Uttar Pradesh,201014,IN,True
8141,"Goppenahalli, Channagiri Taluk, Davangere District",Karnataka,577215,IN,True
8142,Kangra,Himachal Pradesh,176218,IN,True
8143,Coimbatore,Tamil Nadu,641659,IN,True
8144,Marakkanam,Tamil Nadu,604303,IN,True
8145,Peermade,Kerala,685531,IN,True
8146,Nagercoil,Tamil Nadu,629402,IN,True
8147,Andipalayam,Tamil Nadu,641687,IN,True
8148,Titwala ( East),Maharashtra,421605,IN,True
8149,Ettumanoor,Kerala,686564,IN,True
8150,Alappuzha,Kerala,689508,IN,True
8151,Patnapatna,Bihar,800001,IN,True
8152,Perumbaikad - Kottayam,Kerala,686016,IN,True
8153,"Murarai,Birbhum",West Bengal,731219,IN,True
8154,Satna,Madhya Pradesh,485775,IN,True
8155,Sbi Fagu,Himachal Pradesh,171209,IN,True
8156,Bhowali,Uttarakhand,263137,IN,True
8157,Nagpur,Maharashtra,441001,IN,True
8158,Belagavi,Karnataka,591306,IN,True
8159,Mumbai,Maharashtra,400031,IN,True
8160,Bilaspur,Chhattisgarh,495223,IN,True
8161,Kottarakkara,Kerala,691543,IN,True
8162,Ambala City,Haryana,134003,IN,True
8163,Dankuni,West Bengal,712310,IN,True
8164,Auraiya,Uttar Pradesh,206122,IN,True
8165,Garhi Harsaru,Haryana,122505,IN,True
8166,Kundli Industrial Area,Haryana,131028,IN,True
8167,Kaimganj,Uttar Pradesh,209502,IN,True
8168,Chamkaur Sahib,Punjab,140112,IN,True
8169,Hardwar,Uttarakhand,249408,IN,True
8170,Hyderabad,Andhra Pradesh,500061,IN,True
8171,Bengaluru - 560008,Karnataka,560008,IN,True
8172,Sevaliya,Gujarat,388239,IN,True
8173,Cheppad,Kerala,690513,IN,True
8174,Kayamkulam,Kerala,690535,IN,True
8175,Bagli,Madhya Pradesh,455227,IN,True
8176,Visakhapatnam,Andhra Pradesh,530008,IN,True
8177,Palai,Kerala,686574,IN,True
8178,Badra,Madhya Pradesh,484334,IN,True
8179,Zirakpur,Punjab,140604,IN,True
8180,Kamrup,Assam,781025,IN,True
8181,Gambhoi/Himmatnagar,Gujarat,383001,IN,True
8182,"Hyderabad,",Telangana,500016,IN,True
8183,Dipka,Chhattisgarh,495446,IN,True
8184,Purba Bardhaman,West Bengal,713512,IN,True
8185,No.1 Singimari,Assam,781104,IN,True
8186,"Bidhan Nagar, Kolkata",West Bengal,700097,IN,True
8187,Vindhya Nagar Ntpc Township,Madhya Pradesh,486888,IN,True
8188,Azheekal Telephone Exchange,Kerala,690547,IN,True
8189,Kannur,Kerala,670631,IN,True
8190,Babarpur Ajitmal,Uttar Pradesh,206121,IN,True
8191,Silchar,Assam,788107,IN,True
8192,"Vengola, Perumbavoor",Kerala,683556,IN,True
8193,Wayanad,Kerala,673121,IN,True
8194,"Baiguinim, Old Goa",Goa,403402,IN,True
8195,New Delhi,Delhi,110072,IN,True
8196,Thrissur,Kerala,680012,IN,True
8197,Dist. Bokaro,Jharkhand,829127,IN,True
8198,Akot,Maharashtra,444101,IN,True
8199,Jhansi,Uttar Pradesh,284127,IN,True
8200,Darjeeling,West Bengal,734313,IN,True
8201,Vaishali,Bihar,844122,IN,True
8202,Jaynagar Mazilpur,West Bengal,743395,IN,True
8203,Kurwai,Madhya Pradesh,464224,IN,True
8204,Ambernath [E] District Ambernath,Maharashtra,421501,IN,True
8205,Kelambakam,Tamil Nadu,603103,IN,True
8206,"Thane, Mumbai",Maharashtra,400605,IN,True
8207,Mahad,Maharashtra,402301,IN,True
8208,Noida Extension,Uttar Pradesh,201009,IN,True
8209,Khambhalia,Gujarat,361305,IN,True
8210,Malatipur,West Bengal,732123,IN,True
8211,Gumla,Jharkhand,835229,IN,True
8212,Channagiri,Karnataka,577544,IN,True
8213,Hyderabad,Telangana,500069,IN,True
8214,Shenkottai,Tamil Nadu,627809,IN,True
8215,Padappai,Tamil Nadu,601301,IN,True
8216,Nagpur,Maharashtra,440020,IN,True
8217,Gakulpur,Tripura,799114,IN,True
8218,Bhatpara,West Bengal,743126,IN,True
8219,Padne,Kerala,671312,IN,True
8220,Chitrada Village,Andhra Pradesh,533450,IN,True
8221,Kunigal,Karnataka,572130,IN,True
8222,Trichy,Tamil Nadu,620017,IN,True
8223,Thiruvalla,Kerala,689551,IN,True
8224,Vallabh Vidyanagar,Gujarat,388120,IN,True
8225,Nayagarh,Odisha,752094,IN,True
8226,Tezpur Chandmari,Assam,784001,IN,True
8227,Mangaluru,Karnataka,575010,IN,True
8228,Kanchipuram,Tamil Nadu,600091,IN,True
8229,Sipajhar,Assam,784144,IN,True
8230,Kotkhai,Himachal Pradesh,171202,IN,True
8231,Visakhapatnam,Andhra Pradesh,531019,IN,True
8232,Uran Islampur,Maharashtra,415409,IN,True
8233,Ramavarmapuram,Kerala,680631,IN,True
8234,Jalna,Maharashtra,431007,IN,True
8235,Thurangam Kavala,Kerala,686692,IN,True
8236,Unnao,Uttar Pradesh,209861,IN,True
8237,Chelavoor Po,Kerala,673571,IN,True
8238,Anand,Gujarat,388120,IN,True
8239,Namakkal,Tamil Nadu,637408,IN,True
8240,Pilicode,Kerala,671313,IN,True
8241,Tasawade Midc,Maharashtra,415109,IN,True
8242,Kalamasserycochin,Kerala,682021,IN,True
8243,Agartala,Tripura,799014,IN,True
8244,Ottappalam,Kerala,679103,IN,True
8245,Ambarnath (E),Maharashtra,421501,IN,True
8246,Akola,Maharashtra,444102,IN,True
8247,Gandhinagar,Gujarat,382001,IN,True
8248,Ernakulam,Kerala,682311,IN,True
8249,Chembur Mumbai,Maharashtra,400071,IN,True
8250,Chitradurga,Karnataka,577511,IN,True
8251,Huliyar,Karnataka,572218,IN,True
8252,Visakhapatnam,Andhra Pradesh,530029,IN,True
8253,Khandwa,Madhya Pradesh,450114,IN,True
8254,Bangalore,Karnataka,560027,IN,True
8255,Hyderabad,Telangana,502325,IN,True
8256,Kottayam,Kerala,686537,IN,True
8257,Karimnagar,Telangana,505480,IN,True
8258,Bharatganj,Uttar Pradesh,212104,IN,True
8259,Auroville,Tamil Nadu,605101,IN,True
8260,Vazhakkala,Kerala,682039,IN,True
8261,Nagari,Andhra Pradesh,517590,IN,True
8262,Secunderabad,Telangana,500080,IN,True
8263,Mudhole,Telangana,504102,IN,True
8264,Jamui,Bihar,811307,IN,True
8265,Rae Bareli,Uttar Pradesh,227409,IN,True
8266,Alto Dabolim,Goa,403801,IN,True
8267,Shaktinagar,Karnataka,584170,IN,True
8268,Muzaffarpur,Bihar,843120,IN,True
8269,Sirsha,West Bengal,713385,IN,True
8270,Churchugundi,Karnataka,577214,IN,True
8271,Dowleshwaram... Rajahmundry (R),Andhra Pradesh,533125,IN,True
8272,Chennai,Tamil Nadu,601204,IN,True
8273,Rajapalayam,Tamil Nadu,626117,IN,True
8274,Guntur,Andhra Pradesh,522261,IN,True
8275,Bestawaripeta,Andhra Pradesh,523334,IN,True
8276,Bangalore,Karnataka,560087,IN,True
8277,Thiruvananthapuram,Kerala,695007,IN,True
8278,Sundargarh,Odisha,770025,IN,True
8279,Pathanamthitta,Kerala,689531,IN,True
8280,Mohali,Punjab,140413,IN,True
8281,Bhugaon,Maharashtra,412115,IN,True
8282,Pratapgarh,Uttar Pradesh,230503,IN,True
8283,Trichy,Tamil Nadu,620021,IN,True
8284,Kaliabor,Assam,782138,IN,True
8285,Parchur,Andhra Pradesh,523169,IN,True
8286,Mumba,Maharashtra,400080,IN,True
8287,Noida. Gautam Buddh Nagar,Uttar Pradesh,201304,IN,True
8288,Pethapur,Gujarat,382610,IN,True
8289,"Kharagpur, West Bengal",West Bengal,721305,IN,True
8290,Bilaspur,Chhattisgarh,495555,IN,True
8291,Allahganj,Uttar Pradesh,242220,IN,True
8292,Udaipur,Rajasthan,313701,IN,True
8293,Kalyandurg,Andhra Pradesh,515761,IN,True
8294,"Poovattuparamba, Perumanna (Po)",Kerala,673019,IN,True
8295,New Chennai,Tamil Nadu,603204,IN,True
8296,Koduru,Andhra Pradesh,521328,IN,True
8297,Chittoor,Andhra Pradesh,517152,IN,True
8298,6Th Mile Tadong,Sikkim,737102,IN,True
8299,Goa Velha,Goa,403402,IN,True
8300,Coimbatore,Tamil Nadu,641050,IN,True
8301,Ernakulam,Kerala,682038,IN,True
8302,Pallippuram Alappuzha District,Kerala,688541,IN,True
8303,Thoothukkudi,Tamil Nadu,628008,IN,True
8304,Fatehpur,Uttar Pradesh,212601,IN,True
8305,Upper Tadong,Sikkim,737135,IN,True
8306,Cherial,Telangana,506223,IN,True
8307,Koratty,Kerala,680741,IN,True
8308,Gharshankar,Punjab,144527,IN,True
8309,Hazaribagh,Jharkhand,825303,IN,True
8310,Pathanamthitta,Kerala,686510,IN,True
8311,Thrissur,Kerala,680010,IN,True
8312,Rae Bareli,Uttar Pradesh,229204,IN,True
8313,"Awalpur, Dist Chandrapur",Maharashtra,442917,IN,True
8314,Kadungalloor,Kerala,683102,IN,True
8315,Donakonda,Andhra Pradesh,523305,IN,True
8316,Rishikesh,Uttarakhand,249203,IN,True
8317,Diamond Harbour,West Bengal,743332,IN,True
8318,Mandhar Industrial Area,Chhattisgarh,493111,IN,True
8319,North 24 Parganas,West Bengal,700129,IN,True
8320,Hosanagara,Karnataka,577418,IN,True
8321,"Nilambur P O , Malappuram",Kerala,679329,IN,True
8322,Pimpri-Chichwad,Maharashtra,411057,IN,True
8323,Binola Industrial Area,Haryana,122413,IN,True
8324,Ballia,Uttar Pradesh,221709,IN,True
8325,Karkal,Karnataka,574108,IN,True
8326,Valsad,Gujarat,396385,IN,True
8327,Tiruchirappalli,Tamil Nadu,620023,IN,True
8328,Mangaluru 575008,Karnataka,575008,IN,True
8329,Rajahmundry,Andhra Pradesh,533104,IN,True
8330,New Town/ Kolkata,West Bengal,700159,IN,True
8331,Uttarkashi,Uttarakhand,249165,IN,True
8332,Virajpete,Karnataka,574234,IN,True
8333,Virajpete,Karnataka,571252,IN,True
8334,Mangalore,Karnataka,575003,IN,True
8335,Itagi,Karnataka,582211,IN,True
8336,Warangal,Telangana,506310,IN,True
8337,Taoru,Haryana,122105,IN,True
8338,"Dholka, Ahmedabad",Gujarat,382225,IN,True
8339,Haripal,West Bengal,712403,IN,True
8340,Begusarai,Bihar,851204,IN,True
8341,Indore,Madhya Pradesh,452019,IN,True
8342,Madhepura,Bihar,852112,IN,True
8343,"Mehdipatnam, Hyderabad",Telangana,500028,IN,True
8344,Chowwara,Kerala,683105,IN,True
8345,Dabhoi,Gujarat,391110,IN,True
8346,Potheri,Tamil Nadu,603203,IN,True
8347,Sheakhala,West Bengal,712706,IN,True
8348,Gwalior,Madhya Pradesh,474012,IN,True
8349,Undi,Andhra Pradesh,534199,IN,True
8350,Nabadwip,West Bengal,713519,IN,True
8351,Kuzhithurai,Tamil Nadu,629163,IN,True
8352,"Thaiyur, Kelambakkam",Tamil Nadu,603103,IN,True
8353,Gwalior,Madhya Pradesh,474007,IN,True
8354,Aonla,Uttar Pradesh,243301,IN,True
8355,Mathura,Uttar Pradesh,281406,IN,True
8356,Ghaziabad,Uttar Pradesh,201015,IN,True
8357,Zuari Nagar,Goa,403726,IN,True
8358,Gopalganj,Bihar,841409,IN,True
8359,Marhaura,Bihar,841419,IN,True
8360,Hyderabad,Andhra Pradesh,500050,IN,True
8361,Burla,Odisha,768018,IN,True
8362,Khaira Bari,Assam,781315,IN,True
8363,Shivai Nagar,Maharashtra,400606,IN,True
8364,"Perumbakkam, Near Chettinadu Villa",Tamil Nadu,600100,IN,True
8365,Thiruvananthapuram,Kerala,695141,IN,True
8366,Kangra,Himachal Pradesh,176403,IN,True
8367,Biramitrapur,Odisha,770033,IN,True
8368,Thane West,Maharashtra,400608,IN,True
8369,Athiyannur,Kerala,695123,IN,True
8370,Naharkatiya,Assam,786610,IN,True
8371,Mahesana,Gujarat,384003,IN,True
8372,Lansdowne,Uttarakhand,246155,IN,True
8373,Chickaballpur,Karnataka,562101,IN,True
8374,Paravur,Kerala,683520,IN,True
8375,Ankola,Karnataka,581314,IN,True
8376,Chennai 106,Tamil Nadu,600106,IN,True
8377,Ponnani,Kerala,679577,IN,True
8378,Kollancode,Tamil Nadu,629160,IN,True
8379,Mhow Gaon,Madhya Pradesh,453441,IN,True
8380,Payyanur,Kerala,670308,IN,True
8381,South Goa,Goa,403802,IN,True
8382,Puthenpally; Guruvayoor,Kerala,680103,IN,True
8383,Kollakadavu,Kerala,690509,IN,True
8384,Thisayanvilai,Tamil Nadu,627657,IN,True
8385,Namakkal,Tamil Nadu,637205,IN,True
8386,Draksharamam,Andhra Pradesh,533262,IN,True
8387,Alot,Madhya Pradesh,457114,IN,True
8388,Ramgarh Cantonment Civil Township,Jharkhand,825101,IN,True
8389,Kallelibhagom,Kerala,690519,IN,True
8390,Mysore,Karnataka,570001,IN,True
8391,Gaya,Bihar,804424,IN,True
8392,Khoardanga,West Bengal,736202,IN,True
8393,Thakurdwara,Uttar Pradesh,244601,IN,True
8394,Tiruchirappalli,Tamil Nadu,620024,IN,True
8395,Etawah,Uttar Pradesh,206002,IN,True
8396,Kapikad Kinnigoli,Karnataka,574150,IN,True
8397,Thoothukkudi,Tamil Nadu,628003,IN,True
8398,Ahmedabad 380007,Gujarat,380007,IN,True
8399,Ahiwara,Chhattisgarh,490036,IN,True
8400,Agarpara,West Bengal,700109,IN,True
8401,Kinnigoli Post Talipady,Karnataka,574150,IN,True
8402,Trichy,Tamil Nadu,620009,IN,True
8403,"Velsao,Cansaulim",Goa,403712,IN,True
8404,Shajapur,Madhya Pradesh,465001,IN,True
8405,"Prem Nagar, Port Blair",Andaman and Nicobar Islands,744101,IN,True
8406,Kolkata 700029,West Bengal,700029,IN,True
8407,Suriyawan,Uttar Pradesh,221404,IN,True
8408,"Anpara,Sonebhadra",Uttar Pradesh,231225,IN,True
8409,Nalbari,Assam,781341,IN,True
8410,Casne-Amberem-Poroscadem Vp,Goa,403512,IN,True
8411,Janakpuri,Delhi,110058,IN,True
8412,Sasvad,Maharashtra,412301,IN,True
8413,Deen Dayal Upadhyay Nagar(Mughalsarai),Uttar Pradesh,232101,IN,True
8414,Delhi,Delhi,110070,IN,True
8415,Salem,Tamil Nadu,636503,IN,True
8416,Chainpur,Jharkhand,835206,IN,True
8417,Pathanamthitta,Kerala,691554,IN,True
8418,Jamadoba,Jharkhand,828301,IN,True
8419,Perambalur,Tamil Nadu,621113,IN,True
8420,Chennur,Telangana,504201,IN,True
8421,Kilapavoor,Tamil Nadu,627808,IN,True
8422,Jangipur,Uttar Pradesh,233305,IN,True
8423,Deoria,Uttar Pradesh,274405,IN,True
8424,Vadodara,Gujarat,390014,IN,True
8425,Kendujhar,Odisha,756121,IN,True
8426,Ladnun,Rajasthan,341306,IN,True
8427,Rewa,Madhya Pradesh,486776,IN,True
8428,Dapodi Pimpri Chinchwad Pune,Maharashtra,411031,IN,True
8429,Sanguem,Goa,403704,IN,True
8430,Andhari,Bihar,802222,IN,True
8431,Chandigarh,Chandigarh,160019,IN,True
8432,Vellore,Tamil Nadu,632012,IN,True
8433,Katra,Jammu and Kashmir,182301,IN,True
8434,Purbo Burdwan,West Bengal,713103,IN,True
8435,Bajna,Uttar Pradesh,281201,IN,True
8436,Kolazhy,Kerala,680651,IN,True
8437,Vatakara,Kerala,673104,IN,True
8438,Apo,Unknown/Other,959121,IN,True
8439,Ahemdabad,Gujarat,382213,IN,True
8440,Zaidpur,Uttar Pradesh,225414,IN,True
8441,New Delhi,Delhi,110093,IN,True
8442,Mumbai,Maharashtra,421201,IN,True
8443,Nagaram,Andhra Pradesh,522268,IN,True
8444,Prithvipur,Madhya Pradesh,472338,IN,True
8445,Saharsha,Bihar,852127,IN,True
8446,Hindusthan Cables Town,West Bengal,713364,IN,True
8447,"Habra, Ashokenagar",West Bengal,743222,IN,True
8448,Sikar,Rajasthan,332023,IN,True
8449,Kottayam,Kerala,689589,IN,True
8450,Thrissur,Kerala,679532,IN,True
8451,Adoor,Kerala,689694,IN,True
8452,Kolkata,West Bengal,712248,IN,True
8453,Shimla,Himachal Pradesh,171012,IN,True
8454,Srikakulam,Andhra Pradesh,532484,IN,True
8455,Ajmer,Rajasthan,305002,IN,True
8456,Vijayawada,Andhra Pradesh,520006,IN,True
8457,Hoshiarpur,Punjab,146113,IN,True
8458,Gohana,Haryana,131302,IN,True
8459,Hyderabad,Andhra Pradesh,500090,IN,True
8460,Kahalgaon,Bihar,813203,IN,True
8461,"Perole,Nileshwar P.O, Kasaragod District",Kerala,671314,IN,True
8462,Ullal,Karnataka,575020,IN,True
8463,Hari Nagar,Delhi,110064,IN,True
8464,Visakhapatnam,Andhra Pradesh,531033,IN,True
8465,Kozhikode,Kerala,673021,IN,True
8466,"Madhapur, Hyderabad",Telangana,500081,IN,True
8467,Pursura,West Bengal,712415,IN,True
8468,Pune Yerwada,Maharashtra,411006,IN,True
8469,Pathanamthitta,Kerala,689711,IN,True
8470,Tumakuru,Karnataka,572116,IN,True
8471,Jehanabad,Bihar,824235,IN,True
8472,Vallapuzha,Kerala,679336,IN,True
8473,Alappuzha,Kerala,688521,IN,True
8474,Nizamabad,Telangana,503212,IN,True
8475,Sultanpur,Uttar Pradesh,228119,IN,True
8476,Midnapore,West Bengal,721101,IN,True
8477,Bengaluru 560062,Karnataka,560062,IN,True
8478,Thodupuzha,Kerala,685605,IN,True
8479,Medak,Telangana,502279,IN,True
8480,Kullu,Himachal Pradesh,175126,IN,True
8481,Sillod,Maharashtra,431112,IN,True
8482,Teh. Dharamshala,Himachal Pradesh,176209,IN,True
8483,Mahnar Bazar,Bihar,844506,IN,True
8484,Sidco Industrial Estate Badanguppe Kellambali,Karnataka,571316,IN,True
8485,Shahganj,Uttar Pradesh,223101,IN,True
8486,Bangarapet,Karnataka,563115,IN,True
8487,Saroornagar Rr District,Telangana,500035,IN,True
8488,Rourkela,Odisha,769002,IN,True
8489,Delhi,Delhi,110012,IN,True
8490,Udupi,Karnataka,574116,IN,True
8491,Mundara,Rajasthan,306705,IN,True
8492,Achanta,Andhra Pradesh,534123,IN,True
8493,Pune-24,Maharashtra,411024,IN,True
8494,New Delhi,Delhi,110082,IN,True
8495,Navapur,Maharashtra,425418,IN,True
8496,Vellayani Po.,Kerala,695522,IN,True
8497,Veerappanchatiram,Tamil Nadu,638012,IN,True
8498,Morigaon,Assam,782121,IN,True
8499,Vaniyanbadi,Tamil Nadu,635751,IN,True
8500,Sikkathambur Palayam,Tamil Nadu,621008,IN,True
8501,Mavelikara,Kerala,690105,IN,True
8502,Dobaspet Industrial Area,Karnataka,562111,IN,True
8503,Sitamarhi,Bihar,847305,IN,True
8504,"Airoli, Navi Mumbai",Maharashtra,400708,IN,True
8505,Perinad,Kerala,691511,IN,True
8506,Manavalassery,Kerala,680701,IN,True
8507,Medak,Telangana,502001,IN,True
8508,Aya Nagar,Delhi,110047,IN,True
8509,Howrah,West Bengal,711111,IN,True
8510,Danara,Odisha,759148,IN,True
8511,"Mumbai,",Maharashtra,400080,IN,True
8512,Muthukulam,Kerala,690506,IN,True
8513,Kannod,Madhya Pradesh,455332,IN,True
8514,Mysore,Karnataka,570002,IN,True
8515,Belur,Karnataka,573115,IN,True
8516,Balachaur,Punjab,144522,IN,True
8517,Ranchi,Jharkhand,834006,IN,True
8518,Allahabad,Uttar Pradesh,212405,IN,True
8519,Ponneri Tk,Tamil Nadu,601204,IN,True
8520,Pathanamthitta,Kerala,689113,IN,True
8521,Hyderabad,Andhra Pradesh,500078,IN,True
8522,Pathanamthitta,Kerala,689694,IN,True
8523,Mussoorie,Uttarakhand,248122,IN,True
8524,Bahaduargarh,Haryana,124507,IN,True
8525,Lalganj,Bihar,844121,IN,True
8526,Dharampur Industrial Estate,Himachal Pradesh,173209,IN,True
8527,Trivandrum,Kerala,695018,IN,True
8528,Mumbai 40064,Maharashtra,400064,IN,True
8529,Kathlal,Gujarat,387630,IN,True
8530,Kothamangalam,Kerala,686692,IN,True
8531,"Annamanada,Trissur",Kerala,680741,IN,True
8532,Bangalore,Karnataka,560091,IN,True
8533,Palakkad,Kerala,678683,IN,True
8534,Ernakulam,Kerala,682037,IN,True
8535,Kannur,Kerala,670504,IN,True
8536,Lakhipur Cachar District,Assam,788103,IN,True
8537,Kasauli,Himachal Pradesh,173202,IN,True
8538,Madapura,Karnataka,571251,IN,True
8539,Trichy,Tamil Nadu,620016,IN,True
8540,Kalpi,Uttar Pradesh,285130,IN,True
8541,Gotegaon (Dist-Narsinghpur),Madhya Pradesh,487118,IN,True
8542,Kamrup,Assam,782403,IN,True
8543,Nawabganj Gonda District,Uttar Pradesh,271303,IN,True
8544,Tiruchirappalli,Tamil Nadu,620005,IN,True
8545,Ernakulam.,Kerala,682306,IN,True
8546,Mavelikkara,Kerala,690558,IN,True
8547,Dera Bassi Industrial Area Mohali,Punjab,140507,IN,True
8548,Kotekar,Karnataka,575022,IN,True
8549,Tinsukia District,Assam,786153,IN,True
8550,Dhaura Tanda,Uttar Pradesh,243202,IN,True
8551,Chirala,Andhra Pradesh,523155,IN,True
8552,Manjhanpur,Uttar Pradesh,212207,IN,True
8553,Srinivaspur,Karnataka,563126,IN,True
8554,Thalassery,Kerala,670642,IN,True
8555,Malappuram,Kerala,679331,IN,True
8556,Burdwan,West Bengal,713407,IN,True
8557,Thakurganj,Bihar,855116,IN,True
8558,P.Gannavaram Mandal,Andhra Pradesh,533240,IN,True
8559,Dhekiajuji,Assam,784110,IN,True
8560,Kanpur,Uttar Pradesh,208013,IN,True
8561,Diva,Maharashtra,400612,IN,True
8562,Kolkatal,West Bengal,700078,IN,True
8563,Hamirpur,Himachal Pradesh,176048,IN,True
8564,Gopalganj,Bihar,841501,IN,True
8565,Solan,Himachal Pradesh,173230,IN,True
8566,Namagiripettai,Tamil Nadu,637406,IN,True
8567,Tekkali,Andhra Pradesh,532212,IN,True
8568,Ernakulam,Kerala,683502,IN,True
8569,Selsella,Meghalaya,794105,IN,True
8570,Nellore,Andhra Pradesh,524137,IN,True
8571,Hardoi,Uttar Pradesh,241121,IN,True
8572,Narkatia,Bihar,845302,IN,True
8573,Palakkad,Kerala,678002,IN,True
8574,Mankapur,Uttar Pradesh,271308,IN,True
8575,Dombivalli,Maharashtra,421201,IN,True
8576,Bengaluru Rural Dist,Karnataka,562164,IN,True
8577,Vadakkekara,Kerala,683515,IN,True
8578,"Kharagpur, Paschim Midnapur",West Bengal,721301,IN,True
8579,Pungdongbam Makha Leikai,Manipur,795010,IN,True
8580,Virudhunagar,Tamil Nadu,626003,IN,True
8581,Kataiya,Bihar,841437,IN,True
8582,Bedi,Gujarat,361150,IN,True
8583,Mokameh,Bihar,803301,IN,True
8584,Kalna,West Bengal,713434,IN,True
8585,Sarkaghat,Himachal Pradesh,175028,IN,True
8586,Nandgaonpeth Midc,Maharashtra,444901,IN,True
8587,Lucknow,Uttar Pradesh,226301,IN,True
8588,Fhatehpur,Uttar Pradesh,212664,IN,True
8589,Kangra,Himachal Pradesh,176076,IN,True
8590,Trivandrum,Kerala,695526,IN,True
8591,Gurugaon,Haryana,122017,IN,True
8592,Banswada,Telangana,503187,IN,True
8593,Faridabad-121004,Haryana,121004,IN,True
8594,Ghansoli Gaon,Maharashtra,400701,IN,True
8595,Dombivali E,Maharashtra,421204,IN,True
8596,Bansberia,West Bengal,712123,IN,True
8597,Pathanamthitta,Kerala,689103,IN,True
8598,Gwalior,Madhya Pradesh,474010,IN,True
8599,Lonavla,Maharashtra,410401,IN,True
8600,"Bhagya Nagar,9916015445,Koppal",Karnataka,583231,IN,True
8601,Karjan,Gujarat,391240,IN,True
8602,Gandhi Nagar,Gujarat,382424,IN,True
8603,Tirumakudal Narsipur,Karnataka,571124,IN,True
8604,Khed,Maharashtra,415709,IN,True
8605,Kesarval,Goa,403710,IN,True
8606,"Kinnigoli,Mangluru",Karnataka,574150,IN,True
8607,Udupi,Karnataka,576230,IN,True
8608,Chinsurah R. S,West Bengal,712102,IN,True
8609,Ariyallur,Kerala,676312,IN,True
8610,Kattanam,Kerala,690501,IN,True
8611,Varanasi,Uttar Pradesh,222146,IN,True
8612,Silwani,Madhya Pradesh,464886,IN,True
8613,Chinnampalayam,Tamil Nadu,642003,IN,True
8614,Dadri,Haryana,127025,IN,True
8615,Shimoga,Karnataka,577204,IN,True
8616,Perambalur,Tamil Nadu,621220,IN,True
8617,Bagaha,Bihar,845105,IN,True
8618,Mohammadabad Ghazipur District,Uttar Pradesh,233227,IN,True
8619,Chenai,Tamil Nadu,600071,IN,True
8620,Banglore,Karnataka,560085,IN,True
8621,Musafirkhana,Uttar Pradesh,227811,IN,True
8622,Ancharakandy,Kerala,670611,IN,True
8623,Kaman,Rajasthan,321022,IN,True
8624,Ernakulam,Kerala,683581,IN,True
8625,Mangalagiri,Andhra Pradesh,522502,IN,True
8626,Asika,Odisha,761110,IN,True
8627,Kollam,Kerala,691512,IN,True
8628,Kottayam,Kerala,686008,IN,True
8629,Kharsang,Arunachal Pradesh,792122,IN,True
8630,Omaxe New Chandigarh,Punjab,140901,IN,True
8631,Kullukullu,Himachal Pradesh,175101,IN,True
8632,Ranapur,Madhya Pradesh,457993,IN,True
8633,Sullia,Karnataka,574239,IN,True
8634,"Jodhpur,Osian",Rajasthan,342303,IN,True
8635,Chittapur,Karnataka,585211,IN,True
8636,P. S.  Duttapukur,West Bengal,743248,IN,True
8637,Pappinivattom,Kerala,680691,IN,True
8638,Lalganj,Uttar Pradesh,276202,IN,True
8639,Kozhikode,Kerala,673508,IN,True
8640,Kim,Gujarat,394110,IN,True
8641,Kurnool,Andhra Pradesh,518396,IN,True
8642,Azamgarh,Uttar Pradesh,223225,IN,True
8643,Edapally North Po,Kerala,682024,IN,True
8644,Ahmedabad,Gujarat,380025,IN,True
8645,Ghiraur,Uttar Pradesh,205121,IN,True
8646,Hamirpur,Himachal Pradesh,177005,IN,True
8647,Mandi Gobindgarh,Punjab,147301,IN,True
8648,Lido Town,Assam,786182,IN,True
8649,Salcete,Goa,403716,IN,True
8650,Solan,Himachal Pradesh,173223,IN,True
8651,Gandhinagar,Gujarat,382016,IN,True
8652,Tadipatri,Andhra Pradesh,515411,IN,True
8653,Cherupuzha,Kerala,670511,IN,True
8654,"Pub Daniram Pather,Hojai",Assam,782435,IN,True
8655,Araria,Bihar,854318,IN,True
8656,Trivandrum,Kerala,695587,IN,True
8657,Bankura,West Bengal,722183,IN,True
8658,Aruppukottai,Tamil Nadu,625022,IN,True
8659,Rampur Maniharan,Uttar Pradesh,247451,IN,True
8660,Perumbaikad,Kerala,686561,IN,True
8661,Vizianagaram,Andhra Pradesh,535145,IN,True
8662,Sampla,Haryana,124501,IN,True
8663,Jalandhar,Punjab,144013,IN,True
8664,Lakhisarai,Bihar,811106,IN,True
8665,Vadodara,Gujarat,387340,IN,True
8666,Minakhan,West Bengal,743425,IN,True
8667,Sibsagar,Assam,785671,IN,True
8668,Trivandrum,Kerala,695024,IN,True
8669,Diyun,Arunachal Pradesh,792103,IN,True
8670,Akbarpur,Uttar Pradesh,209311,IN,True
8671,Belpahar,Odisha,768217,IN,True
8672,Lonand,Maharashtra,415521,IN,True
8673,Deulia,West Bengal,743424,IN,True
8674,Chelakkara,Kerala,680591,IN,True
8675,Vijayapur.,Karnataka,586121,IN,True
8676,Hyderabad,Andhra Pradesh,500073,IN,True
8677,Kottayam,Kerala,686576,IN,True
8678,Borsad,Gujarat,388540,IN,True
8679,Irinjalakuda,Kerala,680711,IN,True
8680,Lateri,Madhya Pradesh,464114,IN,True
8681,Ankleshwar,Gujarat,393010,IN,True
8682,Honavar,Karnataka,581334,IN,True
8683,Kujang,Odisha,754141,IN,True
8684,Erattupetta,Kerala,686121,IN,True
8685,Armoor,Telangana,503224,IN,True
8686,Lanka,Assam,782446,IN,True
8687,Oragadam Industrial Area,Tamil Nadu,631604,IN,True
8688,Yelamanchili,Andhra Pradesh,534266,IN,True
8689,Ntpc Sipat Township,Chhattisgarh,495555,IN,True
8690,Chengannur,Kerala,689123,IN,True
8691,Rupbas,Rajasthan,321404,IN,True
8692,Madhepura,Bihar,852101,IN,True
8693,Manendragarh,Chhattisgarh,497442,IN,True
8694,Kaprain,Rajasthan,323301,IN,True
8695,Calicut Medical College,Kerala,673008,IN,True
8696,Pune 411004,Maharashtra,411004,IN,True
8697,Bagalkot,Karnataka,591220,IN,True
8698,Ponkunnam,Kerala,686506,IN,True
8699,Sujangarh,Rajasthan,341304,IN,True
8700,Srinagar,Uttarakhand,246174,IN,True
8701,Pathardih,Jharkhand,828119,IN,True
8702,Vallabhipur,Gujarat,364310,IN,True
8703,Kushinagar,Uttar Pradesh,274801,IN,True
8704,Sabathu,Himachal Pradesh,173206,IN,True
8705,"Khajaguda, Gachibowli",Telangana,500104,IN,True
8706,Urapakkam,Tamil Nadu,603210,IN,True
8707,"Gurgaon, Hsiidc Sohna",Haryana,122103,IN,True
8708,Chennai,Tamil Nadu,600009,IN,True
8709,Siliguri,West Bengal,734005,IN,True
8710,Anantapur,Andhra Pradesh,515767,IN,True
8711,Bibinagar Hyderabad,Telangana,508126,IN,True
8712,Karkal,Karnataka,576111,IN,True
8713,Amritsar,Punjab,143116,IN,True
8714,Bellampalle,Telangana,504251,IN,True
8715,Ponnampet,Karnataka,571216,IN,True
8716,Puri,Odisha,752002,IN,True
8717,West Tripura,Tripura,799006,IN,True
8718,Cuttack,Odisha,754010,IN,True
8719,Murud,Maharashtra,402202,IN,True
8720,Kumarghat,Tripura,799264,IN,True
8721,Chopan,Uttar Pradesh,231205,IN,True
8722,Hijuli,West Bengal,723121,IN,True
8723,Surat,Gujarat,394445,IN,True
8724,Dehri On Sone,Bihar,821305,IN,True
8725,Beet Bazar,Telangana,506001,IN,True
8726,Veerakkalpudur,Tamil Nadu,636403,IN,True
8727,Navsari,Gujarat,396469,IN,True
8728,Surat,Gujarat,394240,IN,True
8729,Vijayawada,Andhra Pradesh,520009,IN,True
8730,Bhimadole,Andhra Pradesh,534425,IN,True
8731,Honda,Goa,403530,IN,True
8732,Sangareddy,Telangana,502285,IN,True
8733,"Armori, Dist. Gadchiroli",Maharashtra,441208,IN,True
8734,Koilakuntla,Andhra Pradesh,518134,IN,True
8735,Prayagraj,Uttar Pradesh,211001,IN,True
8736,Salasar,Rajasthan,331506,IN,True
8737,Barasst,West Bengal,743424,IN,True
8738,Chittoor,Andhra Pradesh,517429,IN,True
8739,Chandannagar,West Bengal,712137,IN,True
8740,Gudiyatham Vellore,Tamil Nadu,632601,IN,True
8741,Mudalgi,Karnataka,591312,IN,True
8742,"Ranip,Ahmedabad",Gujarat,382480,IN,True
8743,Panagudi,Tamil Nadu,627109,IN,True
8744,Allipur,Telangana,502318,IN,True
8745,Vikravandi,Tamil Nadu,605652,IN,True
8746,Olavanna,Kerala,673014,IN,True
8747,Agra-282001,Uttar Pradesh,282001,IN,True
8748,Khategaon,Madhya Pradesh,455336,IN,True
8749,Bangalore,Karnataka,560049,IN,True
8750,Virajpete,Karnataka,571219,IN,True
8751,Convoy Ground,Sikkim,737102,IN,True
8752,Gorakhpur,Uttar Pradesh,273017,IN,True
8753,"Kakkanad,Kochi",Kerala,682021,IN,True
8754,Tumkur,Karnataka,572201,IN,True
8755,Bhuragaon,Assam,782001,IN,True
8756,Ariyallur,Kerala,673314,IN,True
8757,Kashinagara,Odisha,761206,IN,True
8758,Anantapur,Andhra Pradesh,515445,IN,True
8759,Coimbatore,Tamil Nadu,642003,IN,True
8760,Kharkhauda,Uttar Pradesh,245206,IN,True
8761,Babhaleshwar,Maharashtra,413713,IN,True
8762,Gajraula,Uttar Pradesh,244235,IN,True
8763,Maddur,Karnataka,571419,IN,True
8764,West Delhi,Delhi,110059,IN,True
8765,Alipurduar,West Bengal,736122,IN,True
8766,Ulundurpet Tk,Tamil Nadu,607202,IN,True
8767,North 24 Parganas,West Bengal,743248,IN,True
8768,Mazbat,Assam,784114,IN,True
8769,Bahraich,Uttar Pradesh,271821,IN,True
8770,Secunderabad,Telangana,500040,IN,True
8771,"Kyathsandra, Tumkur",Karnataka,572104,IN,True
8772,Auraiya,Uttar Pradesh,206244,IN,True
8773,Secundrabad,Telangana,500014,IN,True
8774,Lilong Imphal West,Manipur,795130,IN,True
8775,Shegaon Bk,Maharashtra,442906,IN,True
8776,Police Station - Bikram     Tehsil- Danapur,Bihar,801104,IN,True
8777,Kottayam,Kerala,686602,IN,True
8778,Taraori,Haryana,132116,IN,True
8779,Meghraj,Gujarat,383350,IN,True
8780,Rajarhat Gopalpur,West Bengal,700136,IN,True
8781,Aroor,Kerala,688547,IN,True
8782,Mangaon,Maharashtra,402104,IN,True
8783,Kolathur,Tamil Nadu,636303,IN,True
8784,Hasimnagar,West Bengal,743513,IN,True
8785,Pallakad,Kerala,679514,IN,True
8786,Pathanamthitta,Kerala,689545,IN,True
8787,Chandauli Up,Uttar Pradesh,232106,IN,True
8788,Mumbra,Maharashtra,400612,IN,True
8789,Hajira,Gujarat,394270,IN,True
8790,Lagola,West Bengal,742148,IN,True
8791,Bhalki,Karnataka,585328,IN,True
8792,Naduvannur,Kerala,673614,IN,True
8793,Koraput,Odisha,764036,IN,True
8794,Rajahmundry,Andhra Pradesh,533126,IN,True
8795,Pithoragarh,Uttarakhand,262502,IN,True
8796,South West Delhi,Delhi,110074,IN,True
8797,Ernakulam District,Kerala,683515,IN,True
8798,Bijauli Industrial Area,Uttar Pradesh,284135,IN,True
8799,"Pattambi, Palakkad",Kerala,679303,IN,True
8800,Mira Bhayander,Maharashtra,401107,IN,True
8801,Kanyakumari District,Tamil Nadu,629501,IN,True
8802,Chhipabarod,Rajasthan,325221,IN,True
8803,Hubli,Karnataka,580025,IN,True
8804,Jogipet,Telangana,502270,IN,True
8805,Jodhpur,Rajasthan,342009,IN,True
8806,Agiripalle,Andhra Pradesh,521211,IN,True
8807,Gaura Kala,Uttar Pradesh,221104,IN,True
8808,Aroor,Kerala,688535,IN,True
8809,Guntur,Andhra Pradesh,522501,IN,True
8810,Harij,Gujarat,384240,IN,True
8811,Mumbai.,Maharashtra,400091,IN,True
8812,Ulhasnagar 3,Maharashtra,421003,IN,True
8813,Mahasla,Maharashtra,402105,IN,True
8814,Roha Ashtami,Maharashtra,402109,IN,True
8815,Veerapandianpattinam,Tamil Nadu,628216,IN,True
8816,New Delhi 110075,Delhi,110075,IN,True
8817,Tiruvallur,Tamil Nadu,600053,IN,True
8818,Pallikunnu (P O),Kerala,670004,IN,True
8819,Doraha,Punjab,141421,IN,True
8820,Aluva,Kerala,683518,IN,True
8821,Damara Patpara,Assam,783122,IN,True
8822,Kanchipuram,Tamil Nadu,600070,IN,True
8823,Ernakulam,Kerala,683574,IN,True
8824,Pathsala,Assam,781325,IN,True
8825,Thiruchengode,Tamil Nadu,637215,IN,True
8826,Chandigarh,Chandigarh,160061,IN,True
8827,Pampakuda Via,Kerala,686667,IN,True
8828,Sambra,Karnataka,591124,IN,True
8829,Warangal Urban,Telangana,506001,IN,True
8830,Dod Ballapur,Karnataka,561205,IN,True
8831,Sahakar Nagar Pune,Maharashtra,411009,IN,True
8832,Ahore,Rajasthan,307029,IN,True
8833,Majorda,Goa,403713,IN,True
8834,Thoothukkudi,Tamil Nadu,628205,IN,True
8835,Kannur,Kerala,670582,IN,True
8836,Niali,Odisha,754004,IN,True
8837,Mainpuri,Uttar Pradesh,206301,IN,True
8838,Sriperumbudur Ph:9944226768,Tamil Nadu,602105,IN,True
8839,Kathgodam (Haldwani),Uttarakhand,263139,IN,True
8840,Haripad,Kerala,690507,IN,True
8841,Hosdurg,Kerala,671326,IN,True
8842,Kollam,Kerala,691505,IN,True
8843,"Rajpura Town, Dist Patiala",Punjab,140401,IN,True
8844,Khammam,Telangana,507164,IN,True
8845,Mathura,Uttar Pradesh,281006,IN,True
8846,Erode District,Tamil Nadu,638311,IN,True
8847,Namakkal,Tamil Nadu,637201,IN,True
8848,Mumbai 400102,Maharashtra,400102,IN,True
8849,Pulpally,Kerala,673579,IN,True
8850,Rajkot,Gujarat,360330,IN,True
8851,Kangra,Himachal Pradesh,176081,IN,True
8852,Gadchiroli,Maharashtra,442605,IN,True
8853,Hindusthan Cables Town,West Bengal,713335,IN,True
8854,Agra,Uttar Pradesh,282009,IN,True
8855,Guntur,Andhra Pradesh,522017,IN,True
8856,Banglore,Karnataka,560102,IN,True
8857,"Kalyanpur,Lucknow",Uttar Pradesh,226022,IN,True
8858,Caranzalem - Tiswadi,Goa,403002,IN,True
8859,Kottayam,Kerala,686610,IN,True
8860,Jodhpur,Rajasthan,342304,IN,True
8861,Raipur,Chhattisgarh,493221,IN,True
8862,Palakkad,Kerala,678612,IN,True
8863,"Mettur, Salem",Tamil Nadu,636402,IN,True
8864,Tadepalligudem,Andhra Pradesh,534145,IN,True
8865,Mysuru,Karnataka,571130,IN,True
8866,Rishikesh,Uttarakhand,249302,IN,True
8867,Tharial,Punjab,145024,IN,True
8868,Bikaner,Rajasthan,334022,IN,True
8869,Delhi Cantt,Delhi,110010,IN,True
8870,Nerul (East),Maharashtra,400706,IN,True
8871,Bengaluru; 560047,Karnataka,560047,IN,True
8872,Thiruvananthapuram,Kerala,695563,IN,True
8873,Aluva Ernakulam,Kerala,683511,IN,True
8874,Shirwal,Maharashtra,412801,IN,True
8875,Satara,Maharashtra,412806,IN,True
8876,Hamirpur,Himachal Pradesh,177022,IN,True
8877,Jat,Maharashtra,416402,IN,True
8878,Rangia,Assam,781380,IN,True
8879,Dhanbad,Jharkhand,828109,IN,True
8880,Hindaun,Rajasthan,322236,IN,True
8881,Dombiwali (E),Maharashtra,421201,IN,True
8882,Kedgaon,Maharashtra,412203,IN,True
8883,Njarackal,Kerala,682505,IN,True
8884,Rajgir,Bihar,803121,IN,True
8885,Wadakkanchery,Kerala,680582,IN,True
8886,Delhi,Delhi,110051,IN,True
8887,Old Goa,Goa,403402,IN,True
8888,Nadathara,Kerala,680751,IN,True
8889,Faridkot,Punjab,151212,IN,True
8890,Oragadam Industrial Area,Tamil Nadu,602105,IN,True
8891,Gorumahisani,Odisha,757042,IN,True
8892,Tiruppur,Tamil Nadu,641603,IN,True
8893,Shahpur,Karnataka,585223,IN,True
8894,Kailasahar,Tripura,799277,IN,True
8895,Chandigarh,Chandigarh,160015,IN,True
8896,Kendrapara,Odisha,754212,IN,True
8897,Kaikaluru,Andhra Pradesh,521333,IN,True
8898,Rahon,Punjab,144517,IN,True
8899,Mundera Bazar,Uttar Pradesh,273201,IN,True
8900,Shahpur Burhanpur District,Madhya Pradesh,450445,IN,True
8901,Chennai 600028,Tamil Nadu,600028,IN,True
8902,Eluru,Andhra Pradesh,534006,IN,True
8903,Vaikom,Kerala,686611,IN,True
8904,Chengannur,Kerala,689624,IN,True
8905,"Chenghlepet Taluk, Kancheepuram Dt.",Tamil Nadu,603204,IN,True
8906,Barwaha,Madhya Pradesh,451115,IN,True
8907,Kolazhy,Kerala,680581,IN,True
8908,"Pimpri Chinchwad, Pune",Maharashtra,411039,IN,True
8909,Peddapalli,Telangana,505184,IN,True
8910,Sundarnagar,Himachal Pradesh,175018,IN,True
8911,Thrumalagiri,Telangana,508223,IN,True
8912,Siwan,Bihar,841232,IN,True
8913,Boko,Assam,781123,IN,True
8914,Gurugram,Haryana,121102,IN,True
8915,Thirumanagalam Madurai,Tamil Nadu,625706,IN,True
8916,Chittoor,Andhra Pradesh,517234,IN,True
8917,Kadapa,Andhra Pradesh,516329,IN,True
8918,Haringhata Farm,West Bengal,741246,IN,True
8919,Nellore,Andhra Pradesh,524121,IN,True
8920,Anantapur District,Andhra Pradesh,515571,IN,True
8921,Sahawar,Uttar Pradesh,207245,IN,True
8922,Theni Allinagaram,Tamil Nadu,625531,IN,True
8923,Ollur,Kerala,680322,IN,True
8924,Kancheepuram District,Tamil Nadu,603204,IN,True
8925,Agarwada,Goa,403512,IN,True
8926,Erodeerode,Tamil Nadu,638011,IN,True
8927,Churachandpur,Manipur,795128,IN,True
8928,Hiriyur,Karnataka,577598,IN,True
8929,Ernakulam,Kerala,682305,IN,True
8930,District Mandi,Himachal Pradesh,175001,IN,True
8931,"Polur,Thiruvannamalai District",Tamil Nadu,606803,IN,True
8932,Kathua,Jammu and Kashmir,184151,IN,True
8933,Koregaon,Maharashtra,415107,IN,True
8934,Peddapalle,Telangana,505174,IN,True
8935,Thiruvarur,Tamil Nadu,614706,IN,True
8936,South West Delhi,Delhi,110078,IN,True
8937,Virajpete,Karnataka,571217,IN,True
8938,Chandigarh,Chandigarh,160020,IN,True
8939,Kanchikacherla,Andhra Pradesh,521180,IN,True
8940,Valsad,Gujarat,396020,IN,True
8941,"Danapur, Patna",Bihar,800012,IN,True
8942,Amritsar,Punjab,143606,IN,True
8943,Chennnai,Tamil Nadu,600045,IN,True
8944,Hisar,Haryana,125004,IN,True
8945,"Pimple Saudagar, Pimpri-Chinchwad",Maharashtra,411027,IN,True
8946,Jarwa Road Tulsipur,Uttar Pradesh,271208,IN,True
8947,Pallippuram Alappuzha District,Kerala,688528,IN,True
8948,Bhopal,Madhya Pradesh,462002,IN,True
8949,Jajur Road,Odisha,755022,IN,True
8950,Moolavaikkal,Tamil Nadu,638453,IN,True
8951,Yadgir,Karnataka,585202,IN,True
8952,"Malkajgiri, Hyderabad",Telangana,500047,IN,True
8953,School Line,Andaman and Nicobar Islands,744102,IN,True
8954,"Evershine City, Vasai (East)",Maharashtra,401202,IN,True
8955,Coimbatore,Tamil Nadu,641105,IN,True
8956,Naya Baradwar,Chhattisgarh,495687,IN,True
8957,Ghansoli  Navi Mumbai,Maharashtra,400701,IN,True
8958,Nasik,Maharashtra,422001,IN,True
8959,Indore,Madhya Pradesh,452007,IN,True
8960,Namchi South Sikkim,Sikkim,737126,IN,True
8961,Begowal,Punjab,144621,IN,True
8962,Mangaon,Maharashtra,402112,IN,True
8963,Addanki,Andhra Pradesh,523201,IN,True
8964,Uran,Maharashtra,400702,IN,True
8965,Dharampur,Gujarat,396050,IN,True
8966,Warangal,Telangana,506315,IN,True
8967,Pimpri-Chinchwad,Maharashtra,411027,IN,True
8968,Thiruvananthapuram,Kerala,695523,IN,True
8969,Kalaburgi 585102,Karnataka,585102,IN,True
8970,Calicut,Kerala,673655,IN,True
8971,Thoothukudi,Tamil Nadu,628103,IN,True
8972,"Sector - 15 , Rohini",Delhi,110089,IN,True
8973,"Poothakkulam,Parippally",Kerala,691302,IN,True
8974,Ahmadnagar,Maharashtra,414005,IN,True
8975,Bengalurubangalore,Karnataka,560080,IN,True
8976,South Goa,Goa,403703,IN,True
8977,Bangalore,Karnataka,560039,IN,True
8978,"Opposite Jains Public School,Thirumudivakam",Tamil Nadu,600044,IN,True
8979,Hyderabad,Andhra Pradesh,500049,IN,True
8980,"Ranipet, Vellore Dt",Tamil Nadu,632405,IN,True
8981,Mettupalayam Tiruchirappalli District,Tamil Nadu,621210,IN,True
8982,Jammu,Jammu and Kashmir,180019,IN,True
8983,Porbandar,Gujarat,360577,IN,True
8984,"Pedapadu,Westgodavari",Andhra Pradesh,534437,IN,True
8985,Morshi,Maharashtra,444707,IN,True
8986,Kolkata,West Bengal,700143,IN,True
8987,Jamuhan,Uttar Pradesh,206244,IN,True
8988,Bokaro,Jharkhand,827001,IN,True
8989,Ahmedpur,Maharashtra,413523,IN,True
8990,Ranchi,Jharkhand,835221,IN,True
8991,Salem,Tamil Nadu,636002,IN,True
8992,Pollachi,Tamil Nadu,642114,IN,True
8993,Kanchipuram,Tamil Nadu,631552,IN,True
8994,Palai,Kerala,686573,IN,True
8995,Kottarakkara,Kerala,691505,IN,True
8996,Ghatampur,Uttar Pradesh,209206,IN,True
8997,Secunderab,Telangana,500017,IN,True
8998,Secunderabad,Telangana,500108,IN,True
8999,Nakodar,Punjab,144630,IN,True
9000,Malaut,Punjab,152107,IN,True
9001,Mathura,Uttar Pradesh,281003,IN,True
9002,Tumkur,Karnataka,576101,IN,True
9003,Malappuram,Kerala,676561,IN,True
9004,Pottore,Kerala,680596,IN,True
9005,Malegaon,Maharashtra,423105,IN,True
9006,Tirupathur Vellore District,Tamil Nadu,635602,IN,True
9007,Chinchinim,Goa,403725,IN,True
9008,Gautam Buddha Nagar,Uttar Pradesh,201310,IN,True
9009,"Tadigadapa,Vijayawada",Andhra Pradesh,521137,IN,True
9010,Taliparamba,Kerala,670141,IN,True
9011,Amla,Madhya Pradesh,460553,IN,True
9012,Dakshin Deogaon,West Bengal,735213,IN,True
9013,Gannavaram,Andhra Pradesh,521101,IN,True
9014,Ahmadnagar,Maharashtra,422622,IN,True
9015,Sangareddy,Telangana,502319,IN,True
9016,Belur,West Bengal,711227,IN,True
9017,Navanagar Bagalkot,Karnataka,587103,IN,True
9018,Krishna,Andhra Pradesh,520010,IN,True
9019,Pudupattinam,Tamil Nadu,603127,IN,True
9020,Warangal,Telangana,506015,IN,True
9021,Nattakam,Kerala,686013,IN,True
9022,Ferozpur Cantt,Punjab,152004,IN,True
9023,Yavatmal,Maharashtra,445305,IN,True
9024,"Bhilai-490006, District -Durg ,",Chhattisgarh,490006,IN,True
9025,Mahendragarh,Haryana,123028,IN,True
9026,Chengelpattu,Tamil Nadu,600044,IN,True
9027,"Borivali-West, Mumbai",Maharashtra,400091,IN,True
9028,Barabungallow,Maharashtra,410401,IN,True
9029,Pollachi,Tamil Nadu,642003,IN,True
9030,Malbazar,West Bengal,735221,IN,True
9031,Irinjalakuda,Kerala,680661,IN,True
9032,Pathardi,Maharashtra,414102,IN,True
9033,Nagpur,Maharashtra,440035,IN,True
9034,Nadiad,Gujarat,387370,IN,True
9035,Bhopal,Madhya Pradesh,462044,IN,True
9036,Sirsiya,Uttar Pradesh,273302,IN,True
9037,Delhi,Delhi,110023,IN,True
9038,Medak,Telangana,502336,IN,True
9039,Chengannur,Kerala,689506,IN,True
9040,Hyderabad-47,Telangana,500040,IN,True
9041,Hastinapur,Uttar Pradesh,250404,IN,True
9042,Kamrup,Assam,781028,IN,True
9043,Bidhan Nagar,West Bengal,700098,IN,True
9044,North 24 Parganas,West Bengal,743127,IN,True
9045,Bengaluru-560005,Karnataka,560005,IN,True
9046,Kozhikode,Kerala,673633,IN,True
9047,Gorakhpur,Uttar Pradesh,273006,IN,True
9048,Naya Raipur,Chhattisgarh,492015,IN,True
9049,Samuktola,West Bengal,736206,IN,True
9050,Neura Pequeno,Goa,403104,IN,True
9051,Coimbatore,Tamil Nadu,641032,IN,True
9052,Karunagappally,Kerala,690518,IN,True
9053,Raghogarh,Madhya Pradesh,473226,IN,True
9054,Mandleshwar,Madhya Pradesh,451221,IN,True
9055,Mahrajganj Mahrajganj District,Uttar Pradesh,273303,IN,True
9056,Bengaluru-28,Karnataka,560028,IN,True
9057,Alappuzha,Kerala,688503,IN,True
9058,Chalakudy,Kerala,680722,IN,True
9059,Sanvordem,Goa,403706,IN,True
9060,Puranattukara,Kerala,680553,IN,True
9061,Churhat,Madhya Pradesh,486771,IN,True
9062,"Shikrapur, Pune",Maharashtra,412208,IN,True
9063,Nallajerla,Andhra Pradesh,534112,IN,True
9064,Neyveli,Tamil Nadu,607801,IN,True
9065,Bhattanagar .Liluah .Howrah,West Bengal,711203,IN,True
9066,Chandi Mandir,Haryana,134114,IN,True
9067,Bengaluru,Karnataka,560107,IN,True
9068,Debai,Uttar Pradesh,203393,IN,True
9069,Sanaswadi,Maharashtra,412216,IN,True
9070,"Alagappapuram,Kanyakumari District",Tamil Nadu,629401,IN,True
9071,Karimnagar,Telangana,505472,IN,True
9072,Rayachoty,Andhra Pradesh,516267,IN,True
9073,New Delhi-110033,Delhi,110033,IN,True
9074,Moujpur New Delhi,Delhi,110053,IN,True
9075,Pune,Maharashtra,410516,IN,True
9076,Ulhasnagar.Mumbai,Maharashtra,421004,IN,True
9077,Gautam Buddha Nagar,Uttar Pradesh,201318,IN,True
9078,Basti,Uttar Pradesh,272151,IN,True
9079,"Taluka-Shahapur , Dist- Thane",Maharashtra,421601,IN,True
9080,Cherpu,Kerala,680562,IN,True
9081,Kottayam,Kerala,686517,IN,True
9082,Karungal,Tamil Nadu,629157,IN,True
9083,Lucknow,Uttar Pradesh,226501,IN,True
9084,Kendujhar,Odisha,758023,IN,True
9085,Shadnagar,Telangana,509216,IN,True
9086,North Lakhimpur,Assam,787032,IN,True
9087,Mysuru,Karnataka,570014,IN,True
9088,Cuttack,Odisha,754032,IN,True
9089,Gorakhpur,Odisha,765015,IN,True
9090,Surendranagar,Gujarat,363035,IN,True
9091,Rajgarh Rajgarh District,Madhya Pradesh,465661,IN,True
9092,Karur,Tamil Nadu,639003,IN,True
9093,Hoshiarpur,Punjab,144523,IN,True
9094,Greater Noida,Uttar Pradesh,203201,IN,True
9095,Kodambal,Karnataka,585412,IN,True
9096,Theni,Tamil Nadu,625579,IN,True
9097,Chittur Thathamangalam,Kerala,678531,IN,True
9098,West Godavari,Andhra Pradesh,534260,IN,True
9099,Kakdwip,West Bengal,743347,IN,True
9100,Basti,Uttar Pradesh,272302,IN,True
9101,"Harur (Tk), Dharmapuri (Dt).",Tamil Nadu,636903,IN,True
9102,Bulandshahr,Uttar Pradesh,203392,IN,True
9103,Sinnar,Maharashtra,422103,IN,True
9104,Dharapuram,Tamil Nadu,638656,IN,True
9105,Puthuppally,Kerala,686011,IN,True
9106,Nileshwar,Kerala,671314,IN,True
9107,"Holealur, District: Gadag",Karnataka,582203,IN,True
9108,Kanchipuram,Tamil Nadu,600115,IN,True
9109,Bhadrak,Odisha,756130,IN,True
9110,Chik Ballapur,Karnataka,562101,IN,True
9111,Puri,Odisha,752014,IN,True
9112,Kozhikode,Kerala,673032,IN,True
9113,Kanchepuram,Tamil Nadu,601301,IN,True
9114,Nizamabad,Telangana,503165,IN,True
9115,Nargund,Karnataka,582207,IN,True
9116,Guntur,Andhra Pradesh,522503,IN,True
9117,Nit Faridabad,Haryana,121001,IN,True
9118,Chengannur Alapuzha,Kerala,689521,IN,True
9119,Pune,Maharashtra,412211,IN,True
9120,Bengaluru Rural,Karnataka,562107,IN,True
9121,Bangalore North,Karnataka,560092,IN,True
9122,Satara,Maharashtra,415015,IN,True
9123,Tirukkoyilur,Tamil Nadu,605757,IN,True
9124,Bailhongal,Karnataka,591102,IN,True
9125,Near Kaushalya Vatika Nh2 Etawah,Uttar Pradesh,206001,IN,True
9126,Mysore,Karnataka,570007,IN,True
9127,Pathanamthitta District,Kerala,689544,IN,True
9128,Sukma,Chhattisgarh,494111,IN,True
9129,"Caranzalem, Panjim",Goa,403002,IN,True
9130,Ranebennur,Karnataka,581115,IN,True
9131,Goa,Goa,403717,IN,True
9132,Cherthala City,Kerala,688524,IN,True
9133,Jagatsinghapur,Odisha,754103,IN,True
9134,Kawai,Rajasthan,325219,IN,True
9135,Alappuzha,Kerala,688007,IN,True
9136,Khanapur,Karnataka,591302,IN,True
9137,Margao,Goa,403718,IN,True
9138,Kannamangalam,Tamil Nadu,632311,IN,True
9139,Pandalkudi,Tamil Nadu,626113,IN,True
9140,Dahej Sir,Gujarat,392130,IN,True
9141,L.N.D Peta (Lakshmi Narayana Devi Peta),Andhra Pradesh,534318,IN,True
9142,Bhinmal,Rajasthan,343029,IN,True
9143,Kudchi,Karnataka,591311,IN,True
9144,"Perzaadiguda, Hyderabad",Telangana,500039,IN,True
9145,Bangaluru,Karnataka,560102,IN,True
9146,Malappuram,Kerala,673642,IN,True
9147,Bestawaripeta,Andhra Pradesh,523346,IN,True
9148,"Mahalakshmi Layout, Banagalore",Karnataka,560086,IN,True
9149,Khandala Satara,Maharashtra,412802,IN,True
9150,Galsi,West Bengal,713406,IN,True
9151,Shivnagari Holi Industrial Estate,Himachal Pradesh,176309,IN,True
9152,"Perumchery  Post, Thrissur",Kerala,680306,IN,True
9153,Thrikkakkara,Kerala,682021,IN,True
9154,Rourkela,Odisha,770034,IN,True
9155,Ib Themal Power Plant Banharpali Township,Odisha,768234,IN,True
9156,Ahmed Nagar,Maharashtra,423107,IN,True
9157,Jhalod,Gujarat,389170,IN,True
9158,Karari Chandpur,West Bengal,732201,IN,True
9159,Magadi,Karnataka,562120,IN,True
9160,Sector 22 B,Chandigarh,160022,IN,True
9161,Trivandrum,Kerala,695013,IN,True
9162,Korba,Chhattisgarh,495684,IN,True
9163,Nagal Chaudhry,Haryana,123023,IN,True
9164,"Penumur, Chittoor",Andhra Pradesh,517126,IN,True
9165,West Patel Nagar,Delhi,110008,IN,True
9166,Jalandhar,Punjab,144021,IN,True
9167,"Chandannagar, District - Hooghly",West Bengal,712136,IN,True
9168,Narsimhapur,Madhya Pradesh,487001,IN,True
9169,Bhandup East Mumbai,Maharashtra,400042,IN,True
9170,"Raxaul, East Champaran, Pin-845305",Bihar,845305,IN,True
9171,Karwi Chitrakoot,Uttar Pradesh,210205,IN,True
9172,"Somanur,Karumathampatti",Tamil Nadu,641668,IN,True
9173,Salem,Tamil Nadu,636010,IN,True
9174,Nashik,Maharashtra,422222,IN,True
9175,Erayamkudy,Kerala,680308,IN,True
9176,Challakere,Karnataka,577522,IN,True
9177,Noida Extension,Uttar Pradesh,201307,IN,True
9178,Bokaro Thermal,Jharkhand,829107,IN,True
9179,Nanpara,Uttar Pradesh,271865,IN,True
9180,Karoran,Punjab,140901,IN,True
9181,"Bangihati, Po-Mallickpara,Serampore",West Bengal,712203,IN,True
9182,Old Goa,Goa,403110,IN,True
9183,Kalaburgi,Karnataka,585106,IN,True
9184,Aruppukkottai,Tamil Nadu,626101,IN,True
9185,Ballia,Uttar Pradesh,277506,IN,True
9186,Rudrapur,Uttar Pradesh,274204,IN,True
9187,Trissur,Kerala,680010,IN,True
9188,Shivamoga,Karnataka,577424,IN,True
9189,Ghaziabad Up,Uttar Pradesh,201002,IN,True
9190,Ramgarh Cantt,Jharkhand,829122,IN,True
9191,Batlagundu,Tamil Nadu,624202,IN,True
9192,Sekmai Bazar,Manipur,795136,IN,True
9193,Kalliasseri,Kerala,670331,IN,True
9194,Rukadi,Maharashtra,416118,IN,True
9195,Maddur,Karnataka,571422,IN,True
9196,Veerakkalpudur,Tamil Nadu,636402,IN,True
9197,Bulandshahr,Uttar Pradesh,203389,IN,True
9198,Chennai 600042,Tamil Nadu,600042,IN,True
9199,Halashi,Karnataka,591120,IN,True
9200,Martur,Andhra Pradesh,523301,IN,True
9201,Sukhia Pokhari,West Bengal,734221,IN,True
9202,Thrissur,Kerala,680541,IN,True
9203,Vaniyambadi Tirpattur District,Tamil Nadu,635752,IN,True
9204,Batika,West Bengal,712134,IN,True
9205,Oodlabari,West Bengal,735222,IN,True
9206,Songadh Tapi District,Gujarat,394670,IN,True
9207,Perumbala,Kerala,671317,IN,True
9208,Baghpat,Uttar Pradesh,250620,IN,True
9209,Kasaragod,Kerala,671317,IN,True
9210,Adityapur/ Jamshedpur,Jharkhand,831013,IN,True
9211,Bangalore,Karnataka,560002,IN,True
9212,Maharajganj,Uttar Pradesh,273302,IN,True
9213,"Kakkanad, Ernakulam",Kerala,682030,IN,True
9214,Uttara Kannada,Karnataka,581365,IN,True
9215,Bandhbahal,Odisha,768211,IN,True
9216,Ballarpur,Maharashtra,442401,IN,True
9217,Coimb,Tamil Nadu,641034,IN,True
9218,Kolkata 700078,West Bengal,700078,IN,True
9219,Kolkata - 700028,West Bengal,700028,IN,True
9220,Kizhakkummuri,Kerala,680571,IN,True
9221,Nilambur Kalikavu,Kerala,676525,IN,True
9222,Kushinagar,Uttar Pradesh,274207,IN,True
9223,Badnagar Jill Ujjain,Madhya Pradesh,456771,IN,True
9224,Ernakulam,Kerala,683513,IN,True
9225,Kureekkad,Kerala,682305,IN,True
9226,Bargur,Tamil Nadu,635104,IN,True
9227,Jobat,Madhya Pradesh,457990,IN,True
9228,Katpadi,Tamil Nadu,632007,IN,True
9229,Maharajganj,Uttar Pradesh,273310,IN,True
9230,Indoreindore,Madhya Pradesh,452012,IN,True
9231,"Chaul,Katkar Ali,Alibag,Raigad",Maharashtra,402203,IN,True
9232,Kuraoli,Uttar Pradesh,205265,IN,True
9233,"Bengaluru,",Karnataka,560043,IN,True
9234,Punganur,Andhra Pradesh,517247,IN,True
9235,Thirupporur,Tamil Nadu,603110,IN,True
9236,Pathanamthitta,Kerala,689615,IN,True
9237,Pune,Maharashtra,412110,IN,True
9238,Gajapathinagaram,Andhra Pradesh,535270,IN,True
9239,Khariar,Odisha,766107,IN,True
9240,Mumbai - 400092.,Maharashtra,400092,IN,True
9241,Aluva,Kerala,683106,IN,True
9242,Sarairanjan,Bihar,848127,IN,True
9243,Gtb Nagar,Delhi,110009,IN,True
9244,Nagpur,Maharashtra,441401,IN,True
9245,Chikkaballapur,Karnataka,561228,IN,True
9246,Ernakulam,Kerala,682312,IN,True
9247,Cuttack,Odisha,754221,IN,True
9248,Haridwar,Uttarakhand,249402,IN,True
9249,Sanivarapupeta,Andhra Pradesh,534003,IN,True
9250,Hejamadi,Karnataka,574103,IN,True
9251,Gudipala,Andhra Pradesh,517132,IN,True
9252,Sikandra Rao Hathras,Uttar Pradesh,204215,IN,True
9253,Bhel Haridwar,Uttarakhand,249403,IN,True
9254,Jeypore,Odisha,764001,IN,True
9255,Suriyampalayam,Tamil Nadu,638316,IN,True
9256,Nandyala District,Andhra Pradesh,518124,IN,True
9257,Surat,Gujarat,394230,IN,True
9258,Kurnool,Andhra Pradesh,518145,IN,True
9259,Vadipatti,Tamil Nadu,625218,IN,True
9260,Bagodar,Jharkhand,825322,IN,True
9261,Shikohabad,Uttar Pradesh,283141,IN,True
9262,Mumbai,Maharashtra,400705,IN,True
9263,Banga,Punjab,144505,IN,True
9264,Angul,Odisha,759145,IN,True
9265,Nilgiris,Tamil Nadu,643001,IN,True
9266,Tehri,Uttarakhand,249124,IN,True
9267,Mumbai 400064,Maharashtra,400064,IN,True
9268,Rangampeta,Andhra Pradesh,533291,IN,True
9269,Chhindwara,Madhya Pradesh,480003,IN,True
9270,"Kanchikacherla, Krishna District",Andhra Pradesh,521180,IN,True
9271,Kognoli,Karnataka,591229,IN,True
9272,Salt Lake City,West Bengal,700064,IN,True
9273,Venmony,Kerala,689509,IN,True
9274,New Delhi 110023,Delhi,110023,IN,True
9275,Virar East,Maharashtra,401303,IN,True
9276,Nirjuli,Arunachal Pradesh,791109,IN,True
9277,Kovalam,Kerala,695527,IN,True
9278,Bishnugarh,Jharkhand,825312,IN,True
9279,Gandhinagar,Gujarat,382024,IN,True
9280,Williamnagar,Meghalaya,794111,IN,True
9281,Indian Tehephone Industry Mankapur,Uttar Pradesh,271308,IN,True
9282,Ottappalam,Kerala,679302,IN,True
9283,Contai,West Bengal,721455,IN,True
9284,Kannur,Kerala,670008,IN,True
9285,Shivamogga,Karnataka,577436,IN,True
9286,Bavla,Gujarat,382220,IN,True
9287,Bhiwani,Haryana,127029,IN,True
9288,Nellore,Andhra Pradesh,524222,IN,True
9289,Tiswadi,Goa,403005,IN,True
9290,South Goa,Goa,403721,IN,True
9291,Buldana,Maharashtra,443001,IN,True
9292,Digras,Maharashtra,413517,IN,True
9293,Greater Noida(West) Sector 1,Uttar Pradesh,201308,IN,True
9294,Pathanamthitta,Kerala,689693,IN,True
9295,"Boduppal, Hyderabad - 92",Telangana,500092,IN,True
9296,Kozhikode,Kerala,673015,IN,True
9297,Chengalpattu Taluk,Tamil Nadu,603202,IN,True
9298,Thoothukkudi,Tamil Nadu,628904,IN,True
9299,Ashoknagar,Madhya Pradesh,473331,IN,True
9300,Talegaon Dhamdhere Bazaarmaidaan,Maharashtra,412208,IN,True
9301,Chandannagar,West Bengal,712102,IN,True
9302,Bhatinda,Punjab,151004,IN,True
9303,Kolkata,West Bengal,700111,IN,True
9304,Nizamabad,Telangana,503230,IN,True
9305,Kottayam,Kerala,686564,IN,True
9306,Delhi,Delhi,110029,IN,True
9307,Nalla-Sopara,Maharashtra,401203,IN,True
9308,Bardhaman,West Bengal,713205,IN,True
9309,Holehonnur,Karnataka,577227,IN,True
9310,Kunnamkulam,Kerala,680517,IN,True
9311,Pitampura,Delhi,110034,IN,True
9312,Agra,Uttar Pradesh,283125,IN,True
9313,Pune,Maharashtra,412306,IN,True
9314,Mehmedabad,Gujarat,387130,IN,True
9315,Gulbarga,Karnataka,585313,IN,True
9316,Mumbai,Maharashtra,421202,IN,True
9317,"Kharghar,Navi Mumbai",Maharashtra,410210,IN,True
9318,Gooty,Andhra Pradesh,515401,IN,True
9319,Margao Salcete,Goa,403720,IN,True
9320,Bhushan Steel Plant Meramandali Township,Odisha,759121,IN,True
9321,Prayagraj,Uttar Pradesh,211011,IN,True
9322,Khairagarh,Chhattisgarh,491881,IN,True
9323,Mysuru,Karnataka,570012,IN,True
9324,"Perumanallur, Tirupur",Tamil Nadu,641666,IN,True
9325,Pathanamthitta,Kerala,689503,IN,True
9326,Nellore,Andhra Pradesh,524240,IN,True
9327,Thanjavur,Tamil Nadu,613009,IN,True
9328,Aurangabad,Maharashtra,431133,IN,True
9329,Nizamabad,Telangana,503306,IN,True
9330,Amethi,Uttar Pradesh,227817,IN,True
9331,Kulada,Odisha,761131,IN,True
9332,Angamaly,Kerala,683574,IN,True
9333,Raipur Bazar,West Bengal,722134,IN,True
9334,"Kondapur, Hyderabad",Andhra Pradesh,500084,IN,True
9335,Munnar,Kerala,685565,IN,True
9336,Tenali,Andhra Pradesh,522202,IN,True
9337,Kottakuppam,Tamil Nadu,605104,IN,True
9338,Thane(Near Kalyan),Maharashtra,421204,IN,True
9339,Dist- Paschim Medinipore,West Bengal,721133,IN,True
9340,Talwandi Sabo,Punjab,151302,IN,True
9341,Phulabani,Odisha,762029,IN,True
9342,Amrath,Bihar,811313,IN,True
9343,Kurumpilavu,Kerala,680564,IN,True
9344,Raya,Uttar Pradesh,281204,IN,True
9345,Eranakulam,Kerala,682021,IN,True
9346,Davanagere,Karnataka,577230,IN,True
9347,Shimla,Himachal Pradesh,172001,IN,True
9348,"Pen, Dist : Raigad",Maharashtra,402107,IN,True
9349,Pune 411038,Maharashtra,411038,IN,True
9350,New Delhi 41,Delhi,110041,IN,True
9351,South Goa,Goa,403709,IN,True
9352,Charhi,Jharkhand,825336,IN,True
9353,Kodagu Dist,Karnataka,571216,IN,True
9354,Thane-West,Maharashtra,400606,IN,True
9355,Mathura,Uttar Pradesh,281204,IN,True
9356,Kolhapur,Maharashtra,416223,IN,True
9357,Jajpur Road,Odisha,755019,IN,True
9358,Kannur,Kerala,670641,IN,True
9359,"New Panvel, Navi Mumbai, Raigad Dist.",Maharashtra,410206,IN,True
9360,"Kharghar,",Maharashtra,410210,IN,True
9361,Firozpur,Punjab,152001,IN,True
9362,Lakheri,Rajasthan,323603,IN,True
9363,Gautam Buddha Nagar,Uttar Pradesh,201303,IN,True
9364,Balussery,Kerala,673612,IN,True
9365,Ampati,Meghalaya,794105,IN,True
9366,"Liluah,Howrah",West Bengal,711203,IN,True
9367,Mallawan,Uttar Pradesh,241303,IN,True
9368,Kangra,Himachal Pradesh,176025,IN,True
9369,Karkal,Karnataka,576117,IN,True
9370,Anaparthy,Andhra Pradesh,533264,IN,True
9371,Nellore,Andhra Pradesh,524123,IN,True
9372,Joginder Nagar,Himachal Pradesh,175015,IN,True
9373,Sarsawan,Uttar Pradesh,247232,IN,True
9374,Bantval,Karnataka,574265,IN,True
9375,Chatra,Jharkhand,825401,IN,True
9376,Thuraiyur,Tamil Nadu,621008,IN,True
9377,Samastipur,Bihar,848205,IN,True
9378,Pallana Gari Palli,Andhra Pradesh,516504,IN,True
9379,Allahabad,Uttar Pradesh,211015,IN,True
9380,Dilshad Garden,Delhi,110095,IN,True
9381,Koraput,Odisha,764044,IN,True
9382,Amritsar,Punjab,143514,IN,True
9383,Pavagada,Karnataka,561202,IN,True
9384,Supela Bhilai,Chhattisgarh,490023,IN,True
9385,Kirti Nagar,Delhi,110015,IN,True
9386,Nawanshahr,Punjab,144524,IN,True
9387,Roha Midc,Maharashtra,402116,IN,True
9388,Goregaon East,Maharashtra,400063,IN,True
9389,Achampet,Telangana,509375,IN,True
9390,Thrissur,Kerala,680621,IN,True
9391,Dakor,Gujarat,388225,IN,True
9392,Adra,West Bengal,723121,IN,True
9393,Changanacherry,Kerala,686101,IN,True
9394,Khanakul I,West Bengal,712613,IN,True
9395,Bhilai Nagar,Chhattisgarh,490006,IN,True
9396,Kharagpur,West Bengal,721145,IN,True
9397,Amethi,Uttar Pradesh,227412,IN,True
9398,Thiruvalla,Kerala,689582,IN,True
9399,"Kandivali (W), Mumbai",Maharashtra,400067,IN,True
9400,Guntur District,Andhra Pradesh,522213,IN,True
9401,Kendrapara,Odisha,754142,IN,True
9402,Nadaun,Himachal Pradesh,177033,IN,True
9403,Chendamangalam,Kerala,680734,IN,True
9404,"Kanuvai, Coimbatore",Tamil Nadu,641108,IN,True
9405,Jangipur,West Bengal,742225,IN,True
9406,Vaddakkankulam,Tamil Nadu,627116,IN,True
9407,"Rallaguda Bridge, Besides Mallikarjuna Marbles And",Telangana,501218,IN,True
9408,"Gautam Buddha Nagar,Noida",Uttar Pradesh,201301,IN,True
9409,Punnapara,Kerala,688003,IN,True
9410,Uliyazhathura,Kerala,695587,IN,True
9411,Marihan,Uttar Pradesh,231309,IN,True
9412,Ponnani,Kerala,679586,IN,True
9413,Mahilpur,Punjab,146107,IN,True
9414,Seethanagaram,Andhra Pradesh,533287,IN,True
9415,Dera Bassi,Punjab,140507,IN,True
9416,Sivaganga,Tamil Nadu,630562,IN,True
9417,Terdal,Karnataka,587315,IN,True
9418,Hoshiarpur,Punjab,144527,IN,True
9419,Gurgaun,Haryana,122001,IN,True
9420,Coimbatore,Tamil Nadu,641010,IN,True
9421,Sitamarhi,Bihar,843301,IN,True
9422,Nayathod Angamaly,Kerala,683572,IN,True
9423,Somasundarapalaya,Karnataka,560102,IN,True
9424,Mejia Thermal Power Township,West Bengal,722183,IN,True
9425,Wani,Maharashtra,445304,IN,True
9426,Mananthavady,Kerala,670646,IN,True
9427,Thoppippala,Kerala,685511,IN,True
9428,Kochi,Kerala,682508,IN,True
9429,Bangalore,Karnataka,560063,IN,True
9430,Chumukedima,Nagaland,797103,IN,True
9431,Bhadrak,Odisha,756116,IN,True
9432,Ramanathapuram,Tamil Nadu,623534,IN,True
9433,Musalgaon Midc,Maharashtra,422112,IN,True
9434,Waghai,Gujarat,394730,IN,True
9435,Berhampur,Odisha,761002,IN,True
9436,Delhi,Delhi,110056,IN,True
9437,Mira Road.....,Maharashtra,401107,IN,True
9438,Thrissur,Kerala,680699,IN,True
9439,"Vikas Puri, F Block",Delhi,110018,IN,True
9440,Manjhana,Uttar Pradesh,209504,IN,True
9441,Mumbai Maharashtra,Maharashtra,400104,IN,True
9442,Murshidabad,West Bengal,742406,IN,True
9443,Ponmanai,Tamil Nadu,629161,IN,True
9444,Azamgarh,Uttar Pradesh,223224,IN,True
9445,Cherthala,Kerala,688527,IN,True
9446,Badgam,Jammu and Kashmir,191111,IN,True
9447,Pathanamthitta,Kerala,689582,IN,True
9448,Nizar (Bardoli),Gujarat,394350,IN,True
9449,Eral,Tamil Nadu,628802,IN,True
9450,Zamania,Uttar Pradesh,232340,IN,True
9451,Punepune,Maharashtra,411041,IN,True
9452,"Pimple Saudagar, Pune",Maharashtra,411027,IN,True
9453,Dicarpali - Navelim,Goa,403707,IN,True
9454,Chittoor,Andhra Pradesh,517129,IN,True
9455,Athirampuzha,Kerala,686601,IN,True
9456,Gossaigaon,Assam,783360,IN,True
9457,Banaganapalle,Andhra Pradesh,518124,IN,True
9458,Bhopal,Madhya Pradesh,462047,IN,True
9459,Chikkbalapura,Karnataka,562103,IN,True
9460,Pathanamthitta,Kerala,689663,IN,True
9461,Raver,Maharashtra,425508,IN,True
9462,Cuddalore,Tamil Nadu,607006,IN,True
9463,Ambala,Haryana,133207,IN,True
9464,Nanded,Maharashtra,431603,IN,True
9465,Chandigarh,Chandigarh,160043,IN,True
9466,Baragaon,Uttar Pradesh,221204,IN,True
9467,Patiala,Punjab,140412,IN,True
9468,Pathanamthitta,Kerala,689513,IN,True
9469,Indipur,Odisha,759025,IN,True
9470,Haridwar,Uttarakhand,249404,IN,True
9471,Kundli Tdi City Kingsbury,Haryana,131028,IN,True
9472,Mumbai 400 020,Maharashtra,400020,IN,True
9473,Ernakulam,Kerala,682306,IN,True
9474,Ukwa,Madhya Pradesh,481105,IN,True
9475,Elampalloor,Kerala,691014,IN,True
9476,Solapur,Maharashtra,413007,IN,True
9477,Akurdi,Maharashtra,411033,IN,True
9478,Wada,Maharashtra,421303,IN,True
9479,Baghpat,Uttar Pradesh,250619,IN,True
9480,Dombivili,Maharashtra,421204,IN,True
9481,Thrissur,Kerala,680569,IN,True
9482,Chennai.600073.,Tamil Nadu,600073,IN,True
9483,Beawer,Rajasthan,305901,IN,True
9484,Vizianagaram,Andhra Pradesh,535217,IN,True
9485,Rae Bareli,Uttar Pradesh,229304,IN,True
9486,Puducherry 605001,Puducherry,605001,IN,True
9487,Bengaluru,Karnataka,562114,IN,True
9488,Gotamara,Odisha,759128,IN,True
9489,Maurawan Road Lucknow,Uttar Pradesh,226301,IN,True
9490,Palakkarai,Tamil Nadu,638057,IN,True
9491,Ugar Khurd,Karnataka,591316,IN,True
9492,Bhokar,Maharashtra,431801,IN,True
9493,Raipur,Chhattisgarh,493111,IN,True
9494,Barkagaw,Jharkhand,825311,IN,True
9495,"Payyanur, Kannur",Kerala,670307,IN,True
9496,Badkagaw,Jharkhand,825311,IN,True
9497,Tarntaran,Punjab,143411,IN,True
9498,"Vasai, Thane",Maharashtra,401201,IN,True
9499,"Nizampet Village, Ranga Reddy District, Hyderabad",Telangana,500090,IN,True
9500,"Nerul East, Navi Mumbai",Maharashtra,400706,IN,True
9501,Kalkulam,Tamil Nadu,629809,IN,True
9502,Verna,Goa,403710,IN,True
9503,"Namli, Tehsil-Ratlam, Dist. Ratlam",Madhya Pradesh,457222,IN,True
9504,Chamarajanagara,Karnataka,571128,IN,True
9505,Guwahati,Assam,781039,IN,True
9506,Aalo,Arunachal Pradesh,791001,IN,True
9507,New Delhi-35,Delhi,110035,IN,True
9508,Patna,Bihar,800011,IN,True
9509,Chittoor,Andhra Pradesh,517319,IN,True
9510,"Thakurli East,Kalyan",Maharashtra,421201,IN,True
9511,Ludhiana,Punjab,142021,IN,True
9512,Thane West,Maharashtra,400604,IN,True
9513,Borivali West Mumbai,Maharashtra,400103,IN,True
9514,Mumbai- 400054,Maharashtra,400054,IN,True
9515,Behea,Bihar,802152,IN,True
9516,Siddipet,Telangana,502279,IN,True
9517,Vadakkekara,Kerala,683522,IN,True
9518,Ratti Industrial Area,Himachal Pradesh,175008,IN,True
9519,Nagapattinam,Tamil Nadu,611110,IN,True
9520,Aamby Valley,Maharashtra,410401,IN,True
9521,Ramgarh Canttoment,Jharkhand,829122,IN,True
9522,North 24 Parganas,West Bengal,700110,IN,True
9523,Kannur,Kerala,670011,IN,True
9524,Balehonnur,Karnataka,577112,IN,True
9525,Podakkudi,Tamil Nadu,614103,IN,True
9526,Guntur District,Andhra Pradesh,522601,IN,True
9527,Chunar,Uttar Pradesh,231305,IN,True
9528,Howrah,West Bengal,711203,IN,True
9529,Chittoor District,Andhra Pradesh,517417,IN,True
9530,Kannauj,Uttar Pradesh,209722,IN,True
9531,Alwar,Rajasthan,301406,IN,True
9532,Sambalpur,Odisha,768003,IN,True
9533,Shimoga,Karnataka,577211,IN,True
9534,Gurdaspur,Punjab,143512,IN,True
9535,Kasargod,Kerala,671313,IN,True
9536,Kishanganj,Bihar,855108,IN,True
9537,Nalasopara West,Maharashtra,401203,IN,True
9538,Leh Ladakh,Ladakh,194101,IN,True
9539,Vaibhawadi,Maharashtra,416810,IN,True
9540,Shahjahanpur,Rajasthan,301706,IN,True
9541,"Ongole, Prakasam Dist",Andhra Pradesh,523002,IN,True
9542,Nanded Waghala,Maharashtra,445103,IN,True
9543,Guru Har Sahai,Punjab,152022,IN,True
9544,Mumbai Mumbai,Maharashtra,400074,IN,True
9545,Thuvakudi,Tamil Nadu,620015,IN,True
9546,Chandigarh,Punjab,160055,IN,True
9547,Satwas,Madhya Pradesh,455459,IN,True
9548,Alwar,Rajasthan,301709,IN,True
9549,Sidlaghatta,Karnataka,562105,IN,True
9550,Ongole,Andhra Pradesh,523280,IN,True
9551,"Nelamangala Taluk ,Bengaluru",Karnataka,562123,IN,True
9552,Bongaigaon,Assam,783385,IN,True
9553,Barauni Ioc Township,Bihar,851134,IN,True
9554,Ahmedabad,Gujarat,382421,IN,True
9555,Bihar Begusarai District,Bihar,851210,IN,True
9556,"Urapakkam,Kanchipuram",Tamil Nadu,603202,IN,True
9557,Kurnool Dist,Andhra Pradesh,518405,IN,True
9558,Hyderabadyderabad,Telangana,500090,IN,True
9559,Rewa,Madhya Pradesh,486003,IN,True
9560,Kozhikode,Kerala,673011,IN,True
9561,Devgad,Maharashtra,416613,IN,True
9562,Vadakkummuri,Kerala,680567,IN,True
9563,Imphal,Manipur,795114,IN,True
9564,Hyderabad,Andhra Pradesh,500059,IN,True
9565,Kanchipuram,Tamil Nadu,600122,IN,True
9566,Ranaghat,West Bengal,741504,IN,True
9567,"Kottakkal, Malappuram",Kerala,676503,IN,True
9568,Rajpipla,Gujarat,393145,IN,True
9569,Mannarkad,Kerala,678583,IN,True
9570,Rudranagar,West Bengal,731238,IN,True
9571,Mukanpur,Punjab,144507,IN,True
9572,Wanjrwada,Maharashtra,413514,IN,True
9573,Lakhni,Maharashtra,441804,IN,True
9574,Attur,Tamil Nadu,636102,IN,True
9575,Anklav,Gujarat,388510,IN,True
9576,Pimpri Pune,Maharashtra,411018,IN,True
9577,Pimpri Chinchwad,Maharashtra,411062,IN,True
9578,New Delhi 110070,Delhi,110070,IN,True
9579,Bhatpara,West Bengal,743125,IN,True
9580,Mangapur,Uttar Pradesh,230125,IN,True
9581,Bandoan,West Bengal,723129,IN,True
9582,Hatkanangle,Maharashtra,416109,IN,True
9583,Kolkata 56,West Bengal,700056,IN,True
9584,Ahmednagar,Maharashtra,414005,IN,True
9585,Amdanga,West Bengal,743126,IN,True
9586,Thrissur,Kerala,680563,IN,True
9587,Mangalore,Karnataka,575022,IN,True
9588,Bangalore,Karnataka,560080,IN,True
9589,Aquem Margao,Goa,403601,IN,True
9590,Adoor,Kerala,691523,IN,True
9591,Ukhra,West Bengal,713363,IN,True
9592,Ramganj Mandi,Rajasthan,326519,IN,True
9593,Barasat,West Bengal,700128,IN,True
9594,Bhimavaram,Andhra Pradesh,534208,IN,True
9595,Habra,West Bengal,743263,IN,True
9596,Mandsaur,Madhya Pradesh,458001,IN,True
9597,Eranakulam,Kerala,682308,IN,True
9598,Koppal,Karnataka,583279,IN,True
9599,Kancheepuram,Tamil Nadu,631552,IN,True
9600,Tirupathi,Andhra Pradesh,517502,IN,True
9601,Tirupathi,Andhra Pradesh,517507,IN,True
9602,Thiruvananthapuram,Kerala,695133,IN,True
9603,Warangal,Telangana,506005,IN,True
9604,Visakhapatnam,Andhra Pradesh,531040,IN,True
9605,Anantapur,Andhra Pradesh,515261,IN,True
9606,Kottayam,Kerala,686017,IN,True
9607,Raipur,Chhattisgarh,492014,IN,True
9608,Bangalore,Karnataka,562125,IN,True
9609,Katihar,Bihar,854106,IN,True
9610,Gulaothi Distt. Bulandshahar,Uttar Pradesh,245408,IN,True
9611,Dharmaj,Gujarat,388430,IN,True
9612,Ysr District,Andhra Pradesh,516162,IN,True
9613,Ernakulam,Kerala,683511,IN,True
9614,Chengam,Tamil Nadu,606701,IN,True
9615,Thrissur,Kerala,680505,IN,True
9616,Maigal Ganj,Uttar Pradesh,261505,IN,True
9617,Bengaluru,Karnataka,560088,IN,True
9618,Barh,Bihar,803214,IN,True
9619,"Parvathynagar, Old Perungalathore",Tamil Nadu,600063,IN,True
9620,Bally,West Bengal,711202,IN,True
9621,Deeg,Rajasthan,321203,IN,True
9622,Chanthavila,Kerala,695584,IN,True
9623,Puducherry,Puducherry,607402,IN,True
9624,Bijainagar Ajmer District,Rajasthan,305624,IN,True
9625,Chennai,Tamil Nadu,600025,IN,True
9626,Cbd Belapur Navi Mumbai,Maharashtra,400614,IN,True
9627,Port Blair,Andaman and Nicobar Islands,744107,IN,True
9628,Kukatpally,Telangana,500085,IN,True
9629,Bhadrak,Odisha,756101,IN,True
9630,Kunda,Uttar Pradesh,230204,IN,True
9631,"Judicial Layout, Bengaluru",Karnataka,560065,IN,True
9632,Dombivli (West),Maharashtra,421202,IN,True
9633,Salcete,Goa,403715,IN,True
9634,Perundurai,Tamil Nadu,638052,IN,True
9635,Sonarpur Bazar,West Bengal,700150,IN,True
9636,Vizianagaram,Andhra Pradesh,535005,IN,True
9637,Islampur,Bihar,801303,IN,True
9638,Mancherial,Telangana,504209,IN,True
9639,Palakkad,Kerala,678510,IN,True
9640,Davanagere,Karnataka,577215,IN,True
9641,Barrackpor,West Bengal,700118,IN,True
9642,Bindki Fatehpur,Uttar Pradesh,212663,IN,True
9643,Koida,Odisha,770048,IN,True
9644,Rangareddy,Telangana,500049,IN,True
9645,Bajrang Nagar Gali No 9 Nagpur,Maharashtra,440027,IN,True
9646,Bodhan,Telangana,503185,IN,True
9647,Magadi.,Karnataka,562120,IN,True
9648,Amb,Himachal Pradesh,177203,IN,True
9649,"Laukaha , Madhubani",Bihar,847421,IN,True
9650,Kolhar,Maharashtra,413710,IN,True
9651,Hamirpur,Uttar Pradesh,210301,IN,True
9652,Anantapur,Andhra Pradesh,515331,IN,True
9653,Palakkad,Kerala,678508,IN,True
9654,Mansurpur,Uttar Pradesh,251203,IN,True
9655,Arkalgud,Karnataka,573102,IN,True
9656,Calicut,Kerala,673032,IN,True
9657,Kannad,Maharashtra,431103,IN,True
9658,"Kalewadi, Pimpri Chinchwad, Pune",Maharashtra,411017,IN,True
9659,"Newtown, Kolkata",West Bengal,700156,IN,True
9660,Malappuram,Kerala,679334,IN,True
9661,Chalsigaon,Maharashtra,424101,IN,True
9662,Coochbehar,West Bengal,736171,IN,True
9663,Guntur,Andhra Pradesh,522201,IN,True
9664,"Vashi Koparkhairane Road, Navi Mumbai",Maharashtra,400709,IN,True
9665,New Tehri,Uttarakhand,249001,IN,True
9666,Newdelhi,Delhi,110085,IN,True
9667,Delhi-92.,Delhi,110092,IN,True
9668,Kolkata-700101,West Bengal,700101,IN,True
9669,Lakhimpur Kheri,Uttar Pradesh,262903,IN,True
9670,Thrissur,Kerala,680570,IN,True
9671,Bangalore,Karnataka,560069,IN,True
9672,Banmor Morena,Madhya Pradesh,476444,IN,True
9673,North 24 Parganas,West Bengal,700156,IN,True
9674,Dombivli(West),Maharashtra,421202,IN,True
9675,Coimbatore,Tamil Nadu,641201,IN,True
9676,Thiruvananthapuram,Kerala,695304,IN,True
9677,Kollam,Kerala,691010,IN,True
9678,Ahmedabad,Gujarat,380019,IN,True
9679,Ongallur Ii,Kerala,679303,IN,True
9680,Bally,West Bengal,711205,IN,True
9681,Vishakapatnam,Andhra Pradesh,530046,IN,True
9682,"Hanur, Kollegal Tq, Chamarajanagar District",Karnataka,571439,IN,True
9683,Mohal,Himachal Pradesh,175126,IN,True
9684,Cherukunnu,Kerala,670331,IN,True
9685,Papparapatti Dharmapuri District,Tamil Nadu,636809,IN,True
9686,Chagallu Mandal,Andhra Pradesh,534342,IN,True
9687,Devikulam,Kerala,685561,IN,True
9688,Keskal,Chhattisgarh,494331,IN,True
9689,"Chekkanoorani, Madurai",Tamil Nadu,625514,IN,True
9690,Cuttack,Odisha,754294,IN,True
9691,Kamrup,Assam,781004,IN,True
9692,Palakkad,Kerala,679101,IN,True
9693,Panskura,West Bengal,721152,IN,True
9694,Bhikhiwind,Punjab,143303,IN,True
9695,Kannauj,Uttar Pradesh,209727,IN,True
9696,Jhargram,West Bengal,721507,IN,True
9697,Waidhan,Madhya Pradesh,486886,IN,True
9698,Post-Bokaro Thermal Dist- Bokaro,Jharkhand,829107,IN,True
9699,Kottayam,Kerala,686538,IN,True
9700,"Hayathnagar, Hyderabad",Telangana,501505,IN,True
9701,Robertsonpet,Karnataka,563120,IN,True
9702,Kanti,Bihar,843109,IN,True
9703,Sangli,Maharashtra,416414,IN,True
9704,Arakonam,Tamil Nadu,631006,IN,True
9705,Guntur,Andhra Pradesh,522018,IN,True
9706,Shahabad,Uttar Pradesh,241124,IN,True
9707,Sukhsar,Gujarat,389190,IN,True
9708,Chinchwad-Pune,Maharashtra,411033,IN,True
9709,Bharatpur,Rajasthan,321026,IN,True
9710,Bhojpur,Bihar,802301,IN,True
9711,Greater Noida West Sec 2,Uttar Pradesh,201305,IN,True
9712,"Egattur, Chennai",Tamil Nadu,603103,IN,True
9713,Baidyabati,West Bengal,712222,IN,True
9714,Harindanga,West Bengal,741139,IN,True
9715,Alappuzha,Kerala,689571,IN,True
9716,Eravattur,Kerala,673524,IN,True
9717,Narasapur,Andhra Pradesh,534280,IN,True
9718,Nai Bazar,Uttar Pradesh,221409,IN,True
9719,Solapur,Maharashtra,413202,IN,True
9720,Bid,Maharashtra,431122,IN,True
9721,Bangalore,Karnataka,560082,IN,True
9722,Chinnagottigallu,Andhra Pradesh,517194,IN,True
9723,Delhi,Delhi,110018,IN,True
9724,Dhaniyanicheruvu.Village,Andhra Pradesh,515521,IN,True
9725,Niwari,Madhya Pradesh,472442,IN,True
9726,Bhimavaram,Andhra Pradesh,534204,IN,True
9727,Nimapada,Odisha,752106,IN,True
9728,Moga,Punjab,151208,IN,True
9729,Perakam,Kerala,680505,IN,True
9730,Gudalur,Tamil Nadu,643212,IN,True
9731,Talwara,Punjab,144216,IN,True
9732,Choornikkara,Kerala,683112,IN,True
9733,"Shirur Kasar, Bid",Maharashtra,413249,IN,True
9734,Ribandar,Goa,403006,IN,True
9735,Bolpur,West Bengal,731235,IN,True
9736,Hms Colony Madurai,Tamil Nadu,625016,IN,True
9737,Arvi,Maharashtra,415116,IN,True
9738,"Samarvarni, Silvassa",Dadra and Nagar Haveli and Daman and Diu,396230,IN,True
9739,Ghansoli,Maharashtra,400701,IN,True
9740,Sanjan,Gujarat,396150,IN,True
9741,Barara,Haryana,133201,IN,True
9742,Rayaparthi,Telangana,506314,IN,True
9743,Lalganj,Uttar Pradesh,230139,IN,True
9744,Morjim,Goa,403512,IN,True
9745,Via Kalliasseri,Kerala,670562,IN,True
9746,"Sector 3, Salt Lake , Kolkata",West Bengal,700097,IN,True
9747,Nanded Waghala,Maharashtra,431603,IN,True
9748,Chitrakoot,Uttar Pradesh,210204,IN,True
9749,Srinagar,Jammu and Kashmir,190008,IN,True
9750,Gajiyabad,Uttar Pradesh,201102,IN,True
9751,Dharni,Maharashtra,444702,IN,True
9752,Bahirgram,West Bengal,721152,IN,True
9753,Tapan,West Bengal,733127,IN,True
9754,Medak,Telangana,502314,IN,True
9755,Bhiwani,Haryana,127031,IN,True
9756,Howrah,West Bengal,711205,IN,True
9757,"Vallabh Vidyanagar, Anand",Gujarat,388120,IN,True
9758,Santaldih,West Bengal,723146,IN,True
9759,Pondicherry,Puducherry,605009,IN,True
9760,Punalur,Kerala,691322,IN,True
9761,Aurangabad,West Bengal,742201,IN,True
9762,Taranagar,Rajasthan,331304,IN,True
9763,Khaga,Uttar Pradesh,212653,IN,True
9764,Karur - 6,Tamil Nadu,639006,IN,True
9765,Hyderabad,Telangana,501359,IN,True
9766,Kaluahi,Bihar,847229,IN,True
9767,Sitapur,Uttar Pradesh,261125,IN,True
9768,Pathiyoor Alappuzha District,Kerala,690508,IN,True
9769,Kasaragod,Kerala,671318,IN,True
9770,Karauli,Rajasthan,322241,IN,True
9771,Near Laurel'S International School,Madhya Pradesh,452001,IN,True
9772,Kanekal,Andhra Pradesh,515871,IN,True
9773,Thiruvalla,Kerala,689103,IN,True
9774,Ponda,Goa,403115,IN,True
9775,Shahabad,Karnataka,585228,IN,True
9776,"Golf Course Road,  Sector 53, Gurugram",Haryana,122003,IN,True
9777,Srinagar,Uttarakhand,249161,IN,True
9778,Chaltia,West Bengal,742407,IN,True
9779,Tiruvarur,Tamil Nadu,610001,IN,True
9780,Sarangarh,Chhattisgarh,496450,IN,True
9781,Banka,Bihar,814131,IN,True
9782,Burdwan,West Bengal,713124,IN,True
9783,Vellore District,Tamil Nadu,632602,IN,True
9784,Cochi,Kerala,682020,IN,True
9785,Patancheru,Telangana,502307,IN,True
9786,Belgaum,Karnataka,590019,IN,True
9787,Thane East,Maharashtra,400603,IN,True
9788,Mohali,Punjab,160063,IN,True
9789,Bangalore,Karnataka,560053,IN,True
9790,Thirumalairayan Pattinam,Puducherry,609606,IN,True
9791,Mannanchery,Kerala,688538,IN,True
9792,"Dudahi, Kushinagar",Uttar Pradesh,274302,IN,True
9793,Mandya Distic,Karnataka,571606,IN,True
9794,Nandhaluru,Andhra Pradesh,521185,IN,True
9795,Chittoor District,Andhra Pradesh,517130,IN,True
9796,Jalore,Rajasthan,343001,IN,True
9797,South West Delhi,Delhi,110057,IN,True
9798,Keekan,Kerala,671316,IN,True
9799,Manglaur,Uttarakhand,247656,IN,True
9800,Bihka,Uttar Pradesh,212208,IN,True
9801,Tirukalukundram,Tamil Nadu,603109,IN,True
9802,Ashti Wardha District,Maharashtra,442202,IN,True
9803,Hyderabad.,Telangana,500072,IN,True
9804,Kozhikode,Kerala,673586,IN,True
9805,"Changanacherry, Kottayam",Kerala,686535,IN,True
9806,Muzaffarpur,Bihar,843130,IN,True
9807,Begusarai District,Bihar,851129,IN,True
9808,Jamnagar,Gujarat,361142,IN,True
9809,Kullu,Himachal Pradesh,175138,IN,True
9810,Kirpind,Jammu and Kashmir,181101,IN,True
9811,Keshod,Gujarat,362220,IN,True
9812,Sundernagar,Himachal Pradesh,175002,IN,True
9813,Amritsar,Punjab,143022,IN,True
9814,Palakkad,Kerala,678013,IN,True
9815,Amreli,Gujarat,365220,IN,True
9816,Leimakhong Town,Manipur,795002,IN,True
9817,Kgf,Karnataka,563120,IN,True
9818,Islampur,West Bengal,733207,IN,True
9819,Thullur,Andhra Pradesh,522237,IN,True
9820,Kalyan East-421306,Maharashtra,421306,IN,True
9821,Sonipat,Haryana,131023,IN,True
9822,Vellore,Tamil Nadu,632601,IN,True
9823,Chirayinkeezhu,Kerala,695305,IN,True
9824,Medak,Telangana,502345,IN,True
9825,Pauri Garhwal,Uttarakhand,246001,IN,True
9826,Puranattukara,Kerala,680555,IN,True
9827,Thane West,Maharashtra,400602,IN,True
9828,"Plot No. 8 Vaibhav Khand, Indirapuram, Ghaziabad",Uttar Pradesh,201010,IN,True
9829,Jagadhri,Haryana,135003,IN,True
9830,Kundam,Madhya Pradesh,483110,IN,True
9831,Vuyyuru,Andhra Pradesh,521245,IN,True
9832,Ghaziabad,Uttar Pradesh,201309,IN,True
9833,Koppa,Karnataka,577123,IN,True
9834,Ujhani,Uttar Pradesh,243639,IN,True
9835,Ameenpur Hyderabad,Telangana,502032,IN,True
9836,Bhaderwah,Jammu and Kashmir,182222,IN,True
9837,Mouje Anjanvel,Maharashtra,415634,IN,True
9838,Teok,Assam,785112,IN,True
9839,Doddaballapur,Karnataka,561203,IN,True
9840,Kollam,Kerala,691531,IN,True
9841,Gaya,Bihar,824217,IN,True
9842,Karnal,Haryana,132117,IN,True
9843,Pratapgarh,Uttar Pradesh,230302,IN,True
9844,Ooty,Tamil Nadu,643003,IN,True
9845,Sirsa,Haryana,125058,IN,True
9846,"Paderu, Visakhapatnam",Andhra Pradesh,531024,IN,True
9847,Tenkasi,Tamil Nadu,627808,IN,True
9848,Sahibzada Ajit Singh Nagar,Punjab,140301,IN,True
9849,"Baner,Pune",Maharashtra,411045,IN,True
9850,Jolly Grant,Uttarakhand,248140,IN,True
9851,Allavaram,Andhra Pradesh,533217,IN,True
9852,Karambakkam Porur Chennai,Tamil Nadu,600116,IN,True
9853,Mahadeopur,Bihar,813101,IN,True
9854,Naobaicha,Assam,784160,IN,True
9855,Dist-Koraput,Odisha,763002,IN,True
9856,"Vellore,",Tamil Nadu,632007,IN,True
9857,Bhadrak,Odisha,756119,IN,True
9858,Kozhikode,Kerala,673580,IN,True
9859,"Navalur, Chennai",Tamil Nadu,603103,IN,True
9860,Acharapakkam,Tamil Nadu,603301,IN,True
9861,Bheemunipatanm,Andhra Pradesh,531163,IN,True
9862,Puducherry 605003,Puducherry,605003,IN,True
9863,Holehonnuru,Karnataka,577227,IN,True
9864,"Cheepurupalli, Vizianagaram Dist",Andhra Pradesh,535128,IN,True
9865,Dhubri,Assam,783135,IN,True
9866,Katni,Madhya Pradesh,483501,IN,True
9867,Gulabpura,Rajasthan,311021,IN,True
9868,Kothanallur,Tamil Nadu,629166,IN,True
9869,Kambam,Tamil Nadu,625516,IN,True
9870,Dombivili,Maharashtra,421202,IN,True
9871,Bhayander West,Maharashtra,401101,IN,True
9872,Panchkula,Haryana,134103,IN,True
9873,Ballarpur,Maharashtra,442701,IN,True
9874,Barshi,Maharashtra,413411,IN,True
9875,Jakhalmandi,Haryana,125133,IN,True
9876,Cuddalore,Tamil Nadu,607002,IN,True
9877,Arariya,Bihar,854334,IN,True
9878,Noida Extension (Greater Noida West),Uttar Pradesh,201009,IN,True
9879,Palakkad,Kerala,678594,IN,True
9880,Banglore,Karnataka,560037,IN,True
9881,Kesopur Sathla,Uttar Pradesh,245402,IN,True
9882,Gr Noida,Uttar Pradesh,201301,IN,True
9883,Vatakara,Kerala,673106,IN,True
9884,Kodannur,Kerala,680563,IN,True
9885,Karera,Madhya Pradesh,473660,IN,True
9886,Jawhar,Maharashtra,401603,IN,True
9887,Chennaichennai,Tamil Nadu,600040,IN,True
9888,Gumia,Jharkhand,829111,IN,True
9889,South Goa,Goa,403713,IN,True
9890,Indirapuram Ghaziabad,Uttar Pradesh,201010,IN,True
9891,Tiruvannamalai,Tamil Nadu,606905,IN,True
9892,Pathanamthitta,Kerala,689678,IN,True
9893,Palai,Kerala,686635,IN,True
9894,Ballia,Uttar Pradesh,277208,IN,True
9895,Dataganj,Uttar Pradesh,243635,IN,True
9896,Kozhikode,Kerala,673019,IN,True
9897,Udaipurudaipur,Rajasthan,313001,IN,True
9898,Jammujammu,Jammu and Kashmir,180004,IN,True
9899,Idar,Gujarat,383410,IN,True
9900,"Allapra, Perumbavoor",Kerala,683556,IN,True
9901,Bhadrak,Odisha,756162,IN,True
9902,Guntur,Andhra Pradesh,522015,IN,True
9903,Kasrawad,Madhya Pradesh,451228,IN,True
9904,"Ecil,Hyderabad",Telangana,500062,IN,True
9905,Kgf,Karnataka,563122,IN,True
9906,Chethipuzha,Kerala,686106,IN,True
9907,Nandivaram Guduvancher,Tamil Nadu,603203,IN,True
9908,Bhopal,Madhya Pradesh,462037,IN,True
9909,Banka,Bihar,813102,IN,True
9910,Kangra,Himachal Pradesh,176206,IN,True
9911,Udupi,Karnataka,576124,IN,True
9912,Ootacamund The Nilgiri,Tamil Nadu,643004,IN,True
9913,Bilaspur,Haryana,135102,IN,True
9914,Ibrahimpatnam,Telangana,501506,IN,True
9915,Kotturu,Karnataka,583134,IN,True
9916,Cochin,Kerala,682020,IN,True
9917,Malappuram,Kerala,679327,IN,True
9918,Farsabahar,Chhattisgarh,496242,IN,True
9919,Cheranallur,Kerala,682026,IN,True
9920,Balurghat,West Bengal,733102,IN,True
9921,Tangutur,Andhra Pradesh,523272,IN,True
9922,Vellore,Tamil Nadu,632403,IN,True
9923,"Wakad,Pune",Maharashtra,411057,IN,True
9924,Himatnagar,Gujarat,383001,IN,True
9925,Trichy,Tamil Nadu,620003,IN,True
9926,Renukoot,Uttar Pradesh,231217,IN,True
9927,Kichha,Uttarakhand,263148,IN,True
9928,"Sector-86,Faridabad",Haryana,121002,IN,True
9929,Bhalwal,Jammu and Kashmir,181206,IN,True
9930,Bijapur,Chhattisgarh,494450,IN,True
9931,Nadsal,Karnataka,574111,IN,True
9932,Guntur,Andhra Pradesh,522235,IN,True
9933,Belur,West Bengal,711202,IN,True
9934,Vadodara,Gujarat,390017,IN,True
9935,Payimbra,Kerala,673571,IN,True
9936,Malappuram,Kerala,679333,IN,True
9937,Ariyalur,Tamil Nadu,621804,IN,True
9938,Vazhakkala,Kerala,682309,IN,True
9939,Kasauli,Himachal Pradesh,173204,IN,True
9940,Hebri,Karnataka,576112,IN,True
9941,"Salkia, Howrah",West Bengal,711106,IN,True
9942,Chandigarh,Chandigarh,160009,IN,True
9943,Kishangarh Renwal,Rajasthan,303603,IN,True
9944,Malappuram,Kerala,676541,IN,True
9945,Koilwar,Bihar,802160,IN,True
9946,Chintalapudi,Andhra Pradesh,534460,IN,True
9947,Mirzapur,Uttar Pradesh,231313,IN,True
9948,Hooghly,West Bengal,712404,IN,True
9949,Vadakkuvalliyur,Tamil Nadu,627117,IN,True
9950,"Pollachi, Coimbatore",Tamil Nadu,642002,IN,True
9951,Barmer,Rajasthan,344001,IN,True
9952,Panangad Thrissur District,Kerala,680671,IN,True
9953,Allahabad,Uttar Pradesh,212107,IN,True
9954,Kanchipuram,Tamil Nadu,600063,IN,True
9955,Coimbatore-641041,Tamil Nadu,641041,IN,True
9956,Rasra,Uttar Pradesh,221712,IN,True
9957,Palasa Kasibugga,Andhra Pradesh,532222,IN,True
9958,Trichy,Tamil Nadu,621006,IN,True
9959,Perumbavoor,Kerala,683550,IN,True
9960,Anaimalai,Tamil Nadu,642104,IN,True
9961,Kannapuram,Kerala,670301,IN,True
9962,Coimbatore,Tamil Nadu,641107,IN,True
9963,Kumta,Karnataka,581327,IN,True
9964,Cuttack,Odisha,754022,IN,True
9965,Dalkhola,West Bengal,733201,IN,True
9966,Vuyyuru,Andhra Pradesh,521256,IN,True
9967,"Mayuri Nagar, Miyapur",Telangana,500049,IN,True
9968,Dakshin Rajyadharpur,West Bengal,712203,IN,True
9969,Ahmadnagara,Maharashtra,414003,IN,True
9970,Rajauri,Jammu and Kashmir,185234,IN,True
9971,Bardhaman,West Bengal,713339,IN,True
9972,Shivpur Varanasi,Uttar Pradesh,221003,IN,True
9973,Greater Noida,Uttar Pradesh,201311,IN,True
9974,Madanpur Rampur,Odisha,766102,IN,True
9975,Njarackal,Kerala,682509,IN,True
9976,Raigarh,Maharashtra,410203,IN,True
9977,"Kakkanad West P.O, Cochin-30",Kerala,682030,IN,True
9978,Polur Tiruvannamalai,Tamil Nadu,606803,IN,True
9979,Naliya,Gujarat,370655,IN,True
9980,"Pakhowal Road, Ludhiana",Punjab,142022,IN,True
9981,Anantapur,Andhra Pradesh,515003,IN,True
9982,"Borivali,Mumbai",Maharashtra,400066,IN,True
9983,Elampalloor,Kerala,691501,IN,True
9984,Kottayam,Kerala,686634,IN,True
9985,Karauli,Rajasthan,322215,IN,True
9986,Phalodi,Rajasthan,342301,IN,True
9987,"Miyapur ,Hyderabad",Telangana,500049,IN,True
9988,Jamshedpur,Jharkhand,831020,IN,True
9989,"Kanjirappally, Kottayam",Kerala,686515,IN,True
9990,Pathanamthitta,Kerala,689597,IN,True
9991,Kolkata,West Bengal,700149,IN,True
9992,Badarpur Rly Town,Assam,788806,IN,True
9993,"New Town, Kolkata",West Bengal,700135,IN,True
9994,Malkajgiri,Telangana,500010,IN,True
9995,Gangawati,Karnataka,583229,IN,True
9996,Chennai600031,Tamil Nadu,600031,IN,True
9997,Patan,Gujarat,385360,IN,True
9998,Sunpura,Arunachal Pradesh,792111,IN,True
9999,Sankari,Tamil Nadu,637301,IN,True
10000,"Nagamangla Taluk,Mandya District",Karnataka,571448,IN,True
10001,Thane(W),Maharashtra,400601,IN,True
10002,Shivmogga,Karnataka,577204,IN,True
10003,Bardez,Goa,403503,IN,True
10004,Ullal,Karnataka,575017,IN,True
10005,Banglore,Karnataka,560068,IN,True
10006,Garodoba,Meghalaya,794105,IN,True
10007,Thane,Maharashtra,401201,IN,True
10008,Tiruchirappalli,Tamil Nadu,621218,IN,True
10009,Bikaner,Rajasthan,334403,IN,True
10010,Thrissur,Kerala,680618,IN,True
10011,Tiruppur,Tamil Nadu,638108,IN,True
10012,Manjeri P.O,Kerala,676121,IN,True
10013,Maunath Bhanjan,Uttar Pradesh,275102,IN,True
10014,Mettupalayam,Tamil Nadu,641301,IN,True
10015,Mavelikkara,Kerala,690105,IN,True
10016,Khaperkheda,Maharashtra,441102,IN,True
10017,Uchchhal,Gujarat,394375,IN,True
10018,Haripad,Kerala,690514,IN,True
10019,West Delhi,Delhi,110043,IN,True
10020,Lathi,Gujarat,365430,IN,True
10021,Neelbad,Madhya Pradesh,462044,IN,True
10022,Mumbai,Maharashtra,401209,IN,True
10023,Serampore (Hooghly),West Bengal,712203,IN,True
10024,Colva,Goa,403708,IN,True
10025,Dharamjaigarh,Chhattisgarh,496116,IN,True
10026,Kadungalloor,Kerala,683501,IN,True
10027,Ramnagar,Madhya Pradesh,485881,IN,True
10028,Alappuzha,Kerala,690559,IN,True
10029,Sipcot Industrial Park Sriprumbudur,Tamil Nadu,602106,IN,True
10030,Gidi,Jharkhand,829108,IN,True
10031,Almora,Uttarakhand,263637,IN,True
10032,Cuttack,Odisha,754006,IN,True
10033,Hassan,Karnataka,573202,IN,True
10034,Bhandup Mumbai,Maharashtra,400078,IN,True
10035,Edappal,Kerala,679582,IN,True
10036,Visakhapatnam,Andhra Pradesh,531151,IN,True
10037,Thodupuzha,Kerala,685586,IN,True
10038,Patancheru,Telangana,502319,IN,True
10039,Pimple Gurav,Maharashtra,411027,IN,True
10040,Mau,Uttar Pradesh,221602,IN,True
10041,Palghar,Maharashtra,401209,IN,True
10042,"Rajagiri Valley P O, Kakkanad",Kerala,682039,IN,True
10043,Thiruvanathapuram,Kerala,695024,IN,True
10044,Natepute,Maharashtra,413109,IN,True
10045,Madhoor,Kerala,671124,IN,True
10046,.Gannavaram,Andhra Pradesh,521101,IN,True
10047,Serampur,West Bengal,712201,IN,True
10048,Barpeta,Assam,781308,IN,True
10049,Khutar,Uttar Pradesh,242405,IN,True
10050,Athur Thoothukkudi District,Tamil Nadu,628151,IN,True
10051,Pathanamthitta,Kerala,689653,IN,True
10052,Kamareddy,Telangana,503125,IN,True
10053,Balichak,West Bengal,721124,IN,True
10054,Daunddaund,Maharashtra,413801,IN,True
10055,Ramgarh Cantonment,Jharkhand,829122,IN,True
10056,Ernakulam,Kerala,682310,IN,True
10057,Ettumanoor,Kerala,686587,IN,True
10058,Tiruchengode,Tamil Nadu,637211,IN,True
10059,Tattilli,Karnataka,581411,IN,True
10060,Mumbai,Maharashtra,421503,IN,True
10061,Vasai West (Mumbai),Maharashtra,401202,IN,True
10062,Rewari,Haryana,123411,IN,True
10063,Madurai,Tamil Nadu,625004,IN,True
10064,Simdega,Jharkhand,835223,IN,True
10065,Wayanad,Kerala,670645,IN,True
10066,Revdanda,Maharashtra,402202,IN,True
10067,Alappuzha,Kerala,689504,IN,True
10068,Jalandhar City,Punjab,144003,IN,True
10069,Khorda,Odisha,751025,IN,True
10070,Devarkadra,Telangana,509204,IN,True
10071,Sultanpur,Uttar Pradesh,224229,IN,True
10072,Secunderabad,Telangana,500104,IN,True
10073,"Vashi, New Bombay",Maharashtra,400703,IN,True
10074,Indore,Madhya Pradesh,453552,IN,True
10075,Mumbai Maharashtra,Maharashtra,400003,IN,True
10076,Howrah 711102,West Bengal,711102,IN,True
10077,Saligram Upupi,Karnataka,576225,IN,True
10078,Rudraprayag,Uttarakhand,246171,IN,True
10079,Kalamassery,Kerala,683501,IN,True
10080,"Panchgaon, Manesar, Gurgaon",Haryana,122413,IN,True
10081,Hosur,Tamil Nadu,635110,IN,True
10082,Rajamahendravaram,Andhra Pradesh,533105,IN,True
10083,Byadgi,Karnataka,581106,IN,True
10084,Kasaragod,Kerala,671314,IN,True
10085,Puthuparamba,Kerala,676501,IN,True
10086,Nazirpur,West Bengal,741165,IN,True
10087,"Vallioor Via, Tirunelveli District",Tamil Nadu,627113,IN,True
10088,Nizamabad,Telangana,503235,IN,True
10089,Lalganj,Uttar Pradesh,229206,IN,True
10090,"Edapally, Ernakulam",Kerala,682021,IN,True
10091,Near District Jail,Kerala,682037,IN,True
10092,Alappuzha,Kerala,688562,IN,True
10093,Peddapally,Telangana,505187,IN,True
10094,Ernakulam,Kerala,683104,IN,True
10095,Kanpur,Uttar Pradesh,208004,IN,True
10096,Nasiyanur,Tamil Nadu,638107,IN,True
10097,Mumba,Maharashtra,400024,IN,True
10098,"Krishnapuram, Coimbatore",Tamil Nadu,641668,IN,True
10099,Vaniyambalam,Kerala,679339,IN,True
10100,Malout,Punjab,152107,IN,True
10101,Prayagraj,Uttar Pradesh,211019,IN,True
10102,Narasaropet,Andhra Pradesh,522601,IN,True
10103,Atchutapuram Apsez,Andhra Pradesh,531061,IN,True
10104,Virar West,Maharashtra,401302,IN,True
10105,Kendrapara,Odisha,754208,IN,True
10106,Kumbakonam,Tamil Nadu,612002,IN,True
10107,Delhi,Delhi,110039,IN,True
10108,Anuppur,Madhya Pradesh,484224,IN,True
10109,Kalanwali,Haryana,125201,IN,True
10110,Chinsurah,West Bengal,712102,IN,True
10111,"Selaiyur , Chennai",Tamil Nadu,600073,IN,True
10112,Virar West,Maharashtra,401305,IN,True
10113,Ichapore,West Bengal,743144,IN,True
10114,Salem,Tamil Nadu,636103,IN,True
10115,Palampur,Himachal Pradesh,176102,IN,True
10116,Huzur,Madhya Pradesh,462047,IN,True
10117,Salem,Tamil Nadu,636140,IN,True
10118,Tiruppur,Tamil Nadu,641666,IN,True
10119,Garacharma,Andaman and Nicobar Islands,744105,IN,True
10120,Ernakulam,Kerala,682309,IN,True
10121,Addanki Mandal Bapatl District,Andhra Pradesh,523201,IN,True
10122,Bangalore,Karnataka,560013,IN,True
10123,Ludhiana,Punjab,141016,IN,True
10124,Kudasan,Gujarat,382421,IN,True
10125,Nellore,Andhra Pradesh,524311,IN,True
10126,Khedar,Haryana,125121,IN,True
10127,Malappuram,Kerala,676506,IN,True
10128,Gardhiwala,Punjab,144207,IN,True
10129,Chengalpattu,Tamil Nadu,603109,IN,True
10130,Chelari,Kerala,676317,IN,True
10131,"Hanuman Nagar,Patna",Bihar,800020,IN,True
10132,Sathyamangalam Erode,Tamil Nadu,638401,IN,True
10133,Pathanamthitta,Kerala,689648,IN,True
10134,Manja Fish Market,Assam,782461,IN,True
10135,Badharghat,Tripura,799014,IN,True
10136,Chitgoppa,Karnataka,585412,IN,True
10137,Azamgarh,Uttar Pradesh,276303,IN,True
10138,Asansol,West Bengal,713341,IN,True
10139,Kannyakumari,Tamil Nadu,629158,IN,True
10140,Bathalapalle,Andhra Pradesh,515661,IN,True
10141,Sojat City,Rajasthan,306104,IN,True
10142,Silchar,Assam,788003,IN,True
10143,"Aluru ,Hassan District",Karnataka,573213,IN,True
10144,Rairangpur,Odisha,757048,IN,True
10145,Solapur,Maharashtra,413108,IN,True
10146,Muttam,Kerala,670304,IN,True
10147,Dist : Nadia,West Bengal,741222,IN,True
10148,Puruliya,West Bengal,723102,IN,True
10149,Guwahati,Assam,781023,IN,True
10150,Kandivali East Mumbai,Maharashtra,400101,IN,True
10151,Tiruvannamalai,Tamil Nadu,606603,IN,True
10152,Nurpur,Himachal Pradesh,176202,IN,True
10153,Dumraon,Bihar,802136,IN,True
10154,"Honnali , Davangere",Karnataka,577219,IN,True
10155,Purnea,Bihar,984196,IN,True
10156,Dist Thane,Maharashtra,421605,IN,True
10157,Chalakudy,Kerala,680741,IN,True
10158,Johrat,Assam,785013,IN,True
10159,Kolkata,West Bengal,711103,IN,True
10160,Delhi,Delhi,110067,IN,True
10161,Vellimadukunnu,Kerala,673012,IN,True
10162,Ahmdabad,Gujarat,380015,IN,True
10163,Guwahati 5,Assam,781005,IN,True
10164,Bathinda,Punjab,151302,IN,True
10165,Belagavi,Karnataka,591220,IN,True
10166,Irinjalakuda,Kerala,680683,IN,True
10167,Mehgaon,Madhya Pradesh,477557,IN,True
10168,Nalikul,West Bengal,712407,IN,True
10169,Garhwa,Jharkhand,822121,IN,True
10170,Ashrafpur Kichhauchha,Uttar Pradesh,224129,IN,True
10171,Kayamkulam,Kerala,690564,IN,True
10172,Tekulapalli,Telangana,507123,IN,True
10173,Hyderabad,Telangana,500031,IN,True
10174,"Faridpur,Bareilly",Uttar Pradesh,243503,IN,True
10175,Koduvayur,Kerala,678501,IN,True
10176,Anjani Portland Cement Factory,Telangana,508246,IN,True
10177,Pilkhuwa Hapur,Uttar Pradesh,245304,IN,True
10178,"Sea Woods, Navi Mumbai",Maharashtra,400706,IN,True
10179,"Kahalgaon, Bhagalpur",Bihar,813203,IN,True
10180,Edaikodu,Tamil Nadu,629101,IN,True
10181,"Duvva, Tanuku Mandalam,",Andhra Pradesh,534156,IN,True
10182,"Pujali,Budge Budge",West Bengal,700138,IN,True
10183,Ranni,Kerala,689675,IN,True
10184,Vasai Virar,Maharashtra,401302,IN,True
10185,Kollam,Kerala,691557,IN,True
10186,Kudithipalem,Andhra Pradesh,524313,IN,True
10187,Thorrur,Telangana,506163,IN,True
10188,"Kukatpally, Hyderabad",Telangana,500085,IN,True
10189,"Kolkata,Sinthi",West Bengal,700050,IN,True
10190,Kolkata,West Bengal,700137,IN,True
10191,Chennai 81,Tamil Nadu,600081,IN,True
10192,Dibrugarh,Assam,786002,IN,True
10193,"Milak, Rampur",Uttar Pradesh,243701,IN,True
10194,Madanganj Kishangarh,Rajasthan,305801,IN,True
10195,Bengaluru-560085,Karnataka,560085,IN,True
10196,Kannur,Kerala,670004,IN,True
10197,"Uttan, Thane",Maharashtra,401106,IN,True
10198,Pathanamthitta,Kerala,689671,IN,True
10199,Palakkad,Kerala,678546,IN,True
10200,"Pallikkunnu, Kannur",Kerala,670004,IN,True
10201,"Nagaon Town,Nagaon,Assam.",Assam,782001,IN,True
10202,Begamganj,Madhya Pradesh,464881,IN,True
10203,Chengannur,Kerala,689126,IN,True
10204,Surendranagar,Gujarat,363020,IN,True
10205,Dabbaspet,Karnataka,562111,IN,True
10206,Solapur,Maharashtra,413216,IN,True
10207,West Godavari,Andhra Pradesh,534176,IN,True
10208,Doddaballapura Bengaluru Rural District,Karnataka,561203,IN,True
10209,Madhubani,Bihar,847235,IN,True
10210,Chitkul,Telangana,502307,IN,True
10211,Mandvi,Gujarat,370485,IN,True
10212,Quilandy,Kerala,673522,IN,True
10213,Channagiri,Karnataka,577215,IN,True
10214,Naihati,West Bengal,743165,IN,True
10215,Bengalurubangalore,Karnataka,560066,IN,True
10216,Mapusa Guirim,Goa,403507,IN,True
10217,Hyderabad,Telangana,501504,IN,True
10218,Thoothukudi,Tamil Nadu,628008,IN,True
10219,Noida Extention,Uttar Pradesh,201303,IN,True
10220,Saiha,Mizoram,796901,IN,True
10221,Jalandhar,Punjab,144701,IN,True
10222,Cheruthazham,Kerala,670503,IN,True
10223,Murakambattu,Andhra Pradesh,517127,IN,True
10224,Irugur,Tamil Nadu,641103,IN,True
10225,Bareilly,Uttar Pradesh,243123,IN,True
10226,Buldhana,Maharashtra,443308,IN,True
10227,Chandigarhchandigarh,Chandigarh,160043,IN,True
10228,Delhi,Delhi,110035,IN,True
10229,Vilappilsala,Kerala,695573,IN,True
10230,Koppam,Kerala,679307,IN,True
10231,Thana,Maharashtra,400612,IN,True
10232,Mahbubnagar,Telangana,509002,IN,True
10233,Tripuranthakam,Andhra Pradesh,523330,IN,True
10234,Patna,Bihar,801507,IN,True
10235,Mandya,Karnataka,571402,IN,True
10236,Njrackel,Kerala,682509,IN,True
10237,Davorlim,Goa,403707,IN,True
10238,Bilaspur,Himachal Pradesh,174021,IN,True
10239,Andul-Mouri,West Bengal,711302,IN,True
10240,"Kalpetta, Wayanad",Kerala,673121,IN,True
10241,Kharijapikon,Assam,783126,IN,True
10242,Thatipaka,Andhra Pradesh,533247,IN,True
10243,Aurangabad,Bihar,824127,IN,True
10244,"Chhibramau,Kannauj",Uttar Pradesh,209721,IN,True
10245,Ernakulam,Kerala,686673,IN,True
10246,T Narasipura,Karnataka,571124,IN,True
10247,Mudkhed,Maharashtra,431806,IN,True
10248,Navsari,Gujarat,396560,IN,True
10249,Ganavaram,Andhra Pradesh,521101,IN,True
10250,Aburoad,Rajasthan,307026,IN,True
10251,Pune,Maharashtra,410507,IN,True
10252,Thane,Maharashtra,401104,IN,True
10253,Satyavedu,Andhra Pradesh,517588,IN,True
10254,Tiruppur,Tamil Nadu,641654,IN,True
10255,Nabadwip,West Bengal,741313,IN,True
10256,Vylathur,Kerala,679563,IN,True
10257,Dhaka,Bihar,845418,IN,True
10258,Morinda,Punjab,140101,IN,True
10259,Bhuj,Gujarat,370427,IN,True
10260,Thirupathi,Andhra Pradesh,517501,IN,True
10261,Dombivli (East),Maharashtra,421201,IN,True
10262,Kannur,Kerala,670562,IN,True
10263,Kansal,Punjab,160103,IN,True
10264,"South Bopal, Ahmedabad",Gujarat,380058,IN,True
10265,Pauni,Maharashtra,441910,IN,True
10266,Nagpur,Maharashtra,440037,IN,True
10267,Thalakkulathur Fresh Bakery,Kerala,673317,IN,True
10268,Jaipur,Rajasthan,302040,IN,True
10269,Azamgarh,Uttar Pradesh,276140,IN,True
10270,Khargone,Madhya Pradesh,451113,IN,True
10271,Duilllya,West Bengal,711302,IN,True
10272,Surgana,Maharashtra,422211,IN,True
10273,Ernakulam,Kerala,686663,IN,True
10274,Mumbaimumbai,Maharashtra,400064,IN,True
10275,Madurai,Tamil Nadu,625501,IN,True
10276,Azhikode,Kerala,670009,IN,True
10277,Palia Kalan Lakhimpur Kheri,Uttar Pradesh,262902,IN,True
10278,"Chinchinim, South Goa",Goa,403715,IN,True
10279,Dwarka,Delhi,110077,IN,True
10280,Vaniyamkulam Ii,Kerala,679523,IN,True
10281,Kannur,Kerala,670503,IN,True
10282,Bijapur,Chhattisgarh,494444,IN,True
10283,Tonto,Jharkhand,833215,IN,True
10284,Nagpur,Maharashtra,441122,IN,True
10285,"Somanur, Coimbatore",Tamil Nadu,641668,IN,True
10286,Thane,Maharashtra,421505,IN,True
10287,Raichur,Karnataka,584116,IN,True
10288,Karur District,Tamil Nadu,639006,IN,True
10289,Barpeta,Assam,781301,IN,True
10290,Erode,Tamil Nadu,638012,IN,True
10291,Srikakulam,Andhra Pradesh,532243,IN,True
10292,Gida Gorakhpur,Uttar Pradesh,273209,IN,True
10293,Guntur,Andhra Pradesh,522035,IN,True
10294,Kodinar,Gujarat,362720,IN,True
10295,Bhagalpur,Bihar,812004,IN,True
10296,Pathankot,Punjab,143534,IN,True
10297,Davangere,Karnataka,577552,IN,True
10298,Karimnagar,Telangana,505331,IN,True
10299,Sindagi,Karnataka,586128,IN,True
10300,Kadapa,Andhra Pradesh,516227,IN,True
10301,"Gundlupet Taloku,Chamarajanagara Distic",Karnataka,571111,IN,True
10302,Tarapur,Maharashtra,401103,IN,True
10303,Ahmedabadvasna,Gujarat,380007,IN,True
10304,Iringaprom,Kerala,680103,IN,True
10305,Chengalpattu  D.T,Tamil Nadu,603103,IN,True
10306,Dehradun,Uttarakhand,248160,IN,True
10307,Payyanur,Kerala,670310,IN,True
10308,Coimbatore,Tamil Nadu,641104,IN,True
10309,Banthra,Uttar Pradesh,227101,IN,True
10310,Bachhraon,Uttar Pradesh,244225,IN,True
10311,Sindri,Jharkhand,828122,IN,True
10312,Calicut,Kerala,673571,IN,True
10313,Ernakulam,Kerala,686661,IN,True
10314,Tumkur,Karnataka,572103,IN,True
10315,Orlim Salcette,Goa,403724,IN,True
10316,Thiruthuraipoondi,Tamil Nadu,614703,IN,True
10317,Kaikalur,Andhra Pradesh,521340,IN,True
10318,Nanjikottai,Tamil Nadu,613006,IN,True
10319,Kota,Rajasthan,324007,IN,True
10320,Chennai,Tamil Nadu,601206,IN,True
10321,Nawalgarh,Rajasthan,333042,IN,True
10322,Ranipool,Sikkim,737135,IN,True
10323,Changanassery,Kerala,686532,IN,True
10324,Industrial Growth Centre Thimmanapalem,Andhra Pradesh,523183,IN,True
10325,Vinukonda,Andhra Pradesh,522660,IN,True
10326,Ranikor,Meghalaya,793106,IN,True
10327,Lanja,Maharashtra,416701,IN,True
10328,Grater Noida West,Uttar Pradesh,201009,IN,True
10329,Kapkot,Uttarakhand,263632,IN,True
10330,Chalakudy,Kerala,680721,IN,True
10331,Kayamkulam,Kerala,690527,IN,True
10332,Udumalaipettai,Tamil Nadu,642126,IN,True
10333,Ganderbal,Jammu and Kashmir,191201,IN,True
10334,Ludhiana,Punjab,141015,IN,True
10335,"Tal-Alibag, Dist - Raigad, Pin 402201",Maharashtra,402201,IN,True
10336,Kodur,Kerala,676505,IN,True
10337,Gautam Buddha Nagar,Uttar Pradesh,201304,IN,True
10338,Jalandhar,Punjab,144102,IN,True
10339,Coimbatore,Tamil Nadu,641402,IN,True
10340,Gangarampur,West Bengal,733124,IN,True
10341,Lucknowl,Uttar Pradesh,226017,IN,True
10342,Kozhikode,Kerala,673603,IN,True
10343,Amaravathi,Andhra Pradesh,522020,IN,True
10344,Kanchanbagh  Hyderabad,Telangana,500058,IN,True
10345,Jorhat,Assam,785704,IN,True
10346,Dondaicha Warwade,Maharashtra,425408,IN,True
10347,Darbhanga,Bihar,847307,IN,True
10348,Channgiri,Karnataka,577213,IN,True
10349,Gopalnagar,West Bengal,743262,IN,True
10350,Paschim Medinipur,West Bengal,721101,IN,True
10351,Kansabel,Chhattisgarh,496223,IN,True
10352,Arani Thiruvallur District,Tamil Nadu,601101,IN,True
10353,North Goa,Goa,403517,IN,True
10354,Nandapur,Odisha,764037,IN,True
10355,Velur,Tamil Nadu,638181,IN,True
10356,Anthicad,Kerala,680641,IN,True
10357,Rangareddy,Telangana,501503,IN,True
10358,Ordnance Factory Bhadravati Township,Maharashtra,442902,IN,True
10359,"Bidhan Nagar, Kolkata- 700102",West Bengal,700102,IN,True
10360,Golugonda,Andhra Pradesh,531084,IN,True
10361,Ernakulam,Kerala,686636,IN,True
10362,Vindhya Nagar Ntpc Township,Madhya Pradesh,486886,IN,True
10363,Mohali,Punjab,160054,IN,True
10364,Satara Midc,Maharashtra,415004,IN,True
10365,Sathyamangalam,Tamil Nadu,638402,IN,True
10366,Kodakara,Kerala,680689,IN,True
10367,Madipakam Chennai,Tamil Nadu,600091,IN,True
10368,Yemmiganur,Andhra Pradesh,518360,IN,True
10369,Kottayam,Kerala,686665,IN,True
10370,Fatwah,Bihar,803201,IN,True
10371,Madappally,Kerala,673102,IN,True
10372,"Veraval, District - Gir Somnath",Gujarat,362265,IN,True
10373,Mudinepalle,Andhra Pradesh,521329,IN,True
10374,"Chitpadi, Udupi",Karnataka,576101,IN,True
10375,Meerut,Uttar Pradesh,250341,IN,True
10376,Yavatmal,Maharashtra,445204,IN,True
10377,"Bodakdev, Ahmedabad",Gujarat,380054,IN,True
10378,Tenali,Andhra Pradesh,522308,IN,True
10379,Selaqui,Uttarakhand,248197,IN,True
10380,Surat,Gujarat,395023,IN,True
10381,Rahuri,Maharashtra,413705,IN,True
10382,"Lunger Houz , Hyderabad",Telangana,500008,IN,True
10383,Kachhauna Patseni,Uttar Pradesh,241126,IN,True
10384,Dombivali West  Tal: Kalyan Dist: Thane,Maharashtra,421202,IN,True
10385,Madanapalle,Andhra Pradesh,517326,IN,True
10386,Choutuppal,Telangana,508252,IN,True
10387,Hirmi,Chhattisgarh,493195,IN,True
10388,Gohpur,Assam,784168,IN,True
10389,"Yapral, Secunderabad",Telangana,500087,IN,True
10390,"Dombivali East,",Maharashtra,421204,IN,True
10391,Bardez,Goa,403516,IN,True
10392,Bastora - Mapusa,Goa,403507,IN,True
10393,"Haldwani,Nainital",Uttarakhand,263139,IN,True
10394,Chittoor,Andhra Pradesh,517124,IN,True
10395,Igatpuri,Maharashtra,422403,IN,True
10396,Gulbarga,Karnataka,585103,IN,True
10397,Chidambaram,Tamil Nadu,608401,IN,True
10398,Nashik,Maharashtra,412101,IN,True
10399,Chittoor,Andhra Pradesh,517643,IN,True
10400,Dabolim,Goa,403711,IN,True
10401,Navasari,Gujarat,396521,IN,True
10402,Akluj,Maharashtra,413101,IN,True
10403,Piali,West Bengal,743363,IN,True
10404,"Angamaly, Ernakulam",Kerala,683572,IN,True
10405,Dist. - N 24 Parganas,West Bengal,743290,IN,True
10406,Alipurduar,West Bengal,735215,IN,True
10407,Ernakulam,Kerala,682308,IN,True
10408,Baksar,Uttar Pradesh,245207,IN,True
10409,Ntpc Kaniha Township,Odisha,759117,IN,True
10410,Trivandrum,Kerala,695583,IN,True
10411,Ullal,Karnataka,575022,IN,True
10412,Raha Town,Assam,782103,IN,True
10413,Chennai,Tamil Nadu,600120,IN,True
10414,"Deccan , Pune",Maharashtra,411004,IN,True
10415,"Alto Porvorim,",Goa,403521,IN,True
10416,Ludhiana,Punjab,141401,IN,True
10417,Hyderabad,Andhra Pradesh,500016,IN,True
10418,Kasegaon Tal Walwa Dist Sangli,Maharashtra,415404,IN,True
10419,Amritsar,Punjab,143008,IN,True
10420,Kozhikode,Kerala,673632,IN,True
10421,Inkollu,Andhra Pradesh,523167,IN,True
10422,Kuruvattur,Kerala,673611,IN,True
10423,Channankara Thiruvananthapuram District,Kerala,695301,IN,True
10424,Tirunelveli,Tamil Nadu,627001,IN,True
10425,Chiknayakanhalli,Karnataka,572214,IN,True
10426,"Pillaiarkuppam,  Manapet Post",Puducherry,607402,IN,True
10427,Dowleswaram,Andhra Pradesh,533125,IN,True
10428,Mangalore,Karnataka,575018,IN,True
10429,Madurai - 625006,Tamil Nadu,625006,IN,True
10430,Sridungargarh,Rajasthan,331803,IN,True
10431,Pimpri Chinchwad,Maharashtra,411007,IN,True
10432,Radhanpur,Gujarat,385340,IN,True
10433,Nizamabad,Telangana,503002,IN,True
10434,Sirsi,Uttar Pradesh,244301,IN,True
10435,Bangalore,Karnataka,560018,IN,True
10436,Nagapattinam,Tamil Nadu,609110,IN,True
10437,Mundargi,Karnataka,582118,IN,True
10438,Amb,Himachal Pradesh,174316,IN,True
10439,Bidar,Karnataka,585329,IN,True
10440,Navnagar Bagalkot,Karnataka,587103,IN,True
10441,Baram,Rajasthan,325223,IN,True
10442,Shoghi,Himachal Pradesh,171219,IN,True
10443,Palakkad,Kerala,678642,IN,True
10444,Ambedkarnager,Uttar Pradesh,224152,IN,True
10445,"Kornepadu, Guntur",Andhra Pradesh,522017,IN,True
10446,Shahzadpur,Haryana,134202,IN,True
10447,Hodal,Haryana,121106,IN,True
10448,Senapati,Manipur,795150,IN,True
10449,Khammam,Telangana,507157,IN,True
10450,Bhawani Mandi,Rajasthan,326502,IN,True
10451,Chirang,Assam,783394,IN,True
10452,Wazirganj,Uttar Pradesh,243726,IN,True
10453,Kandivali Est Mumbai,Maharashtra,400101,IN,True
10454,Rau,Madhya Pradesh,453331,IN,True
10455,Muradnagar,Uttar Pradesh,201206,IN,True
10456,Kheragarh,Uttar Pradesh,283121,IN,True
10457,"Rangareddy District,Hyderabad",Andhra Pradesh,500083,IN,True
10458,Mumbai 400005,Maharashtra,400005,IN,True
10459,Dohrighat,Uttar Pradesh,275303,IN,True
10460,Salem,Tamil Nadu,636112,IN,True
10461,"Selaiyur, Chennai",Tamil Nadu,600073,IN,True
10462,Kottaram,Tamil Nadu,629703,IN,True
10463,Cuttack,Odisha,754204,IN,True
10464,Secunderabad,Telangana,500044,IN,True
10465,Pachora,Maharashtra,424201,IN,True
10466,Maduranthakam,Tamil Nadu,603306,IN,True
10467,Pansemal,Madhya Pradesh,451770,IN,True
10468,Neyveli Township,Tamil Nadu,607803,IN,True
10469,Lalgudi,Tamil Nadu,621703,IN,True
10470,Villupuram,Tamil Nadu,605766,IN,True
10471,Kozhikode,Kerala,673582,IN,True
10472,New Delhi 110017,Delhi,110017,IN,True
10473,Dombivli ( West),Maharashtra,421202,IN,True
10474,Nayathode,Kerala,683572,IN,True
10475,Muzaffarpur,Bihar,844118,IN,True
10476,Rajam Srikakulam District,Andhra Pradesh,532127,IN,True
10477,Dungargarh,Rajasthan,331803,IN,True
10478,Ottapalam,Kerala,679103,IN,True
10479,"Puduchatram, Namakkal",Tamil Nadu,637018,IN,True
10480,Kothagudem,Telangana,507128,IN,True
10481,Ganpatipule,Maharashtra,415615,IN,True
10482,Rupaisiding Tinsukia District,Assam,786153,IN,True
10483,Kapasaria,West Bengal,721628,IN,True
10484,Banda,Maharashtra,416511,IN,True
10485,Kurnool,Andhra Pradesh,518412,IN,True
10486,Kumaranellur,Kerala,680590,IN,True
10487,Chilkur,Telangana,508206,IN,True
10488,Bidhan Nagar,West Bengal,700102,IN,True
10489,Kanchipuram,Tamil Nadu,600096,IN,True
10490,Nashik,Maharashtra,422206,IN,True
10491,Chidambaram,Tamil Nadu,608002,IN,True
10492,Cuttack,Odisha,754029,IN,True
10493,Tikamgarh,Madhya Pradesh,472001,IN,True
10494,North Delhi,Delhi,110007,IN,True
10495,Mandya,Karnataka,571404,IN,True
10496,Mumbai,Maharashtra,400703,IN,True
10497,Trivandrum,Kerala,695009,IN,True
10498,Bhiwani,Haryana,127028,IN,True
10499,North West Delhi,Delhi,110009,IN,True
10500,"Nandivaram Guduvancheri,",Tamil Nadu,603202,IN,True
10501,Devdhari,Gujarat,360055,IN,True
10502,Banglore,Karnataka,560036,IN,True
10503,"Sahibabad, Ghaziabad",Uttar Pradesh,201005,IN,True
10504,Rajura,Maharashtra,442905,IN,True
10505,"Chandlodia, Ahmedabad",Gujarat,382481,IN,True
10506,Thakkolam,Tamil Nadu,631151,IN,True
10507,Nagothane,Maharashtra,402106,IN,True
10508,Chorao,Goa,403102,IN,True
10509,New Delhi Dwarka Secter 6,Delhi,110075,IN,True
10510,Kottakal,Kerala,676503,IN,True
10511,Dalsinghsarai,Bihar,848114,IN,True
10512,Sundarapandiapuram,Tamil Nadu,627858,IN,True
10513,North Chalakudy,Kerala,680307,IN,True
10514,Thrissur,Kerala,680507,IN,True
10515,Masuda,Rajasthan,305623,IN,True
10516,Muzaffarpur,Bihar,843165,IN,True
10517,Aluva2,Kerala,683102,IN,True
10518,Vasai Virar Virar West,Maharashtra,401303,IN,True
10519,Nowshehra,Jammu and Kashmir,185152,IN,True
10520,Jamai,Madhya Pradesh,480553,IN,True
10521,Kabrai,Uttar Pradesh,210424,IN,True
10522,Iriveri,Kerala,670613,IN,True
10523,Kadapa,Andhra Pradesh,516214,IN,True
10524,Kirtinagar,Uttarakhand,249161,IN,True
10525,Tanda Rampur District,Uttar Pradesh,244925,IN,True
10526,"Chandanagar, Hyderabad",Telangana,500050,IN,True
10527,"Kasheli, Taluka Bhiwandi, District Thane",Maharashtra,421302,IN,True
10528,Udyogamandal,Kerala,683501,IN,True
10529,Varkala,Kerala,695142,IN,True
10530,Vizag,Andhra Pradesh,530016,IN,True
10531,Seraikella,Jharkhand,833219,IN,True
10532,"Aryanad,Trivandrum",Kerala,695542,IN,True
10533,Bhadra,Rajasthan,335501,IN,True
10534,Alappuzha,Kerala,689506,IN,True
10535,Shirur Anantpal,Maharashtra,413544,IN,True
10536,Belagavi,Karnataka,587122,IN,True
10537,Sirsaganj,Uttar Pradesh,283151,IN,True
10538,Cinna Kottakuppam,Tamil Nadu,605104,IN,True
10539,Coonoor,Tamil Nadu,643231,IN,True
10540,Cheruvathur,Kerala,671313,IN,True
10541,Sardarshahar,Rajasthan,331403,IN,True
10542,Palakkad,Kerala,678501,IN,True
10543,Ladwa,Haryana,136132,IN,True
10544,Kozhikode,Kerala,673604,IN,True
10545,Kochi,Kerala,682017,IN,True
10546,Allapuzha,Kerala,689505,IN,True
10547,Bengaluru,Karnataka,560007,IN,True
10548,Malappuram,Kerala,682030,IN,True
10549,Thiruvananthapuram,Kerala,695562,IN,True
10550,Kanchipuram,Tamil Nadu,600088,IN,True
10551,.Azamgarh,Uttar Pradesh,276001,IN,True
10552,Basavana Bagevadi,Karnataka,586121,IN,True
10553,Cheruthazham,Kerala,670309,IN,True
10554,Thanjavur,Tamil Nadu,614204,IN,True
10555,लखनऊ,Uttar Pradesh,226002,IN,True
10556,Pune 412207,Maharashtra,412207,IN,True
10557,Kahalgaon,Bihar,813214,IN,True
10558,Dwarka 110078,Delhi,110078,IN,True
10559,Binnaguri,West Bengal,735203,IN,True
10560,Vaishali,Bihar,844509,IN,True
10561,"Puzhakkal P O, Thrissur",Kerala,680553,IN,True
10562,Vazhakulam,Kerala,686670,IN,True
10563,Bikaner 9680830319,Rajasthan,334001,IN,True
10564,Hubli,Karnataka,580021,IN,True
10565,Thane,Maharashtra,400705,IN,True
10566,Jalpaiguri,West Bengal,735202,IN,True
10567,Andaman And Nicobar Islands Port Blair,Andaman and Nicobar Islands,744101,IN,True
10568,Hanumanthan Patty,Tamil Nadu,625533,IN,True
10569,Korba,Chhattisgarh,495682,IN,True
10570,Kangra,Himachal Pradesh,176125,IN,True
10571,Baddi,Himachal Pradesh,173205,IN,True
10572,Peddapalle,Telangana,505185,IN,True
10573,"Adoor, Vaddakkedathu Cavu",Kerala,691523,IN,True
10574,Natchiarkoil,Tamil Nadu,612602,IN,True
10575,Nilambur,Kerala,679339,IN,True
10576,"Nala Road, Patna",Bihar,800003,IN,True
10577,Ghatkesar(Vill)(Mandal),Telangana,501301,IN,True
10578,Mumbai 400066,Maharashtra,400066,IN,True
10579,Thrissur,Kerala,680008,IN,True
10580,Pathankot,Punjab,145025,IN,True
10581,Vaishali,Bihar,844503,IN,True
10582,Iringal,Kerala,673521,IN,True
10583,Amreli,Gujarat,365601,IN,True
10584,Amravati,Maharashtra,444902,IN,True
10585,"Kaloor, Kochi",Kerala,682017,IN,True
10586,"Nedumangad, Thiruvananthapuram",Kerala,695541,IN,True
10587,Koovalaseery.P.O,Kerala,695512,IN,True
10588,Idukki,Kerala,685583,IN,True
10589,Bengoloor,Karnataka,560103,IN,True
10590,Bankhedi,Madhya Pradesh,461990,IN,True
10591,Jalpaiguri,West Bengal,735231,IN,True
10592,Jaipur,Rajasthan,303702,IN,True
10593,Cochin,Kerala,682021,IN,True
10594,Srinagar,Jammu and Kashmir,190004,IN,True
10595,"Vadodara, Vadodara",Gujarat,390004,IN,True
10596,"Barendrapara,Near-Avinandan Furniture, Po-Sonarpur",West Bengal,700149,IN,True
10597,Balipatna,Odisha,752102,IN,True
10598,Makavarapalem,Andhra Pradesh,531113,IN,True
10599,Tirichirapalli,Tamil Nadu,620002,IN,True
10600,Palakkad,Kerala,678622,IN,True
10601,Tarabganj,Uttar Pradesh,271310,IN,True
10602,Manugur,Telangana,507117,IN,True
10603,South West Delhi,Delhi,110043,IN,True
10604,Prayagraj,Uttar Pradesh,211012,IN,True
10605,Thrissur,Kerala,680552,IN,True
10606,Jaijaipur,Chhattisgarh,495690,IN,True
10607,Alibag,Maharashtra,402209,IN,True
10608,Central Delhi,Delhi,110008,IN,True
10609,Karimnagar,Telangana,505303,IN,True
10610,"Kotdwar, Distt. Pauri Garhwal",Uttarakhand,246149,IN,True
10611,Tirur,Kerala,676109,IN,True
10612,Ernakulam,Kerala,682007,IN,True
10613,Mayur Vihar Phase-1,Delhi,110091,IN,True
10614,Gandhinagar,Gujarat,382028,IN,True
10615,Opp Tata Motor.Ajmera,Maharashtra,411018,IN,True
10616,New Delhi -110067,Delhi,110067,IN,True
10617,Trivandrum,Kerala,695308,IN,True
10618,Rajpur Sonarpur,West Bengal,700147,IN,True
10619,Dombivli - West,Maharashtra,421202,IN,True
10620,Cuncolim,Goa,403715,IN,True
10621,Nirsa,Jharkhand,828205,IN,True
10622,Guntur,Andhra Pradesh,522508,IN,True
10623,Silvass,Dadra and Nagar Haveli and Daman and Diu,396230,IN,True
10624,Chennai,Tamil Nadu,602105,IN,True
10625,Kanumolu,Andhra Pradesh,521106,IN,True
10626,Nani Daman,Dadra and Nagar Haveli and Daman and Diu,396210,IN,True
10627,Chengannur,Kerala,689109,IN,True
10628,Srikakulam,Andhra Pradesh,532195,IN,True
10629,Belpahar,Odisha,768218,IN,True
10630,Thane-West,Maharashtra,400607,IN,True
10631,Ballia,Uttar Pradesh,221716,IN,True
10632,Rajpur Sonarpur,West Bengal,700145,IN,True
10633,"Dwarka, Sector - 22",Delhi,110075,IN,True
10634,Perumbavoor,Kerala,683543,IN,True
10635,Tekanpur Gwalior,Madhya Pradesh,475005,IN,True
10636,Kolhapur,Maharashtra,416526,IN,True
10637,Muthi,Jammu and Kashmir,181205,IN,True
10638,Srirangapatna,Karnataka,571438,IN,True
10639,Jamshedpur,Jharkhand,831019,IN,True
10640,Kalaburgi,Karnataka,585318,IN,True
10641,Akola,Maharashtra,444104,IN,True
10642,"Zirakpur,Mohali",Punjab,140603,IN,True
10643,Jorapokhar,Jharkhand,828108,IN,True
10644,Misrikh Cum Neemsar,Uttar Pradesh,261401,IN,True
10645,Koppa,Karnataka,577126,IN,True
10646,Kasba,Bihar,854330,IN,True
10647,Malappuram,Kerala,676510,IN,True
10648,Mangalya,Madhya Pradesh,453771,IN,True
10649,Sanaswadi,Maharashtra,412208,IN,True
10650,Dogadda,Uttarakhand,246127,IN,True
10651,Visakhapatnam,Andhra Pradesh,531022,IN,True
10652,Visakhapatnam,Andhra Pradesh,530015,IN,True
10653,Vijayapura,Karnataka,586130,IN,True
10654,Bhilad,Gujarat,396105,IN,True
10655,Perumbavoor,Kerala,683556,IN,True
10656,Madurai,Tamil Nadu,625514,IN,True
10657,Dehradun,Uttarakhand,248011,IN,True
10658,"Kathiatoli,Nagaon",Assam,782427,IN,True
10659,Sahaspur,Uttar Pradesh,246745,IN,True
10660,Jaora,Madhya Pradesh,457226,IN,True
10661,Khedbrahma,Gujarat,383255,IN,True
10662,Nadia,West Bengal,741201,IN,True
10663,Aizawl,Mizoram,796008,IN,True
10664,Navi Mumbai,Maharashtra,410217,IN,True
10665,Warangal,Telangana,506371,IN,True
10666,Tamluk,West Bengal,721636,IN,True
10667,Dombivili East,Maharashtra,421201,IN,True
10668,Nadaun,Himachal Pradesh,177040,IN,True
10669,"Rawet, Pune",Maharashtra,412101,IN,True
10670,Chetpet,Tamil Nadu,606801,IN,True
10671,Nellore Dist.,Andhra Pradesh,524322,IN,True
10672,Aland,Karnataka,585311,IN,True
10673,Panniyannur,Kerala,670694,IN,True
10674,Mau,Uttar Pradesh,221603,IN,True
10675,Gundimeda,Andhra Pradesh,522303,IN,True
10676,Ravulapalem,Andhra Pradesh,533238,IN,True
10677,Naduvattam,Tamil Nadu,643224,IN,True
10678,Bangalore,Karnataka,560021,IN,True
10679,Chandigarh,Chandigarh,160001,IN,True
10680,"Maachavaram, Piduguralla",Andhra Pradesh,522435,IN,True
10681,Akalgarh,Punjab,141105,IN,True
10682,Doimukh,Arunachal Pradesh,791112,IN,True
10683,Chennai,Tamil Nadu,601102,IN,True
10684,South West Delhi,Delhi,110068,IN,True
10685,Belgharia,West Bengal,700049,IN,True
10686,Jaggaiahpet,Andhra Pradesh,521175,IN,True
10687,Delhi,Delhi,110002,IN,True
10688,Pariyaram,Kerala,670334,IN,True
10689,Thuckalay P.O,Tamil Nadu,629175,IN,True
10690,Mumbai,Maharashtra,400035,IN,True
10691,Angamalay,Kerala,683572,IN,True
10692,North 24 Parganas,West Bengal,700136,IN,True
10693,Trivandrum,Kerala,695005,IN,True
10694,North Goa,Goa,403507,IN,True
10695,Greater Noida (W),Uttar Pradesh,201009,IN,True
10696,Kolhapur,Maharashtra,416114,IN,True
10697,Saravanampatticoimbatore.,Tamil Nadu,641035,IN,True
10698,Sironj,Madhya Pradesh,464228,IN,True
10699,"Puttur, Chittooor",Andhra Pradesh,517583,IN,True
10700,East Godavari,Andhra Pradesh,533101,IN,True
10701,Paravur,Kerala,683515,IN,True
10702,Jaspur,Uttarakhand,244712,IN,True
10703,Vijayawada,Andhra Pradesh,521212,IN,True
10704,Pokaran,Rajasthan,345021,IN,True
10705,Parola,Maharashtra,425111,IN,True
10706,Nigadi Pradhikaran Pune,Maharashtra,411044,IN,True
10707,Kondepi,Andhra Pradesh,523271,IN,True
10708,Burdwan,West Bengal,713427,IN,True
10709,Ernakulam,Kerala,686668,IN,True
10710,147/19 B Keshab Chandra Sen Street Kolkata Nine Ma,West Bengal,700009,IN,True
10711,Thrissur,Kerala,680751,IN,True
10712,Thrissur,Kerala,680732,IN,True
10713,Ernakulam,Kerala,686693,IN,True
10714,Shanivarsante,Karnataka,571235,IN,True
10715,"New Perungalathur, Chennai",Tamil Nadu,600063,IN,True
10716,Koraput,Odisha,764002,IN,True
10717,Tehri Garhwal,Uttarakhand,249161,IN,True
10718,Angamaly,Kerala,683579,IN,True
10719,Bankura,West Bengal,722132,IN,True
10720,Paravada Industrial Area,Andhra Pradesh,531021,IN,True
10721,Mulbagal,Karnataka,563131,IN,True
10722,Bangalore,Karnataka,562114,IN,True
10723,Ranbirsinghpora,Jammu and Kashmir,181102,IN,True
10724,Deglur,Maharashtra,431717,IN,True
10725,Basti,Uttar Pradesh,272150,IN,True
10726,Newbarrackpur,West Bengal,700131,IN,True
10727,Salakati,Assam,783369,IN,True
10728,Benipur,Bihar,847233,IN,True
10729,Gola Gokarannath,Uttar Pradesh,262802,IN,True
10730,Ambalamedu,Kerala,682303,IN,True
10731,Ambur,Tamil Nadu,635804,IN,True
10732,Karwar,Karnataka,581324,IN,True
10733,Silvasa,Dadra and Nagar Haveli and Daman and Diu,396230,IN,True
10734,Dolvan,Gujarat,394635,IN,True
10735,Pulla,Andhra Pradesh,534401,IN,True
10736,Chengannur,Kerala,689124,IN,True
10737,Mangaluru,Karnataka,574509,IN,True
10738,"Kanti Nagar Extension, Krishna Nagar",Delhi,110051,IN,True
10739,Deola,Maharashtra,423102,IN,True
10740,Phulera,Rajasthan,303338,IN,True
10741,Jadcherla,Telangana,509301,IN,True
10742,"Hiriyur, Chitradurga District",Karnataka,577598,IN,True
10743,Nanded Waghala,Maharashtra,445207,IN,True
10744,New Delhi,Delhi,110004,IN,True
10745,Hosanagara,Karnataka,577426,IN,True
10746,Mul,Maharashtra,441224,IN,True
10747,Sompeta,Andhra Pradesh,532284,IN,True
10748,Bagepalli,Karnataka,561207,IN,True
10749,Maniyar,Uttar Pradesh,277207,IN,True
10750,Kariapatti,Tamil Nadu,626106,IN,True
10751,Phoolpur,Uttar Pradesh,276304,IN,True
10752,Balaramapuram /Mudavoorpara,Kerala,695501,IN,True
10753,Attur,Tamil Nadu,636141,IN,True
10754,Kheda,Gujarat,387630,IN,True
10755,Khetri,Rajasthan,333503,IN,True
10756,"Annamalai Nagar , Chidhambaram",Tamil Nadu,608002,IN,True
10757,Kudal,Maharashtra,416519,IN,True
10758,Thrissur,Kerala,680652,IN,True
10759,Baguiati,West Bengal,700059,IN,True
10760,Coimbatore,Tamil Nadu,641020,IN,True
10761,Anthiyur,Tamil Nadu,638501,IN,True
10762,Srinagar,Jammu and Kashmir,190024,IN,True
10763,Palakkad,Kerala,678702,IN,True
10764,Secunderabad,Andhra Pradesh,500062,IN,True
10765,Amreli,Gujarat,365455,IN,True
10766,Dist - Dibrugarh,Assam,786001,IN,True
10767,Kolhapur,Maharashtra,416011,IN,True
10768,Singaperumal Koil,Tamil Nadu,603204,IN,True
10769,Chennai.,Tamil Nadu,600087,IN,True
10770,"Shankerpally, R.R.Dist",Telangana,501203,IN,True
10771,Lalganj,Uttar Pradesh,230132,IN,True
10772,Satara,Maharashtra,415519,IN,True
10773,Ashta,Madhya Pradesh,466116,IN,True
10774,Neemrana,Rajasthan,301705,IN,True
10775,"Buchireddipalem, Nellore",Andhra Pradesh,524305,IN,True
10776,Vakkom,Kerala,695306,IN,True
10777,Purnea,Bihar,854301,IN,True
10778,Prayagraj,Uttar Pradesh,211003,IN,True
10779,Belagavi,Karnataka,590017,IN,True
10780,Avalapalli,Tamil Nadu,635109,IN,True
10781,Baif Road Wagholi Pune,Maharashtra,412207,IN,True
10782,Kasaragod,Kerala,671122,IN,True
10783,Naharlugun Model Arunachal Pradesh,Arunachal Pradesh,791110,IN,True
10784,Haora,West Bengal,711112,IN,True
10785,Muhamma,Kerala,688525,IN,True
10786,Ludhiana,Punjab,141006,IN,True
10787,Ludhiana,Punjab,141120,IN,True
10788,Navimumbai,Maharashtra,400709,IN,True
10789,"Nizamabad,Telangana",Telangana,503001,IN,True
10790,Payyannur,Kerala,670306,IN,True
10791,Villianur Taluk,Puducherry,605107,IN,True
10792,Mazbat,Assam,784507,IN,True
10793,Mumbai,Maharashtra,401503,IN,True
10794,Nellore District,Andhra Pradesh,524309,IN,True
10795,Bhimavaram,Andhra Pradesh,534207,IN,True
10796,Vazhakkala,Kerala,682030,IN,True
10797,Phagwara,Punjab,144402,IN,True
10798,Amalapuram,Andhra Pradesh,533221,IN,True
10799,Pethapur,Gujarat,382041,IN,True
10800,Kolar,Karnataka,562104,IN,True
10801,Nadia,West Bengal,741235,IN,True
10802,Agatti,Lakshadweep,682553,IN,True
10803,Medak,Telangana,502110,IN,True
10804,Thrissur,Kerala,680026,IN,True
10805,Palghar,Maharashtra,401608,IN,True
10806,Bhilai Charoda,Chhattisgarh,490021,IN,True
10807,Coimbatore,Tamil Nadu,641019,IN,True
10808,Ernakulam,Kerala,683517,IN,True
10809,Jhansi,Uttar Pradesh,284200,IN,True
10810,Sivakasi,Tamil Nadu,626189,IN,True
10811,Kollur,Karnataka,576220,IN,True
10812,"Kenwad, Malegaon Jahagir",Maharashtra,444503,IN,True
10813,Hyderabad.,Telangana,500044,IN,True
10814,Thriprayar,Kerala,680567,IN,True
10815,Dwarahat,Uttarakhand,263653,IN,True
10816,Lauriya,Bihar,845103,IN,True
10817,Bareilly,Uttar Pradesh,243403,IN,True
10818,Kakanad,Kerala,682021,IN,True
10819,Chinyalisaur P.O -Pipalmandi,Uttarakhand,249196,IN,True
10820,Delhi,Delhi,110033,IN,True
10821,Mannarkkad,Kerala,678598,IN,True
10822,Kalliasseri,Kerala,670563,IN,True
10823,Pandual,Bihar,847239,IN,True
10824,Yavatmal,Maharashtra,445307,IN,True
10825,Bangalore,Karnataka,560074,IN,True
10826,Handwara,Jammu and Kashmir,193302,IN,True
10827,Jambai,Tamil Nadu,638312,IN,True
10828,Arakonam,Tamil Nadu,631003,IN,True
10829,Karuppur,Tamil Nadu,636012,IN,True
10830,Perla Town,Kerala,671552,IN,True
10831,Bhubaneswar,Odisha,751011,IN,True
10832,Warangal,Telangana,506011,IN,True
10833,Tiruvallur,Tamil Nadu,600050,IN,True
10834,Purulia,West Bengal,723101,IN,True
10835,Mundi,Madhya Pradesh,450112,IN,True
10836,Cheppad,Kerala,690507,IN,True
10837,Ahmedabad,Gujarat,382315,IN,True
10838,Sankarankoil,Tamil Nadu,627756,IN,True
10839,Jamnagar,Gujarat,361003,IN,True
10840,"Mananthavady,",Kerala,670645,IN,True
10841,Anekal,Karnataka,562106,IN,True
10842,Alipurduar,West Bengal,736121,IN,True
10843,Colonelganj,Uttar Pradesh,271502,IN,True
10844,"Nai Bazar ,Bhadohi",Uttar Pradesh,221409,IN,True
10845,Thiruparankundram,Tamil Nadu,625015,IN,True
10846,Koramangala Bangalore,Karnataka,560034,IN,True
10847,Hyderabad,Telangana,508126,IN,True
10848,Ernakulam,Kerala,683102,IN,True
10849,Bongaigaon,Assam,783392,IN,True
10850,"Tenali, Guntur District",Andhra Pradesh,522202,IN,True
10851,Pondura,Andhra Pradesh,532168,IN,True
10852,"Mannarkkad , Palakkad",Kerala,678593,IN,True
10853,Kota,Karnataka,576221,IN,True
10854,Kolaghat,West Bengal,721134,IN,True
10855,Tirupur,Tamil Nadu,641605,IN,True
10856,Ernakulam,Kerala,683578,IN,True
10857,Murliganj,Bihar,852122,IN,True
10858,Tarbha,Odisha,767016,IN,True
10859,Raibareli,Uttar Pradesh,229406,IN,True
10860,Garhwa,Jharkhand,822114,IN,True
10861,Nanded,Maharashtra,431602,IN,True
10862,Nuapada,Odisha,766105,IN,True
10863,Kottayam Dist,Kerala,686532,IN,True
10864,Amritsar,Punjab,143112,IN,True
10865,Sirhind,Punjab,140406,IN,True
10866,"S. Ramalingapuram,Virudhunagar District",Tamil Nadu,626102,IN,True
10867,Srivilliputhur,Tamil Nadu,626138,IN,True
10868,North 24 Parganas,West Bengal,700055,IN,True
10869,Vellore,Tamil Nadu,635803,IN,True
10870,Ulavapadu,Andhra Pradesh,523292,IN,True
10871,Aizawl,Mizoram,796014,IN,True
10872,Bansberia,West Bengal,712503,IN,True
10873,"Anushaktinagar, Mumbai",Maharashtra,400094,IN,True
10874,Karaikal,Puducherry,609604,IN,True
10875,Panjim,Goa,403403,IN,True
10876,Ganeshgiri (P O) Shoranur,Kerala,679123,IN,True
10877,"Bandra East, Mumbai",Maharashtra,400051,IN,True
10878,Khairthal,Rajasthan,301404,IN,True
10879,"Raibander, Old Goa",Goa,403006,IN,True
10880,Bhopal,Madhya Pradesh,462004,IN,True
10881,University,Kerala,673634,IN,True
10882,Kalikiri,Andhra Pradesh,517234,IN,True
10883,Nawanshahar,Punjab,144513,IN,True
10884,East Godavari,Andhra Pradesh,533221,IN,True
10885,"Vadamalpet (M), Chittoor (D.T)",Andhra Pradesh,517551,IN,True
10886,Kannur,Kerala,670307,IN,True
10887,Ribander,Goa,403006,IN,True
10888,My Home Industries Pvt Ltd,Telangana,508246,IN,True
10889,Haldaur,Uttar Pradesh,246726,IN,True
10890,Vadanappally,Kerala,680619,IN,True
10891,Sagore Dist.Dhar,Madhya Pradesh,454774,IN,True
10892,Doddaballapura Apparel Park,Karnataka,562163,IN,True
10893,Bengaluru-560098,Karnataka,560098,IN,True
10894,Mundra,Gujarat,370435,IN,True
10895,Nallur Tirunelveli District,Tamil Nadu,627853,IN,True
10896,Ettumanoor,Kerala,686637,IN,True
10897,Nurpur,Himachal Pradesh,176051,IN,True
10898,Sas Nagar,Punjab,160059,IN,True
10899,Jammu,Jammu and Kashmir,181152,IN,True
10900,Narwana,Haryana,126116,IN,True
10901,"Kavali,Nellore Dt",Andhra Pradesh,524201,IN,True
10902,"Debipur, Panagarh",West Bengal,713148,IN,True
10903,Siwan,Bihar,841245,IN,True
10904,Kannur,Kerala,670303,IN,True
10905,Naugarh,Uttar Pradesh,272202,IN,True
10906,Malegaon,Maharashtra,423208,IN,True
10907,Gundlupet,Karnataka,571123,IN,True
10908,Bethuadharai,West Bengal,741126,IN,True
10909,Pune,Maharashtra,412208,IN,True
10910,Jamshedpurjamshedpur,Jharkhand,831004,IN,True
10911,Nellore,Andhra Pradesh,524226,IN,True
10912,Kathaura,Uttar Pradesh,227817,IN,True
10913,Bengaluru-11,Karnataka,560011,IN,True
10914,Delhi,Delhi,110046,IN,True
10915,Nallasopara,Maharashtra,401304,IN,True
10916,Hyderabad,Andhra Pradesh,500020,IN,True
10917,Saphale,Maharashtra,401102,IN,True
10918,Virar East,Maharashtra,401305,IN,True
10919,Dombivali East,Maharashtra,421203,IN,True
10920,Jahangirabad,Uttar Pradesh,203394,IN,True
10921,"Hyderabad, Telangana",Telangana,500036,IN,True
10922,Baleshwar,Odisha,756019,IN,True
10923,Sundernagr,Himachal Pradesh,175019,IN,True
10924,Unnao,Uttar Pradesh,209866,IN,True
10925,Kanchipuram,Tamil Nadu,600119,IN,True
10926,Palakkad,Kerala,679337,IN,True
10927,Tumkur,Karnataka,572104,IN,True
10928,Thiruthuraipoondi,Tamil Nadu,614713,IN,True
10929,Bankimnagar,Tripura,799035,IN,True
10930,Chandameta Butaria,Madhya Pradesh,480441,IN,True
10931,Bilhaur,Uttar Pradesh,209202,IN,True
10932,Apiic Tada,Andhra Pradesh,524401,IN,True
10933,Bhanjanagar,Odisha,761123,IN,True
10934,Khammam District,Telangana,507158,IN,True
10935,Halol,Gujarat,389350,IN,True
10936,Tiruchirappalli,Tamil Nadu,621216,IN,True
10937,Hyderabad,Andhra Pradesh,500057,IN,True
10938,Silchar,Assam,788011,IN,True
10939,Sangli Miraj Kupwad,Maharashtra,416415,IN,True
10940,"Kolazhy P.O, Thrissur",Kerala,680010,IN,True
10941,Penugonda,Andhra Pradesh,534326,IN,True
10942,Karimpur,West Bengal,742303,IN,True
10943,Shiggoun,Karnataka,581205,IN,True
10944,Nangavalli,Tamil Nadu,636454,IN,True
10945,Ulundurpet,Tamil Nadu,607201,IN,True
10946,Roha,Maharashtra,402109,IN,True
10947,Thrissur,Kerala,680508,IN,True
10948,Karur,Tamil Nadu,639136,IN,True
10949,Dombivali East,Maharashtra,421201,IN,True
10950,Kunkuri,Chhattisgarh,496225,IN,True
10951,Dipka,Chhattisgarh,495452,IN,True
10952,Karur,Tamil Nadu,639113,IN,True
10953,Palakkad Kerala,Kerala,678574,IN,True
10954,Kothagudem,Telangana,507119,IN,True
10955,Thoothukudi,Tamil Nadu,628251,IN,True
10956,Ledo,Assam,786182,IN,True
10957,"Keeranoor,Mallur",Tamil Nadu,636203,IN,True
10958,"Triplicane,Chennai",Tamil Nadu,600005,IN,True
10959,Pettai,Tamil Nadu,627010,IN,True
10960,Sheikhpura,Bihar,811315,IN,True
10961,Virajpet,Karnataka,571211,IN,True
10962,Bhandara,Maharashtra,441701,IN,True
10963,Sunabeda,Odisha,763004,IN,True
10964,Azara,Assam,781128,IN,True
10965,Kanchipuram District,Tamil Nadu,602106,IN,True
10966,Sultan Bathery,Kerala,673595,IN,True
10967,District Raigadh,Maharashtra,410206,IN,True
10968,Razole,Andhra Pradesh,533242,IN,True
10969,Chakia Chandaulu,Uttar Pradesh,232103,IN,True
10970,Mettur Dam,Tamil Nadu,636452,IN,True
10971,"Berhampur, Ganjam",Odisha,760010,IN,True
10972,Habra,West Bengal,743222,IN,True
10973,Chennimalai,Tamil Nadu,638051,IN,True
10974,Manadan House,Kerala,680741,IN,True
10975,Navsari,Gujarat,396424,IN,True
10976,Thane(W),Maharashtra,400607,IN,True
10977,Krishnagiri,Tamil Nadu,635126,IN,True
10978,Udupi,Karnataka,576215,IN,True
10979,Puthalam,Tamil Nadu,629602,IN,True
10980,Thane,Maharashtra,421311,IN,True
10981,Vakkom,Kerala,695308,IN,True
10982,Nagercoil,Tamil Nadu,629901,IN,True
10983,Mulund (East)Mumbai,Maharashtra,400081,IN,True
10984,Pampady,Kerala,686516,IN,True
10985,"Howrah, Liluah",West Bengal,711204,IN,True
10986,Rohtak,Haryana,124021,IN,True
10987,"Amruthahalli, Jakkur Post",Karnataka,560064,IN,True
10988,Chandauli,Uttar Pradesh,233232,IN,True
10989,Panchkula,Haryana,134107,IN,True
10990,Agartala,Tripura,799210,IN,True
10991,Gogipeth,Karnataka,585309,IN,True
10992,Malda,West Bengal,732207,IN,True
10993,Sundarnagar,Himachal Pradesh,174401,IN,True
10994,Ponnur,Kerala,680501,IN,True
10995,Kolkata 53,West Bengal,700053,IN,True
10996,Danapur Cantt,Bihar,801503,IN,True
10997,Ashoknagar,West Bengal,743263,IN,True
10998,Kachchh,Gujarat,370001,IN,True
10999,Hyderabad Telangana,Telangana,500030,IN,True
11000,Sirsi,Karnataka,581318,IN,True
11001,Hydrabad,Telangana,502319,IN,True
11002,"Bangalore,",Karnataka,560011,IN,True
11003,Poonamallee,Tamil Nadu,600056,IN,True
11004,Chhaprauli,Uttar Pradesh,250617,IN,True
11005,Bangalore,Karnataka,560030,IN,True
11006,Avanigadda,Andhra Pradesh,521122,IN,True
11007,Kantabanji,Odisha,767039,IN,True
11008,Gudalur,Tamil Nadu,625518,IN,True
11009,Farrukh Nagar,Haryana,123506,IN,True
11010,"Mahim (West), Mumbai",Maharashtra,400016,IN,True
11011,Patna,Bihar,801103,IN,True
11012,"Venjaramoodu, Thiruvananthapuram",Kerala,695607,IN,True
11013,Belagavi,Karnataka,590018,IN,True
11014,Valsad,Gujarat,396045,IN,True
11015,Kazhakuttom. Thiruvananthapuram,Kerala,695586,IN,True
11016,Ariyalur,Tamil Nadu,621707,IN,True
11017,Hindaun City,Rajasthan,322230,IN,True
11018,Allahabad,Uttar Pradesh,229412,IN,True
11019,Tirthahalli,Karnataka,577414,IN,True
11020,Bikram,Bihar,801104,IN,True
11021,Dornakal,Telangana,506381,IN,True
11022,Umbergaon,Gujarat,396170,IN,True
11023,Chittoor,Andhra Pradesh,517589,IN,True
11024,Choppadandi,Telangana,505415,IN,True
11025,"Ettumanoor,Kottayam",Kerala,686016,IN,True
11026,Merrut,Uttar Pradesh,250406,IN,True
11027,Udaipur,Rajasthan,313004,IN,True
11028,Mohpa,Maharashtra,441502,IN,True
11029,Chittoor,Andhra Pradesh,517421,IN,True
11030,Gorakhpur,Uttar Pradesh,273405,IN,True
11031,Chengamanad P O 683578,Kerala,683578,IN,True
11032,Nizamabad,Telangana,503217,IN,True
11033,Tiruppur,Tamil Nadu,641608,IN,True
11034,Mandi,Himachal Pradesh,175045,IN,True
11035,Vellore,Tamil Nadu,632404,IN,True
11036,Darjeeling,West Bengal,734104,IN,True
11037,"Sandur Taluk, Bellary District",Karnataka,583119,IN,True
11038,"Ns Rd 10, Jvpds, Vile Parle (W) Mumbai",Maharashtra,400049,IN,True
11039,Dabhoi,Gujarat,391210,IN,True
11040,Warangal Rural,Telangana,506005,IN,True
11041,T.Narasapuram Mandalam,Andhra Pradesh,534467,IN,True
11042,Rayagada,Odisha,765015,IN,True
11043,Tarn Taran,Punjab,143117,IN,True
11044,Haldia,West Bengal,721605,IN,True
11045,Pondicherry,Puducherry,605007,IN,True
11046,Maudaha,Uttar Pradesh,210507,IN,True
11047,Old Delhi,Delhi,110006,IN,True
11048,Rangareddy,Telangana,501359,IN,True
11049,"Kakkodi, Kozhikode",Kerala,673611,IN,True
11050,Thiruvallur,Tamil Nadu,602002,IN,True
11051,Kathor,Gujarat,394150,IN,True
11052,Imphal-West,Manipur,795004,IN,True
11053,Bangalore,Karnataka,560052,IN,True
11054,Baripada,Odisha,757003,IN,True
11055,Lucknow,Uttar Pradesh,226009,IN,True
11056,Kemri,Uttar Pradesh,244928,IN,True
11057,Dhariwal,Punjab,143519,IN,True
11058,Varamballi,Karnataka,576213,IN,True
11059,Ramapuram,Tamil Nadu,629303,IN,True
11060,Kangra,Himachal Pradesh,176216,IN,True
11061,Debipur,West Bengal,713169,IN,True
11062,Mundlamuru,Andhra Pradesh,523265,IN,True
11063,Erode,Tamil Nadu,636006,IN,True
11064,Thiruvalla,Kerala,689621,IN,True
11065,Anantapur,Andhra Pradesh,516390,IN,True
11066,Kottaym,Kerala,686611,IN,True
11067,Valsad,Gujarat,396030,IN,True
11068,Hanumangarh,Rajasthan,335513,IN,True
11069,Coimbatore,Tamil Nadu,641033,IN,True
11070,Kolkata-700064,West Bengal,700064,IN,True
11071,Tumkur,Karnataka,572102,IN,True
11072,Uthukkottai,Tamil Nadu,602026,IN,True
11073,Umreth,Gujarat,388220,IN,True
11074,Orang,Assam,784114,IN,True
11075,Kannur,Kerala,670673,IN,True
11076,Port Blair / South Andaman,Andaman and Nicobar Islands,744101,IN,True
11077,Jharia,Jharkhand,828111,IN,True
11078,Jalandhar,Punjab,144416,IN,True
11079,Almora,Uttarakhand,263658,IN,True
11080,Ahmednagar,Maharashtra,411003,IN,True
11081,Kottayam,Kerala,686603,IN,True
11082,Chickballapur,Karnataka,562101,IN,True
11083,Belghria,West Bengal,700049,IN,True
11084,Old Goa,Goa,403108,IN,True
11085,Bapatla,Andhra Pradesh,522113,IN,True
11086,Talipady,Karnataka,574150,IN,True
11087,"Barh, Patna",Bihar,803215,IN,True
11088,Kamalpur,Tripura,799285,IN,True
11089,Sicendrabad,Telangana,500010,IN,True
11090,Kulasekharapuram,Kerala,690528,IN,True
11091,Manamadurai,Tamil Nadu,630606,IN,True
11092,Portblair,Andaman and Nicobar Islands,744102,IN,True
11093,Chittoor,Andhra Pradesh,517167,IN,True
11094,Sivagangai  District,Tamil Nadu,630106,IN,True
11095,Dharmaram Karimnagar District,Telangana,505416,IN,True
11096,Jhansi,Uttar Pradesh,284120,IN,True
11097,Mauranipur,Uttar Pradesh,284204,IN,True
11098,Siddharthnagar,Uttar Pradesh,272202,IN,True
11099,Visakhapatnam,Andhra Pradesh,531035,IN,True
11100,Trivandrum,Kerala,695582,IN,True
11101,"Kalaiyanur, Coimbatore",Tamil Nadu,641108,IN,True
11102,Ghaziabad,Uttar Pradesh,201206,IN,True
11103,West Champaran,Bihar,845306,IN,True
11104,Calicut,Kerala,673010,IN,True
11105,Athirampuzha,Kerala,686602,IN,True
11106,Pali Hardoi District,Uttar Pradesh,241123,IN,True
11107,Kadapra Niranam,Kerala,689621,IN,True
11108,"Kalapatti, Coimbatore",Tamil Nadu,641048,IN,True
11109,Anand,Gujarat,388121,IN,True
11110,Bhavnagar,Gujarat,364004,IN,True
11111,Nellore City,Andhra Pradesh,524003,IN,True
11112,Virudhachalam,Tamil Nadu,606003,IN,True
11113,Warangal,Telangana,506244,IN,True
11114,Jalandhar,Punjab,144012,IN,True
11115,Panaji,Goa,403003,IN,True
11116,"Attur, Salem",Tamil Nadu,636108,IN,True
11117,Kothagudem,Telangana,507118,IN,True
11118,"Pune, 51",Maharashtra,411041,IN,True
11119,Chittapur Tq,Karnataka,585211,IN,True
11120,"Avanyapuram , Madurai",Tamil Nadu,625012,IN,True
11121,Mallanwala Khas/Ferozepur,Punjab,152021,IN,True
11122,Gobindpur,Jharkhand,828109,IN,True
11123,Sonarpur,West Bengal,700150,IN,True
11124,Bhogaon,Uttar Pradesh,205262,IN,True
11125,Reckong Peo,Himachal Pradesh,172107,IN,True
11126,..Katra,Jammu and Kashmir,182301,IN,True
11127,Kandhar,Maharashtra,431714,IN,True
11128,Satara,Maharashtra,415114,IN,True
11129,Patna,Bihar,801111,IN,True
11130,Ranipet,Tamil Nadu,632404,IN,True
11131,Musabani,Jharkhand,832104,IN,True
11132,Anantapur,Andhra Pradesh,515832,IN,True
11133,Mummidivaram,Andhra Pradesh,533216,IN,True
11134,Agar,Madhya Pradesh,465441,IN,True
11135,Perambra,Kerala,673524,IN,True
11136,Nashik,Maharashtra,422213,IN,True
11137,Howrah,West Bengal,711113,IN,True
11138,Thiruvananthapuram,Kerala,695027,IN,True
11139,Kankavli,Maharashtra,416609,IN,True
11140,Kalyan Dombivli,Maharashtra,421203,IN,True
11141,Baithalangso,Assam,782450,IN,True
11142,Greater Noida West,Uttar Pradesh,201310,IN,True
11143,Guntur,Andhra Pradesh,521120,IN,True
11144,Elgaid,Telangana,505525,IN,True
11145,Kallakuruchi,Tamil Nadu,605766,IN,True
11146,"R.C. Technical College Road, Ghatlodia, Ahmedabad",Gujarat,380061,IN,True
11147,Bilaspur,Himachal Pradesh,174027,IN,True
11148,Kalugumalai,Tamil Nadu,628552,IN,True
11149,Sao Jose De Areal,Goa,403707,IN,True
11150,Trivandrum,Kerala,695572,IN,True
11151,Sultanpur,Uttar Pradesh,228159,IN,True
11152,Ranpur,Odisha,752026,IN,True
11153,Kazipet,Telangana,506003,IN,True
11154,"Chengannur, Alappuzha District",Kerala,689505,IN,True
11155,Gurgaon,Haryana,122005,IN,True
11156,Satana,Maharashtra,423301,IN,True
11157,Kanniyakumari,Tamil Nadu,629171,IN,True
11158,Faizabad,Uttar Pradesh,224206,IN,True
11159,Bajpe,Karnataka,574142,IN,True
11160,Didwana,Rajasthan,341303,IN,True
11161,Dehra H.O,Himachal Pradesh,177101,IN,True
11162,Bikapur,Uttar Pradesh,224204,IN,True
11163,Changanacherry,Kerala,686536,IN,True
11164,Thiruvananthapuram 1,Kerala,695001,IN,True
11165,Bishnah,Jammu and Kashmir,181132,IN,True
11166,Panvel,Maharashtra,410210,IN,True
11167,"Bhandup (West), Mumbai - 400078",Maharashtra,400078,IN,True
11168,Perinad,Kerala,691590,IN,True
11169,Jamnagar,Gujarat,361009,IN,True
11170,Unchahar,Uttar Pradesh,229404,IN,True
11171,"Goregaon (West), Mumbai",Maharashtra,400062,IN,True
11172,Arni,Tamil Nadu,632301,IN,True
11173,Khapat,Gujarat,362530,IN,True
11174,Jalandhar Cantt,Punjab,144005,IN,True
11175,Beed,Maharashtra,431122,IN,True
11176,Rahui Block. Local Town-Biharsarif,Bihar,803119,IN,True
11177,Aligarh,Uttar Pradesh,202165,IN,True
11178,Hsiidc Industrial Estate Panipat,Haryana,132140,IN,True
11179,Thiroor,Kerala,680581,IN,True
11180,Thane. West,Maharashtra,400601,IN,True
11181,Kangra,Himachal Pradesh,176057,IN,True
11182,"Chittethukara, Kakkanad,Cochin",Kerala,682037,IN,True
11183,Haora,West Bengal,711409,IN,True
11184,Azamgarh,Uttar Pradesh,223221,IN,True
11185,"Malwani Church, Malad West , Mumbai.",Maharashtra,400095,IN,True
11186,Aurangabad,Maharashtra,431154,IN,True
11187,Solan,Himachal Pradesh,173213,IN,True
11188,Rayabhupalapatnam,Andhra Pradesh,533437,IN,True
11189,Mydukur,Andhra Pradesh,516172,IN,True
11190,Shopian,Jammu and Kashmir,192303,IN,True
11191,Kelamangalam,Tamil Nadu,635113,IN,True
11192,Birur,Karnataka,577116,IN,True
11193,Thoothukkudi,Tamil Nadu,628717,IN,True
11194,"Old Mathigiri, Hosur",Tamil Nadu,635110,IN,True
11195,Ullal,Karnataka,575023,IN,True
11196,Murtajapur,Maharashtra,444107,IN,True
11197,Mullassery,Kerala,680509,IN,True
11198,Sibsagar,Assam,785664,IN,True
11199,Azamgarh,Uttar Pradesh,276406,IN,True
11200,Kozhikode,Kerala,673527,IN,True
11201,Dharwad,Karnataka,580005,IN,True
11202,Dhanori-Vishrantwadi,Maharashtra,411015,IN,True
11203,Rajapalayam Virudhunagar District,Tamil Nadu,626102,IN,True
11204,Thiruvananthapuram,Kerala,695584,IN,True
11205,Vikramasingapuram,Tamil Nadu,627425,IN,True
11206,Damanjodi,Odisha,763008,IN,True
11207,Santokhgarh,Himachal Pradesh,174301,IN,True
11208,Vasai(W),Maharashtra,401201,IN,True
11209,Kaliakkavila Maruthancode,Tamil Nadu,629153,IN,True
11210,Manakondur,Telangana,505469,IN,True
11211,Dehradun 248001,Uttarakhand,248001,IN,True
11212,Todabhim,Rajasthan,321611,IN,True
11213,Dombivli West 421202,Maharashtra,421202,IN,True
11214,Ambala,Haryana,133202,IN,True
11215,Ezhudesam,Tamil Nadu,629154,IN,True
11216,Balasore,Odisha,756046,IN,True
11217,"Huvinahadagali (Tq),, Ballari (D)",Karnataka,583217,IN,True
11218,Ludhiana,Punjab,141116,IN,True
11219,Ernakullam,Kerala,682024,IN,True
11220,Soro,Odisha,756046,IN,True
11221,Sihor,Gujarat,364240,IN,True
11222,Tri Nagar,Delhi,110035,IN,True
11223,Jammu,Jammu and Kashmir,181121,IN,True
11224,Anandnagar,Uttar Pradesh,273155,IN,True
11225,Calicut,Kerala,673005,IN,True
11226,Boudh,Odisha,762014,IN,True
11227,Singnapur Kopargaon,Maharashtra,423601,IN,True
11228,Chittur,Kerala,678510,IN,True
11229,Kannur,Kerala,670705,IN,True
11230,Kurnool,Andhra Pradesh,518543,IN,True
11231,"Kalyan, Thane",Maharashtra,421102,IN,True
11232,Golabandha,Odisha,761052,IN,True
11233,Punalur,Kerala,691331,IN,True
11234,Dhar Kalan,Punjab,145001,IN,True
11235,Agra,Uttar Pradesh,282008,IN,True
11236,Behror,Rajasthan,301701,IN,True
11237,Guntur,Andhra Pradesh,522019,IN,True
11238,Dantewada,Chhattisgarh,494115,IN,True
11239,Sonatikiri,West Bengal,743245,IN,True
11240,Nagri Kalan,Jharkhand,828113,IN,True
11241,Jaynagar Mazilpur,West Bengal,743337,IN,True
11242,Vizianagaram,Andhra Pradesh,535006,IN,True
11243,Namakkal,Tamil Nadu,637020,IN,True
11244,"Nahan, Sirmour",Himachal Pradesh,173001,IN,True
11245,Chelora,Kerala,670006,IN,True
11246,Peddapalli District,Telangana,505215,IN,True
11247,"Nagercoil-4, 629004",Tamil Nadu,629004,IN,True
11248,Farakka Barrage Township,West Bengal,742202,IN,True
11249,Sonbarsa,Bihar,843330,IN,True
11250,Chitrakoot,Madhya Pradesh,485334,IN,True
11251,Lucknow Cantt,Uttar Pradesh,226002,IN,True
11252,Enathu,Kerala,691526,IN,True
11253,Bisalpur,Uttar Pradesh,248870,IN,True
11254,Chimbelpanjim,Goa,403006,IN,True
11255,Hyderabad,Andhra Pradesh,500034,IN,True
11256,Badkulla,West Bengal,741121,IN,True
11257,Nalanda,Bihar,803101,IN,True
11258,Dindigul,Tamil Nadu,624601,IN,True
11259,Gandhinagar,Gujarat,382042,IN,True
11260,Bangalore,Karnataka,560012,IN,True
11261,Vasco-Da-Gama,Goa,403802,IN,True
11262,"Mira Bhayandar,Thane",Maharashtra,401101,IN,True
11263,Delhi,Delhi,110021,IN,True
11264,"Walkeshwar,Mumbai",Maharashtra,400006,IN,True
11265,Gautam Buddha Nagar,Uttar Pradesh,201307,IN,True
11266,Panchla,West Bengal,711322,IN,True
11267,Ulhasnager,Maharashtra,421004,IN,True
11268,Davanagere,Karnataka,577221,IN,True
11269,Edappadi,Tamil Nadu,637101,IN,True
11270,Noida Gautam Buddha Nagar,Uttar Pradesh,201309,IN,True
11271,"Tirurangadi, Malappuram",Kerala,676306,IN,True
11272,"Vazhakkala  , Kochi",Kerala,682030,IN,True
11273,Rupbas,Rajasthan,321302,IN,True
11274,Bhilai,Chhattisgarh,490024,IN,True
11275,Vasai Virar,Maharashtra,401210,IN,True
11276,Kanhangad,Kerala,671315,IN,True
11277,Kochi,Kerala,683106,IN,True
11278,Kanjiramkulam,Kerala,695526,IN,True
11279,Vaikom,Kerala,686141,IN,True
11280,Sheosagar,Bihar,821111,IN,True
11281,Rajpura,Punjab,140402,IN,True
11282,Secendrabad,Telangana,500062,IN,True
11283,Mapusa,Goa,403502,IN,True
11284,Kothamangalam,Kerala,686671,IN,True
11285,Ghaziabadsahibabad,Uttar Pradesh,201005,IN,True
11286,Udaipurwati Jhunjhunu,Rajasthan,333307,IN,True
11287,Kadipur,Uttar Pradesh,228161,IN,True
11288,Beypore,Kerala,673655,IN,True
11289,Palghar,Maharashtra,401201,IN,True
11290,Diphu,Assam,782462,IN,True
11291,Sagar,Karnataka,577412,IN,True
11292,Parikshitgarh,Uttar Pradesh,250406,IN,True
11293,Kalamassery,Kerala,682033,IN,True
11294,Payyanur,Kerala,670327,IN,True
11295,Hemgir,Odisha,770024,IN,True
11296,Jalandhar,Punjab,144031,IN,True
11297,Alathur,Kerala,678703,IN,True
11298,Kollegal,Karnataka,571443,IN,True
11299,Vijaypur,Karnataka,586103,IN,True
11300,Chunchale Tal Chopda Dis Jalgaon,Maharashtra,425107,IN,True
11301,Nellithope,Puducherry,605005,IN,True
11302,Renuka,Himachal Pradesh,173022,IN,True
11303,New Delhi 110034,Delhi,110056,IN,True
11304,Kheda,Gujarat,388421,IN,True
11305,Begusarai,Bihar,851116,IN,True
11306,Jakholi,Uttarakhand,246475,IN,True
11307,Kurduwadi,Maharashtra,413208,IN,True
11308,Chengelpet,Tamil Nadu,603203,IN,True
11309,Vizianagaram,Andhra Pradesh,535568,IN,True
11310,Dehradun,Uttarakhand,249204,IN,True
11311,Couch Behar,West Bengal,736101,IN,True
11312,Raighar,Odisha,764074,IN,True
11313,Koratty,Kerala,680309,IN,True
11314,Kochi,Kerala,682510,IN,True
11315,Khorda,Odisha,751015,IN,True
11316,"Tirupathur , Tirupattur District",Tamil Nadu,635601,IN,True
11317,Dhanbad,Jharkhand,828101,IN,True
11318,"Ernakulam,Aluva",Kerala,683106,IN,True
11319,Cuttack,Odisha,754207,IN,True
11320,Imphal Town,Manipur,795001,IN,True
11321,Near Counselor House Basanti Dey Biswas,West Bengal,700049,IN,True
11322,Nainital,Uttarakhand,263139,IN,True
11323,Guwahati,Assam,781121,IN,True
11324,"Tal. Shahapur, Dist. Thane",Maharashtra,421601,IN,True
11325,Keezhkulam,Tamil Nadu,629193,IN,True
11326,Utnur,Telangana,504311,IN,True
11327,Bargawan,Madhya Pradesh,486886,IN,True
11328,Dhaulpur,Rajasthan,328027,IN,True
11329,Junnar Pune,Maharashtra,412412,IN,True
11330,Khopoli,Maharashtra,410202,IN,True
11331,Firozpur,Punjab,152113,IN,True
11332,"Chakrata Road, Dehradun",Uttarakhand,248006,IN,True
11333,Tonk,Rajasthan,304022,IN,True
11334,Pondicherry,Puducherry,605004,IN,True
11335,Barauli,Bihar,841405,IN,True
11336,Chovva,Kerala,670006,IN,True
11337,Menhdawal,Uttar Pradesh,272154,IN,True
11338,Katni,Madhya Pradesh,482001,IN,True
11339,Jairampur,Arunachal Pradesh,792121,IN,True
11340,Marudur,Tamil Nadu,639107,IN,True
11341,Kattanam,Kerala,690505,IN,True
11342,Ranchi,Jharkhand,835303,IN,True
11343,Kannur,Kerala,670010,IN,True
11344,Ambalapuzha,Kerala,688005,IN,True
11345,New Delhidelhi,Delhi,110095,IN,True
11346,Nagaur,Rajasthan,341305,IN,True
11347,"Magarpatta City , Pune",Maharashtra,411028,IN,True
11348,"Edapally, Cochin",Kerala,682033,IN,True
11349,Mumbai,Maharashtra,401105,IN,True
11350,Theog,Himachal Pradesh,171209,IN,True
11351,Bangalore-78,Karnataka,560078,IN,True
11352,"Orathanad Taluk, Thanjavur Dt",Tamil Nadu,614905,IN,True
11353,Bicholim,Goa,403503,IN,True
11354,Azhiyur,Kerala,673309,IN,True
11355,"Rudraram, Hyderabad",Telangana,502329,IN,True
11356,Kathhara,Jharkhand,829116,IN,True
11357,Palakkad,Kerala,678633,IN,True
11358,Jalandhar,Punjab,144014,IN,True
11359,Talegaon Dabhade Pune,Maharashtra,410506,IN,True
11360,Greater Noida West (Noida Extension),Uttar Pradesh,201306,IN,True
11361,Kolkata 700063,West Bengal,700063,IN,True
11362,Athiyannur,Kerala,695501,IN,True
11363,Talcher,Odisha,759116,IN,True
11364,Khatra,West Bengal,722140,IN,True
11365,Madhepura,Bihar,852210,IN,True
11366,East Delhi,Delhi,110053,IN,True
11367,Nileshwaram,Kerala,671314,IN,True
11368,Badsar,Himachal Pradesh,174305,IN,True
11369,Alappuzha,Kerala,688505,IN,True
11370,Karkamb,Maharashtra,413302,IN,True
11371,Trivandrum,Kerala,695004,IN,True
11372,Balipara,Assam,784101,IN,True
11373,Inkollu,Andhra Pradesh,523190,IN,True
11374,Amadalavalasa,Andhra Pradesh,532185,IN,True
11375,Hyderabad-500018,Telangana,500018,IN,True
11376,Chandausi Dist.Sambhal,Uttar Pradesh,244412,IN,True
11377,Kolkatakolkata,West Bengal,700014,IN,True
11378,Vaghodia,Gujarat,391760,IN,True
11379,"Kottarakara, Kollam",Kerala,691506,IN,True
11380,Kannur,Kerala,670101,IN,True
11381,Miyapur Hyderabad,Telangana,500049,IN,True
11382,Tirodi,Madhya Pradesh,481449,IN,True
11383,Kallur,Andhra Pradesh,518218,IN,True
11384,Koothanallur,Tamil Nadu,614101,IN,True
11385,Alawalpur,Punjab,144301,IN,True
11386,Imphacity,Manipur,795001,IN,True
11387,Palakkad,Kerala,678553,IN,True
11388,New Usmanpur 1 Pusta,Delhi,110053,IN,True
11389,Kanjikode Industrial Area,Kerala,678621,IN,True
11390,Nagercoil -  2,Tamil Nadu,629002,IN,True
11391,Guwahati In,Assam,781038,IN,True
11392,Mangalam,Tamil Nadu,641663,IN,True
11393,Thane - West,Maharashtra,400607,IN,True
11394,Bardhaman,West Bengal,713103,IN,True
11395,Mysore,Karnataka,570026,IN,True
11396,Kochi,Kerala,682314,IN,True
11397,Sagri,Uttar Pradesh,276135,IN,True
11398,Bhubaneswar,Odisha,752050,IN,True
11399,Sitamarhi,Bihar,843314,IN,True
11400,Jaipur,Rajasthan,302011,IN,True
11401,Mandi,Himachal Pradesh,175106,IN,True
11402,Pantnagar,Uttarakhand,263145,IN,True
11403,Badami,Karnataka,587201,IN,True
11404,Bijapur,Karnataka,586101,IN,True
11405,Jalandhar,Punjab,144023,IN,True
11406,Sonpeth,Maharashtra,431516,IN,True
11407,Ahemedabad,Gujarat,382424,IN,True
11408,"Medical College , Calicut",Kerala,673008,IN,True
11409,Quepem,Goa,403714,IN,True
11410,C.C.C Naspur,Telangana,504302,IN,True
11411,Hapoli,Arunachal Pradesh,791120,IN,True
11412,Shahabad Hardoi District,Uttar Pradesh,241124,IN,True
11413,Perecherla,Andhra Pradesh,522005,IN,True
11414,"Habibpur,Bhagalpur",Bihar,812005,IN,True
11415,Barmana,Himachal Pradesh,174013,IN,True
11416,Thrissur,Kerala,680013,IN,True
11417,Changlang,Arunachal Pradesh,792122,IN,True
11418,Shimla-717009,Himachal Pradesh,171009,IN,True
11419,Pallipalayam,Tamil Nadu,638006,IN,True
11420,Mulakalapally,Telangana,507115,IN,True
11421,Honda,Goa,403505,IN,True
11422,Pantnagar,Uttarakhand,263148,IN,True
11423,Ajmer,Rajasthan,305003,IN,True
11424,Unnao,Uttar Pradesh,226301,IN,True
11425,Thiruvananthapuram,Kerala,695504,IN,True
11426,Kadapa,Andhra Pradesh,516259,IN,True
11427,Bakhtiarpur,Bihar,803212,IN,True
11428,"Haralur, Bengaluru",Karnataka,560068,IN,True
11429,Chiramanangad,Kerala,680519,IN,True
11430,Sikandra Allahabad District,Uttar Pradesh,212109,IN,True
11431,Sopore,Jammu and Kashmir,193201,IN,True
11432,Dombivili East,Maharashtra,421203,IN,True
11433,Atkot,Gujarat,360040,IN,True
11434,Andheri E,Maharashtra,400072,IN,True
11435,Sirmaur,Madhya Pradesh,486448,IN,True
11436,Kolazhy,Kerala,680008,IN,True
11437,Turuvekere,Karnataka,572227,IN,True
11438,Gotan,Rajasthan,342902,IN,True
11439,Nagamalaipudukottai,Tamil Nadu,625019,IN,True
11440,"Mulund ( West), Mumbai, Pin 400080",Maharashtra,400080,IN,True
11441,"Ellora Park, Vadodara",Gujarat,390007,IN,True
11442,Musunuru,Andhra Pradesh,521213,IN,True
11443,Nagaon,Assam,782138,IN,True
11444,Dehradund,Uttarakhand,248008,IN,True
11445,New Chandigarh,Punjab,140301,IN,True
11446,Vagra,Gujarat,392140,IN,True
11447,"Edat, Payyanur,Kannur",Kerala,670327,IN,True
11448,Ratnagiri,Maharashtra,415639,IN,True
11449,Palus,Maharashtra,416310,IN,True
11450,Vellore,Tamil Nadu,632515,IN,True
11451,Ahmedabad,Gujarat,380018,IN,True
11452,Dharangaon Dist Jalgaon,Maharashtra,425105,IN,True
11453,Tiruvuru,Andhra Pradesh,521235,IN,True
11454,Uttar Madarihat,West Bengal,735220,IN,True
11455,Kaveripakkam,Tamil Nadu,632508,IN,True
11456,Sukhrali Sec 17C Gurgaon,Haryana,122001,IN,True
11457,Erattayar,Kerala,685514,IN,True
11458,Kasaragod,Kerala,671531,IN,True
11459,Tarapur,Maharashtra,401506,IN,True
11460,Pollachi,Tamil Nadu,642005,IN,True
11461,"Silchar, Cachar",Assam,788014,IN,True
11462,"Chandkheda, Ahmedabad",Gujarat,382424,IN,True
11463,"Mapusa, Bardez",Goa,403507,IN,True
11464,"Udumalpet, Tirupur",Tamil Nadu,642207,IN,True
11465,"Goregaon West, Mumbai 400062",Maharashtra,400062,IN,True
11466,Kothamangalam,Kerala,686693,IN,True
11467,Desamangalam,Kerala,679532,IN,True
11468,Laksar,Uttarakhand,247663,IN,True
11469,Corlim,Goa,403110,IN,True
11470,Bangalore,Karnataka,560042,IN,True
11471,Jogbani Araria Bihar,Bihar,854328,IN,True
11472,Ahmedanagar,Maharashtra,414003,IN,True
11473,Surat,Gujarat,394315,IN,True
11474,Yadgir,Karnataka,585201,IN,True
11475,Ambagarh Chowki,Chhattisgarh,491665,IN,True
11476,Mohali,Punjab,160066,IN,True
11477,Namchi Bazaar,Sikkim,737126,IN,True
11478,Chandpara,West Bengal,743245,IN,True
11479,Dhakholi,Punjab,140603,IN,True
11480,Mavelikkara,Kerala,690570,IN,True
11481,"Guwahati,",Assam,781028,IN,True
11482,"Kaggalipura, Bengaluru",Karnataka,560082,IN,True
11483,Obaidullaganj,Madhya Pradesh,464993,IN,True
11484,Jagadhari,Haryana,135003,IN,True
11485,Kendujhar,Odisha,758046,IN,True
11486,Silchar,Assam,788014,IN,True
11487,Coimbatore,Tamil Nadu,641031,IN,True
11488,Nadiad,Gujarat,387350,IN,True
11489,"Makthal,Narayanpet Dist",Telangana,509208,IN,True
11490,Devrukh,Maharashtra,415804,IN,True
11491,Begusarai,Bihar,851217,IN,True
11492,Etawah,Uttar Pradesh,205253,IN,True
11493,Arangottukara,Kerala,679532,IN,True
11494,Deodar,Gujarat,385330,IN,True
11495,Gudur,Andhra Pradesh,524410,IN,True
11496,Ammapettai Thanjavur District,Tamil Nadu,614401,IN,True
11497,Melpakkam,Tamil Nadu,631002,IN,True
11498,Purba Medinipur,West Bengal,721131,IN,True
11499,Pondicherry,Puducherry,605008,IN,True
11500,Pathankot Lamini,Punjab,145001,IN,True
11501,Bijbehara,Jammu and Kashmir,192124,IN,True
11502,Jaipur,Rajasthan,303706,IN,True
11503,Aurangabad,Maharashtra,431116,IN,True
11504,Dharwad,Karnataka,580009,IN,True
11505,"Narwana, Jind",Haryana,126116,IN,True
11506,Delhi,Delhi,110063,IN,True
11507,Greater Noida,Uttar Pradesh,201003,IN,True
11508,Jammu,Jammu and Kashmir,181111,IN,True
11509,Chittoor,Andhra Pradesh,517257,IN,True
11510,Junga,Himachal Pradesh,171218,IN,True
11511,Niwai Industrial Area,Rajasthan,304021,IN,True
11512,Karapakkam Chennai,Tamil Nadu,600097,IN,True
11513,Benipatti,Bihar,847102,IN,True
11514,"Doraha, District Ludhiana.",Punjab,141421,IN,True
11515,"Noida, Sec -44",Uttar Pradesh,201301,IN,True
11516,Supaul,Bihar,852137,IN,True
11517,Indora,Himachal Pradesh,176402,IN,True
11518,Visakhapatnam,Andhra Pradesh,531021,IN,True
11519,Avinissery,Kerala,680027,IN,True
11520,Naihati,West Bengal,743166,IN,True
11521,Chandigarh,Punjab,160103,IN,True
11522,Gangapur,Maharashtra,431109,IN,True
11523,Tamluk,West Bengal,721648,IN,True
11524,"Pimpri, Pune",Maharashtra,411018,IN,True
11525,Wadhwan,Gujarat,363030,IN,True
11526,Kannur,Kerala,670009,IN,True
11527,Tola Mansaraut,Bihar,845438,IN,True
11528,Thazhuthala,Kerala,691304,IN,True
11529,Kopargaon,Maharashtra,423601,IN,True
11530,Mahrajganj Azamgarh District,Uttar Pradesh,276137,IN,True
11531,Kalyan (W),Maharashtra,421301,IN,True
11532,Kekri,Rajasthan,305404,IN,True
11533,Belagavi,Karnataka,590008,IN,True
11534,Goliyangdi,Karnataka,576212,IN,True
11535,Darjeeling,West Bengal,734436,IN,True
11536,Yenamadurru,Andhra Pradesh,534239,IN,True
11537,Tanalur,Kerala,676307,IN,True
11538,Bhandara Road,Maharashtra,441906,IN,True
11539,"Bhubaneswar,",Odisha,751012,IN,True
11540,Bengalore,Karnataka,560043,IN,True
11541,Bidasar,Rajasthan,331501,IN,True
11542,Noida,Uttar Pradesh,201302,IN,True
11543,Kadapa,Andhra Pradesh,516004,IN,True
11544,Hooghly,West Bengal,712410,IN,True
11545,Kangra,Himachal Pradesh,176088,IN,True
11546,Salcete,Goa,403725,IN,True
11547,Pamur,Andhra Pradesh,523110,IN,True
11548,Venkatapura,Karnataka,581354,IN,True
11549,Muvattupuzha,Kerala,686668,IN,True
11550,New Delhi,Delhi,110090,IN,True
11551,Tanda,Punjab,144204,IN,True
11552,Amethi,Uttar Pradesh,227405,IN,True
11553,Lanjigarh Road,Odisha,766110,IN,True
11554,Chirch Compond,Telangana,507001,IN,True
11555,"Saifai, Etawah",Uttar Pradesh,206130,IN,True
11556,Tenali,Andhra Pradesh,522306,IN,True
11557,Kalyan(W),Maharashtra,421301,IN,True
11558,"Pandhurna,",Madhya Pradesh,480334,IN,True
11559,Malda,West Bengal,732124,IN,True
11560,Bangalore,Karnataka,560019,IN,True
11561,Chhapi,Gujarat,385210,IN,True
11562,Ahmednagar,Maharashtra,414111,IN,True
11563,Budhana,Uttar Pradesh,251305,IN,True
11564,Nalgonda,Telangana,508112,IN,True
11565,Mangalore,Karnataka,575016,IN,True
11566,Manjummel,Kerala,683501,IN,True
11567,Sheikhpura,Bihar,811105,IN,True
11568,District Kangra Tehsil. Dheera,Himachal Pradesh,176084,IN,True
11569,Rewa,Madhya Pradesh,486002,IN,True
11570,"Kuttur, Thrissur",Kerala,680013,IN,True
11571,Chittur,Kerala,678556,IN,True
11572,Chimur,Maharashtra,442903,IN,True
11573,Ponmundam,Kerala,676106,IN,True
11574,Mahe,Kerala,673310,IN,True
11575,Tirumangalam,Tamil Nadu,625706,IN,True
11576,Cachar,Assam,788005,IN,True
11577,"Aluva, Ernakulam",Kerala,683502,IN,True
11578,Kuthiathode,Kerala,688532,IN,True
11579,Karunagappally,Kerala,690523,IN,True
11580,Matelli,West Bengal,735223,IN,True
11581,Nivi,Uttar Pradesh,212107,IN,True
11582,Alathur,Kerala,678573,IN,True
11583,Kanchipuram,Tamil Nadu,603103,IN,True
11584,Roing,Arunachal Pradesh,792110,IN,True
11585,Dombivali (West) -421202,Maharashtra,421202,IN,True
11586,Allahabad,Uttar Pradesh,221508,IN,True
11587,Reasi,Jammu and Kashmir,182312,IN,True
11588,Kollam,Kerala,691009,IN,True
11589,Swarupnagar Ps,West Bengal,743247,IN,True
11590,"Alampur, Kangra",Himachal Pradesh,176082,IN,True
11591,Patiala,Punjab,147201,IN,True
11592,"Yendada, Visakhapatnam",Andhra Pradesh,530045,IN,True
11593,Sandila,Uttar Pradesh,241204,IN,True
11594,Tekkali,Andhra Pradesh,532201,IN,True
11595,Manipura Dendoorkatte,Karnataka,576120,IN,True
11596,New Delhi 110076,Delhi,110076,IN,True
11597,Ramgarh,Jharkhand,829150,IN,True
11598,Nazerath,Tamil Nadu,628617,IN,True
11599,Purnea,Bihar,854204,IN,True
11600,Hyderabad,Andhra Pradesh,500033,IN,True
11601,Jabalpur,Madhya Pradesh,482020,IN,True
11602,Satara,Maharashtra,415523,IN,True
11603,Latur,Maharashtra,413521,IN,True
11604,Velsao Falvaddo,Goa,403712,IN,True
11605,Kolhapur,Maharashtra,416210,IN,True
11606,Ateli,Haryana,123021,IN,True
11607,Rajgarh Churu District,Rajasthan,331023,IN,True
11608,Varangaon,Maharashtra,425308,IN,True
11609,Thane,Maharashtra,401209,IN,True
11610,Narsingarh,Madhya Pradesh,470675,IN,True
11611,Daurala,Uttar Pradesh,250221,IN,True
11612,Vasai Road(West),Maharashtra,401202,IN,True
11613,Kuttemperoor,Kerala,689623,IN,True
11614,Srinagar City,Jammu and Kashmir,190011,IN,True
11615,Udaiyalur,Tamil Nadu,612804,IN,True
11616,Konch,Uttar Pradesh,285205,IN,True
11617,"116  B. P. M. B Sarani, Uttarpara Kotrung",West Bengal,712232,IN,True
11618,Khusrupur,Bihar,803202,IN,True
11619,Mahesana,Gujarat,382730,IN,True
11620,Calcutta,West Bengal,700099,IN,True
11621,Neemrana,Rajasthan,301714,IN,True
11622,Koch Bihar,West Bengal,736171,IN,True
11623,City & Mandal : Koratla ;(District: Jagtial Dist.),Telangana,505326,IN,True
11624,"Bhusawal,",Maharashtra,425201,IN,True
11625,Bantval,Karnataka,574260,IN,True
11626,Jalandhar,Punjab,144101,IN,True
11627,Imphal,Manipur,795140,IN,True
11628,"Bhamragad, Gadchiroli",Maharashtra,442710,IN,True
11629,North Goa,Goa,403502,IN,True
11630,Bokaro Steel City,Jharkhand,829301,IN,True
11631,Madhugiri,Karnataka,572132,IN,True
11632,South Goa,Goa,403804,IN,True
11633,Mahabaleshwar,Maharashtra,412806,IN,True
11634,Mumbai-400001,Maharashtra,400001,IN,True
11635,Kurukshetra,Haryana,136131,IN,True
11636,Sundargarh,Odisha,770019,IN,True
11637,Koheda,Telangana,505473,IN,True
11638,Anthiyur,Tamil Nadu,638314,IN,True
11639,Pampora,Jammu and Kashmir,192121,IN,True
11640,Tambaram,Tamil Nadu,600132,IN,True
11641,Pune.,Maharashtra,411037,IN,True
11642,Mannarkad,Kerala,678591,IN,True
11643,Jaitpuri Patelpara,Chhattisgarh,494226,IN,True
11644,Pulimath Kilimanoor,Kerala,695612,IN,True
11645,Puduvayal,Tamil Nadu,630108,IN,True
11646,Modasa,Gujarat,383315,IN,True
11647,Chathannoor.,Kerala,691579,IN,True
11648,"Murbad,Thane",Maharashtra,421401,IN,True
11649,Vettaikaranpudur,Tamil Nadu,642103,IN,True
11650,Bareli,Madhya Pradesh,464668,IN,True
11651,Jhanjharpur,Bihar,847404,IN,True
11652,Raigarh,Maharashtra,410209,IN,True
11653,"Kalaiyarkoil, Sivaganga District",Tamil Nadu,630551,IN,True
11654,"Chembur (East), Mumbai",Maharashtra,400071,IN,True
11655,Belgaum,Karnataka,591109,IN,True
11656,Kalghatgi,Karnataka,581204,IN,True
11657,Davanagere,Karnataka,577145,IN,True
11658,Malappuram,Kerala,676519,IN,True
11659,Vittal,Karnataka,574243,IN,True
11660,"Talcher,Angul",Odisha,759100,IN,True
11661,Jamshedpur,Jharkhand,832107,IN,True
11662,"Dombivali Midc, Thane",Maharashtra,421201,IN,True
11663,Durgapur,West Bengal,713208,IN,True
11664,Satara,Maharashtra,415110,IN,True
11665,Jaipur,Rajasthan,303012,IN,True
11666,Teleni Para,West Bengal,700121,IN,True
11667,Pune,Maharashtra,410503,IN,True
11668,Savner,Maharashtra,441107,IN,True
11669,Idukki,Kerala,685604,IN,True
11670,Jaitu,Punjab,151202,IN,True
11671,Kherwara Chhaoni,Rajasthan,313803,IN,True
11672,Chittorgarh,Rajasthan,323307,IN,True
11673,"Ullal, Deralakatte",Karnataka,575018,IN,True
11674,Tangi,Odisha,752027,IN,True
11675,Mayurbhanj,Odisha,757020,IN,True
11676,Mulund West,Maharashtra,400082,IN,True
11677,Coimbatore,Tamil Nadu,641039,IN,True
11678,Ooty,Tamil Nadu,643004,IN,True
11679,Sant Kabir Nagarlucknow,Uttar Pradesh,226004,IN,True
11680,Kewalpur Bahraich,Uttar Pradesh,271881,IN,True
11681,Sangrur,Punjab,148023,IN,True
11682,Neral,Maharashtra,410101,IN,True
11683,Virar W,Maharashtra,401303,IN,True
11684,Srikakulam,Andhra Pradesh,532005,IN,True
11685,Pavaratty,Kerala,680511,IN,True
11686,Thirumangalam,Tamil Nadu,625706,IN,True
11687,Visakhapatnam,Andhra Pradesh,531023,IN,True
11688,Jaipur,Rajasthan,302037,IN,True
11689,Patna,Bihar,801102,IN,True
11690,"Pimpri Chinchwad, Pune",Maharashtra,411033,IN,True
11691,Mahagma,Jharkhand,814154,IN,True
11692,Patna,Bihar,801506,IN,True
11693,Alagappapuram,Tamil Nadu,629401,IN,True
11694,Khairabad Sitapur District,Uttar Pradesh,261131,IN,True
11695,Bareja,Gujarat,382425,IN,True
11696,"Igatpuri ,Nasik District",Maharashtra,422403,IN,True
11697,Kampli,Karnataka,583132,IN,True
11698,Patna,Bihar,800005,IN,True
11699,Chittoor,Andhra Pradesh,517214,IN,True
11700,Kalpakam,Tamil Nadu,603102,IN,True
11701,Delhi,Delhi,110010,IN,True
11702,Nadakkavu,Kerala,682307,IN,True
11703,"Chembur East, Mumbai",Maharashtra,400071,IN,True
11704,Boduppal,Telangana,500092,IN,True
11705,Pathanamthitta,Kerala,689645,IN,True
11706,Kolhar Bk. Taluka Rahta,Maharashtra,413710,IN,True
11707,Theni District,Tamil Nadu,625601,IN,True
11708,Delhi,Delhi,110066,IN,True
11709,Sonipat,Haryana,131103,IN,True
11710,Sultanpur,Uttar Pradesh,227806,IN,True
11711,Jeypore,Odisha,764003,IN,True
11712,Alappuzha,Kerala,688011,IN,True
11713,Halvad,Gujarat,363330,IN,True
11714,"Thakurli, Dist Thane",Maharashtra,421201,IN,True
11715,Phusro,Jharkhand,825102,IN,True
11716,Kanpur Nagar,Uttar Pradesh,208027,IN,True
11717,"Mulund West, Mumbai",Maharashtra,400080,IN,True
11718,Kottayampoil,Kerala,670643,IN,True
11719,Tirur,Kerala,676307,IN,True
11720,"Vasai West, Palghar District",Maharashtra,401202,IN,True
11721,Phillaur Dist. Jalandhar,Punjab,144035,IN,True
11722,Palakonda/Srikakulam(Dist),Andhra Pradesh,532460,IN,True
11723,Guduvancherry,Tamil Nadu,603202,IN,True
11724,Yerrabalem,Telangana,507201,IN,True
11725,Vellore,Tamil Nadu,635805,IN,True
11726,"Palarivattom, Ernakulam",Kerala,682025,IN,True
11727,Nadakuduru,Andhra Pradesh,533016,IN,True
11728,Kilvelur,Tamil Nadu,611104,IN,True
11729,Kottayam,Kerala,686521,IN,True
11730,Virpur,Gujarat,388260,IN,True
11731,Ferozepur,Punjab,152002,IN,True
11732,Hatta,Madhya Pradesh,470775,IN,True
11733,Narath,Kerala,670601,IN,True
11734,Ahmedabad,Gujarat,382422,IN,True
11735,Thiruvananthapuram,Kerala,695512,IN,True
11736,Savlem Pilerne,Goa,403114,IN,True
11737,Jajapur,Odisha,755007,IN,True
11738,"Santa Cruz, Ilhas",Goa,403005,IN,True
11739,Thrissur,Kerala,680101,IN,True
11740,Kengeri,Karnataka,560074,IN,True
11741,Ganaur,Haryana,131101,IN,True
11742,Cip Hospital Kanke Q No N3 14 Ranchi,Jharkhand,834006,IN,True
11743,Mumbai 40092,Maharashtra,400092,IN,True
11744,Nangloi,Delhi,110041,IN,True
11745,Koderma,Jharkhand,825318,IN,True
11746,"Chrompet, Chennai",Tamil Nadu,600064,IN,True
11747,Raigarh,Maharashtra,410218,IN,True
11748,Pathanamthitta,Kerala,689643,IN,True
11749,Kollam,Kerala,691304,IN,True
11750,Nagapattinam,Tamil Nadu,609807,IN,True
11751,Jarwal,Uttar Pradesh,271904,IN,True
11752,Chennai Thiruvallur District,Tamil Nadu,600095,IN,True
11753,Ganganagar,Rajasthan,335711,IN,True
11754,Barghat,Madhya Pradesh,480667,IN,True
11755,Tarun,Uttar Pradesh,224195,IN,True
11756,Badnagar,Madhya Pradesh,456771,IN,True
11757,"Brahmavar, Udupi",Karnataka,576213,IN,True
11758,"Infopark Road, Infopark, Kakkanad",Kerala,682030,IN,True
11759,Bramhapuri,Maharashtra,441206,IN,True
11760,Tikari,Bihar,824236,IN,True
11761,Baroda,Gujarat,391740,IN,True
11762,Daudnagar,Bihar,824143,IN,True
11763,Opposite Air Force Station,Gujarat,370001,IN,True
11764,Delhi,Delhi,110031,IN,True
11765,Bakshi Ka Talab,Uttar Pradesh,226201,IN,True
11766,"Maduravoil,Chennai",Tamil Nadu,600087,IN,True
11767,Achhnera,Uttar Pradesh,283101,IN,True
11768,Balapur Midc,Maharashtra,444109,IN,True
11769,Badnapur,Maharashtra,431202,IN,True
11770,Cherthala,Kerala,688582,IN,True
11771,Kolkata,West Bengal,700122,IN,True
11772,Thorapadi,Tamil Nadu,607108,IN,True
11773,Khacharod,Madhya Pradesh,456224,IN,True
11774,Dukli,Tripura,799130,IN,True
11775,Ernakulam,Kerala,682011,IN,True
11776,Anand,Gujarat,388320,IN,True
11777,Sadabad,Uttar Pradesh,281306,IN,True
11778,Salem,Tamil Nadu,636141,IN,True
11779,"Krishnaraja Nagara, Mysore",Karnataka,571602,IN,True
11780,Chatra,Jharkhand,825408,IN,True
11781,"Aligang, Lucknow",Uttar Pradesh,226020,IN,True
11782,Lehragaga,Punjab,148031,IN,True
11783,Malda,West Bengal,732138,IN,True
11784,Khagaria,Bihar,851213,IN,True
11785,Kundrathur Chennai,Tamil Nadu,600069,IN,True
11786,Payradanga,West Bengal,741247,IN,True
11787,Asansol,West Bengal,713337,IN,True
11788,Chandil,Jharkhand,832401,IN,True
11789,Pattambi,Kerala,679307,IN,True
11790,"Polur Taluk, Thiruvannamalai District, 606903",Tamil Nadu,606903,IN,True
11791,Kanchipuram,Tamil Nadu,603001,IN,True
11792,Olpad,Gujarat,394540,IN,True
11793,Calcutta,West Bengal,700042,IN,True
11794,Chakapara,West Bengal,711203,IN,True
11795,Palakkad,Kerala,678555,IN,True
11796,Ramdurg - Belgavi,Karnataka,591123,IN,True
11797,Tenkasi,Tamil Nadu,627861,IN,True
11798,Cansaulim,Goa,403712,IN,True
11799,Kolkata,West Bengal,700159,IN,True
11800,Chengalpattu,Tamil Nadu,603102,IN,True
11801,Kolkata,West Bengal,712302,IN,True
11802,Amethi,Uttar Pradesh,227811,IN,True
11803,Arumbavur,Tamil Nadu,621103,IN,True
11804,Mannargudi,Tamil Nadu,614014,IN,True
11805,Khetri Nagar,Rajasthan,333504,IN,True
11806,Ravet Pune,Maharashtra,412101,IN,True
11807,Jajpur,Odisha,755051,IN,True
11808,Ambedkar Nagar,Uttar Pradesh,224149,IN,True
11809,Madhubani,Bihar,847401,IN,True
11810,Amarpatan,Madhya Pradesh,485775,IN,True
11811,Thallur,Andhra Pradesh,523264,IN,True
11812,Golaghat,Assam,785702,IN,True
11813,Karhal,Uttar Pradesh,205264,IN,True
11814,Banur,Punjab,140601,IN,True
11815,Wai,Maharashtra,412803,IN,True
11816,"South Kalamassery, Ernakulam",Kerala,683109,IN,True
11817,Kulathummal,Kerala,695507,IN,True
11818,Vizianagaram,Andhra Pradesh,535578,IN,True
11819,Dapoli Camp,Maharashtra,415712,IN,True
11820,Saswad,Maharashtra,412301,IN,True
11821,"Piprali, Sikar",Rajasthan,332027,IN,True
11822,Rupra Road,Odisha,766101,IN,True
11823,Dhamnod,Madhya Pradesh,454552,IN,True
11824,"Pudukad Po, Thrissur",Kerala,680301,IN,True
11825,Mehidpur Road,Madhya Pradesh,456440,IN,True
11826,Tanda Ambedkar Nagar District,Uttar Pradesh,224190,IN,True
11827,Ganjam,Odisha,760001,IN,True
11828,Kottayam,Kerala,686012,IN,True
11829,Ghoghardiha,Bihar,847402,IN,True
11830,Navsari Surat,Gujarat,396560,IN,True
11831,Anandapur,Odisha,758015,IN,True
11832,Dindigul,Tamil Nadu,624802,IN,True
11833,North 24 Parganas,West Bengal,700131,IN,True
11834,Tiruchengode,Tamil Nadu,637214,IN,True
11835,Pattambi Palakkad,Kerala,679303,IN,True
11836,Tenali,Andhra Pradesh,522313,IN,True
11837,Bopal Ahmedabad,Gujarat,380058,IN,True
11838,"Goregaon East, Mumbai -  400097",Maharashtra,400097,IN,True
11839,"Katra, District Reasi",Jammu and Kashmir,182301,IN,True
11840,"Pune,",Maharashtra,411001,IN,True
11841,Dharamshala,Himachal Pradesh,176057,IN,True
11842,Ratanpur,Chhattisgarh,495442,IN,True
11843,Palasa Kasibugga,Andhra Pradesh,532221,IN,True
11844,Dindigul,Tamil Nadu,624215,IN,True
11845,Banglore,Karnataka,560060,IN,True
11846,Kapkot,Uttarakhand,263642,IN,True
11847,Alwar,Rajasthan,301019,IN,True
11848,Raghogarh,Madhya Pradesh,473110,IN,True
11849,Beltangadi,Karnataka,574236,IN,True
11850,Thiruvanamalai,Tamil Nadu,606753,IN,True
11851,Adichanalloor,Kerala,691572,IN,True
11852,Ghughuli,Uttar Pradesh,273151,IN,True
11853,Baguihati,West Bengal,700059,IN,True
11854,"Chovva,Kannur",Kerala,670006,IN,True
11855,Jamshedpur,Jharkhand,832109,IN,True
11856,Channarayapatna,Karnataka,573116,IN,True
11857,Baleshwar,Odisha,756027,IN,True
11858,Kureekkad,Kerala,682312,IN,True
11859,Thane (W),Maharashtra,400607,IN,True
11860,Mathurapur,West Bengal,743354,IN,True
11861,Tisk-Usgao,Goa,403406,IN,True
11862,Krishna,Andhra Pradesh,521201,IN,True
11863,Nizambadh,Telangana,503185,IN,True
11864,Kumarghat,Tripura,799288,IN,True
11865,"Addision Nagar, Mangadu",Tamil Nadu,600056,IN,True
11866,Kurnool,Andhra Pradesh,518007,IN,True
11867,Calicut,Kerala,673631,IN,True
11868,Bardhaman,West Bengal,713331,IN,True
11869,Kollam,Kerala,691503,IN,True
11870,Pauri,Uttarakhand,246194,IN,True
11871,Shyamdhan,West Bengal,734427,IN,True
11872,Puthukdai,Tamil Nadu,629171,IN,True
11873,Thiruvallam,Kerala,695027,IN,True
11874,Kanjikkuzhi,Kerala,688523,IN,True
11875,Dakshina Kannada District,Karnataka,574219,IN,True
11876,Mysuru,Karnataka,570034,IN,True
11877,Chhindwara,Madhya Pradesh,480106,IN,True
11878,Muttukuru,Andhra Pradesh,524344,IN,True
11879,Sidco Industrial Estate Kittur Belagavi,Karnataka,591115,IN,True
11880,Kumta,Karnataka,581440,IN,True
11881,Bardez,Goa,403513,IN,True
11882,Ngo Quarters,Kerala,673012,IN,True
11883,Singanallur Coimbatore,Tamil Nadu,641005,IN,True
11884,S. A . S Nagar,Punjab,160062,IN,True
11885,Mount Abu,Rajasthan,307501,IN,True
11886,Cuddalore,Tamil Nadu,607105,IN,True
11887,Rajarhat New Town Action Area 3,West Bengal,700135,IN,True
11888,Malappuram,Kerala,679571,IN,True
11889,Thane-(W),Maharashtra,400602,IN,True
11890,Sawantwadi,Maharashtra,416511,IN,True
11891,Kannadiparamba,Kerala,670604,IN,True
11892,Palghar,Maharashtra,401303,IN,True
11893,Arsikere,Karnataka,573112,IN,True
11894,Siruseri,Tamil Nadu,603103,IN,True
11895,Venganoor,Kerala,695523,IN,True
11896,Indian Tehephone Industry Mankapur,Uttar Pradesh,271302,IN,True
11897,Nanded,Maharashtra,431807,IN,True
11898,Mulanthuruthy,Kerala,682314,IN,True
11899,"Ta-Idar,Village- Kadiyadara",Gujarat,383440,IN,True
11900,Udumalpet,Tamil Nadu,642154,IN,True
11901,Davanagere,Karnataka,577552,IN,True
11902,Kottayam,Kerala,686509,IN,True
11903,Kannur,Kerala,670704,IN,True
11904,Perumbaikad,Kerala,686041,IN,True
11905,Mundra,Gujarat,370421,IN,True
11906,Chitradurga,Karnataka,577519,IN,True
11907,"Thiruvalla, Pathanamthitta",Kerala,689581,IN,True
11908,Rohru,Himachal Pradesh,171207,IN,True
11909,Chhindwara,Madhya Pradesh,480334,IN,True
11910,Anpara,Uttar Pradesh,231225,IN,True
11911,Rae Bareli,Uttar Pradesh,229316,IN,True
11912,Bhadgaon,Maharashtra,424105,IN,True
11913,"Near Tmcaa Auditorium,Medical College, Thrissur",Kerala,680596,IN,True
11914,Bannur,Karnataka,571101,IN,True
11915,Kadipur,Uttar Pradesh,228145,IN,True
11916,Kevadiya,Gujarat,393151,IN,True
11917,Kadambathur,Tamil Nadu,631203,IN,True
11918,Brajarajnagar,Odisha,768216,IN,True
11919,Banumukkala,Andhra Pradesh,518124,IN,True
11920,"Kushberia, Uluberia",West Bengal,711316,IN,True
11921,"Bannanje, Udupi",Karnataka,576101,IN,True
11922,Thrissur,Kerala,680733,IN,True
11923,Raasi Cement Factory Wazirabad,Telangana,508355,IN,True
11924,Naharlgun Nirjuli,Arunachal Pradesh,791109,IN,True
11925,Guwahati,Assam,781381,IN,True
11926,Nagapattinam,Tamil Nadu,609107,IN,True
11927,Gormi,Madhya Pradesh,477660,IN,True
11928,Chandpur North Twenty Four Parganas District,West Bengal,700158,IN,True
11929,Kolkata,West Bengal,700129,IN,True
11930,Rajganj,West Bengal,735134,IN,True
11931,Kollumangudi,Tamil Nadu,609403,IN,True
11932,Khirkiya,Madhya Pradesh,461441,IN,True
11933,Tuticorin (Dt),Tamil Nadu,628008,IN,True
11934,Shimoga,Karnataka,577423,IN,True
11935,Thrissur,Kerala,680307,IN,True
11936,"Dinhata , Coochbehar",West Bengal,736135,IN,True
11937,Silvassa(Kilvani Naka),Dadra and Nagar Haveli and Daman and Diu,396230,IN,True
11938,Girinagar 4Th Phase,Karnataka,560085,IN,True
11939,"Arasu Nager Pc Patti,Theni",Tamil Nadu,625531,IN,True
11940,Rajahmundry,Andhra Pradesh,533235,IN,True
11941,Kumarapuram,Kerala,690516,IN,True
11942,Dharmapuri,Tamil Nadu,636813,IN,True
11943,Ahmedabad,Gujarat,380023,IN,True
11944,Pathanamthitta,Kerala,691552,IN,True
11945,Saifai Etawah,Uttar Pradesh,206130,IN,True
11946,Badgam,Jammu and Kashmir,190007,IN,True
11947,Bankura,West Bengal,722138,IN,True
11948,South Delhi,Delhi,110076,IN,True
11949,Khekada,Uttar Pradesh,250101,IN,True
11950,New Ashok Nagar,Delhi,110096,IN,True
11951,"Bapu Nagar, Sanjeeva Reddy Nagar, Hyderabad",Telangana,500038,IN,True
11952,Pantherankave  P.O,Kerala,673019,IN,True
11953,Darbhanga,Bihar,847103,IN,True
11954,District:- Sangli,Maharashtra,416403,IN,True
11955,Rohtak,Haryana,124303,IN,True
11956,Chittoor,Andhra Pradesh,517587,IN,True
11957,Tirupati,Andhra Pradesh,517561,IN,True
11958,Guntur District,Andhra Pradesh,522318,IN,True
11959,Kalyan (West),Maharashtra,421301,IN,True
11960,Barahat,Bihar,813103,IN,True
11961,Bhandara Midc,Maharashtra,441804,IN,True
11962,Sarita Vihar,Delhi,110076,IN,True
11963,Peravoor,Kerala,670673,IN,True
11964,Habra,West Bengal,743704,IN,True
11965,Karaikal,Puducherry,609605,IN,True
11966,Kulanada,Kerala,689503,IN,True
11967,Lalitpur,Uttar Pradesh,284404,IN,True
11968,Virajpete,Karnataka,571211,IN,True
11969,Uppal,Telangana,500039,IN,True
11970,Tirunelveli Town,Tamil Nadu,627006,IN,True
11971,Solapur,Maharashtra,413301,IN,True
11972,Baikunthpur,Chhattisgarh,497335,IN,True
11973,Alangayam,Tamil Nadu,635701,IN,True
11974,"Marathakkara, Thrissur",Kerala,680014,IN,True
11975,Samalkha,Haryana,132101,IN,True
11976,Sawai Madhopur,Rajasthan,322021,IN,True
11977,Ballia,Uttar Pradesh,277502,IN,True
11978,Paluvai,Kerala,680104,IN,True
11979,Baliyasan,Gujarat,384435,IN,True
11980,"Avinissery Po., Ollur, Trissur District",Kerala,680306,IN,True
11981,East Godavari,Andhra Pradesh,533103,IN,True
11982,Dombivilli East,Maharashtra,421201,IN,True
11983,Malappuram District,Kerala,679357,IN,True
11984,Raigarh,Chhattisgarh,496440,IN,True
11985,Shimla,Himachal Pradesh,171208,IN,True
11986,Tenali,Andhra Pradesh,522211,IN,True
11987,"Ulwe, Navi Mumbai",Maharashtra,410206,IN,True
11988,Belgaum,Karnataka,590003,IN,True
11989,Hooghly,West Bengal,712222,IN,True
11990,Kochi Ernakulam,Kerala,682037,IN,True
11991,Kenjal,Maharashtra,412205,IN,True
11992,Jorhat Town,Assam,785010,IN,True
11993,Silvassa,Dadra and Nagar Haveli and Daman and Diu,396240,IN,True
11994,Arpora,Goa,403516,IN,True
11995,Thimmapur Karimnagar District,Telangana,505527,IN,True
11996,Koippad Chathannoor,Kerala,691572,IN,True
11997,Eranholi,Kerala,670105,IN,True
11998,Faizabad...Karma Chauraha,Uttar Pradesh,224201,IN,True
11999,Komalapuram,Kerala,688521,IN,True
12000,Mokama,Bihar,803301,IN,True
12001,Ranchi,Jharkhand,835204,IN,True
12002,Usgao,Goa,403406,IN,True
12003,Berhampur,West Bengal,742101,IN,True
12004,Eluru,Andhra Pradesh,534003,IN,True
12005,Chharchha,Chhattisgarh,497339,IN,True
12006,Mirzapur,Uttar Pradesh,231305,IN,True
12007,Hosdurg,Kerala,671532,IN,True
12008,Basudevpur,Odisha,756125,IN,True
12009,Gohana,Haryana,131301,IN,True
12010,Maddur Town,Karnataka,571429,IN,True
12011,Ara,Bihar,802302,IN,True
12012,Sundarapandiam,Tamil Nadu,626126,IN,True
12013,Jayankondam,Tamil Nadu,621802,IN,True
12014,Chikkamangalore,Karnataka,577547,IN,True
12015,Chikballapur Road . Doddaballapur,Karnataka,561203,IN,True
12016,Halishar,West Bengal,743134,IN,True
12017,Mettupalayam Coimbatore District,Tamil Nadu,641305,IN,True
12018,Thirukazukunderam,Tamil Nadu,603109,IN,True
12019,Ramnagar,West Bengal,721446,IN,True
12020,"Mumbai, Bandra East",Maharashtra,400051,IN,True
12021,Kanagal,Karnataka,571187,IN,True
12022,Chengalpattu,Tamil Nadu,603202,IN,True
12023,Samastipur,Bihar,848117,IN,True
12024,Omalur,Tamil Nadu,636455,IN,True
12025,Sara Industrial Estate,Uttarakhand,248197,IN,True
12026,"Kovur,Chennai",Tamil Nadu,600069,IN,True
12027,Ambedkar Nagar,Uttar Pradesh,224230,IN,True
12028,Nilagiri,Odisha,756040,IN,True
12029,Chitradurga,Karnataka,577529,IN,True
12030,Bathinda,Punjab,151301,IN,True
12031,Trichy,Tamil Nadu,620014,IN,True
12032,Bhusawal,Maharashtra,425203,IN,True
12033,Farakka,West Bengal,742236,IN,True
12034,"Kadugodi, Whitefield, Bengaluru",Karnataka,560067,IN,True
12035,Chinchwad,Maharashtra,411033,IN,True
12036,"Kayamkulam,Alappuzha",Kerala,690527,IN,True
12037,Medak,Telangana,502210,IN,True
12038,Narasaraopet Guntur District,Andhra Pradesh,522601,IN,True
12039,"Kondur, Cuddalore",Tamil Nadu,607006,IN,True
12040,Azamgarh,Uttar Pradesh,276122,IN,True
12041,Guruvayoor,Kerala,680104,IN,True
12042,Chippada Pharma Sez,Andhra Pradesh,531162,IN,True
12043,Tirupati,Andhra Pradesh,517591,IN,True
12044,Sawai Madhopur,Rajasthan,322234,IN,True
12045,Vilanthai Andimadam(Po),Tamil Nadu,621801,IN,True
12046,Kattappana,Kerala,685551,IN,True
12047,Indirapuratm,Uttar Pradesh,201014,IN,True
12048,Aurangabad,Maharashtra,431010,IN,True
12049,Vidisha,Madhya Pradesh,464337,IN,True
12050,"Wazirganj,Badaun",Uttar Pradesh,243726,IN,True
12051,Modak,Rajasthan,326520,IN,True
12052,Goredi Chancha,Rajasthan,341503,IN,True
12053,Hassan,Karnataka,573127,IN,True
12054,Nizamabad,Telangana,503311,IN,True
12055,Bassein,Maharashtra,401202,IN,True
12056,Hayathnagar,Telangana,500070,IN,True
12057,Pune,Maharashtra,411067,IN,True
12058,Madhubani,Bihar,847214,IN,True
12059,Vriddhachalam,Tamil Nadu,606001,IN,True
12060,Balarampur Puruliya District,West Bengal,723143,IN,True
12061,Suryapet,Telangana,508234,IN,True
12062,"Andheri East, Mumbai",Maharashtra,400093,IN,True
12063,Delhi,Delhi,110043,IN,True
12064,Mulki,Karnataka,574103,IN,True
12065,Belgaum,Karnataka,590001,IN,True
12066,Siwan Bihar,Bihar,841243,IN,True
12067,Dwarka,Delhi,110078,IN,True
12068,Chikhli,Gujarat,396560,IN,True
12069,Thikkody,Kerala,673529,IN,True
12070,Kalaburgi,Karnataka,585292,IN,True
12071,Chandrapur,Maharashtra,442903,IN,True
12072,Kadapa,Andhra Pradesh,516108,IN,True
12073,Devinagar,Uttar Pradesh,204102,IN,True
12074,Banswara,Rajasthan,327027,IN,True
12075,Bellary,Karnataka,583120,IN,True
12076,Bypassroad Kondapuram,Andhra Pradesh,516444,IN,True
12077,Ramanathapuram,Tamil Nadu,623504,IN,True
12078,Trichy,Tamil Nadu,620012,IN,True
12079,Delhi,Delhi,110026,IN,True
12080,Waknaghat,Himachal Pradesh,173234,IN,True
12081,Kandra,Jharkhand,832402,IN,True
12082,Jalpaiguri,West Bengal,735102,IN,True
12083,"Tagarapuvalasa ,Visakapatnam",Andhra Pradesh,531163,IN,True
12084,Kasumpti Shimla,Himachal Pradesh,171009,IN,True
12085,Kolkata,West Bengal,700100,IN,True
12086,Dharapuram,Tamil Nadu,638702,IN,True
12087,Mannarkad,Kerala,678596,IN,True
12088,Jorhat,Assam,785700,IN,True
12089,Tharangambadi,Tamil Nadu,609313,IN,True
12090,Mysore,Karnataka,570016,IN,True
12091,Maddur,Karnataka,571429,IN,True
12092,Bara Jumla,West Bengal,742148,IN,True
12093,Tenkasi,Tamil Nadu,627753,IN,True
12094,Dombivali ( East),Maharashtra,421204,IN,True
12095,Hyderabad,Telangana,500093,IN,True
12096,Madhyamgram,West Bengal,700155,IN,True
12097,Parappanangadi,Kerala,676319,IN,True
12098,"Bagh Amberpet,Hyderabad",Telangana,500013,IN,True
12099,Payambra,Kerala,673571,IN,True
12100,Chinnakodur,Telangana,502276,IN,True
12101,Narsapur,Telangana,502313,IN,True
12102,Edathala,Kerala,682021,IN,True
12103,Mursan,Uttar Pradesh,204213,IN,True
12104,Chamarajanagar,Karnataka,571115,IN,True
12105,"New Delhi, Other No. 9667856896",Delhi,110017,IN,True
12106,Navimumbai,Maharashtra,400708,IN,True
12107,East Singhbhum,Jharkhand,831005,IN,True
12108,Thiruvanathapuram,Kerala,695571,IN,True
12109,Secunderabad 500003,Telangana,500003,IN,True
12110,Patalganga Midc,Maharashtra,410220,IN,True
12111,Brg Shangri-La  Indore,Madhya Pradesh,453771,IN,True
12112,Kollam,Kerala,691509,IN,True
12113,Haldwani,Uttarakhand,263153,IN,True
12114,Parasuvaikkal,Kerala,695503,IN,True
12115,Surathkal,Karnataka,575014,IN,True
12116,Unguturu,Andhra Pradesh,534406,IN,True
12117,Surat,Gujarat,394270,IN,True
12118,Krishnagiri,Tamil Nadu,635002,IN,True
12119,Kaliachak,West Bengal,732201,IN,True
12120,Idar,Gujarat,383421,IN,True
12121,Kaipamangalam,Kerala,680681,IN,True
12122,Samastipur,Bihar,848302,IN,True
12123,Kozhikode,Kerala,673323,IN,True
12124,Madhubani,Bihar,847215,IN,True
12125,Suryapet (Town) Suryapet (Dist),Telangana,508213,IN,True
12126,Rahata,Maharashtra,413712,IN,True
12127,"Debra Bazar, West Medinipur",West Bengal,721126,IN,True
12128,"Nigdi, Pune",Maharashtra,411044,IN,True
12129,Dudhi,Uttar Pradesh,231208,IN,True
12130,Kottayam,Kerala,686562,IN,True
12131,Prayagraj,Uttar Pradesh,211013,IN,True
12132,Uttara Kannada,Karnataka,581342,IN,True
12133,Panisagar,Tripura,799260,IN,True
12134,Nagapattinam,Tamil Nadu,611105,IN,True
12135,"Haldia, East Madnipur",West Bengal,721607,IN,True
12136,"Annamalai Nagar, Chidambaram",Tamil Nadu,608002,IN,True
12137,Bhuvanagiri,Tamil Nadu,608601,IN,True
12138,Prayagraj,Uttar Pradesh,211002,IN,True
12139,Thazhuthala,Kerala,691577,IN,True
12140,Athirampuzha,Kerala,686562,IN,True
12141,Tiruchirappalli - 620102,Tamil Nadu,620102,IN,True
12142,Sardhana,Uttar Pradesh,250341,IN,True
12143,Madurai,Tamil Nadu,625706,IN,True
12144,Kozhikode,Kerala,673573,IN,True
12145,Anandapur,Odisha,758021,IN,True
12146,Thrissur,Kerala,680553,IN,True
12147,Vadalur,Tamil Nadu,607303,IN,True
12148,Mahilpur,Punjab,146105,IN,True
12149,Tirunelveli,Tamil Nadu,627414,IN,True
12150,Thallapalem,Andhra Pradesh,531031,IN,True
12151,Madurai,Tamil Nadu,625207,IN,True
12152,Ambala,Haryana,133104,IN,True
12153,Warangal,Telangana,506144,IN,True
12154,Manalurpet,Tamil Nadu,605754,IN,True
12155,Malappuram,Kerala,679324,IN,True
12156,Kaimur Bhabua,Bihar,821101,IN,True
12157,Pathanamthitta,Kerala,691555,IN,True
12158,Parli Vaijnath,Maharashtra,431515,IN,True
12159,Kheri,Uttar Pradesh,262701,IN,True
12160,Udupi,Karnataka,576108,IN,True
12161,Payakaraopeta,Andhra Pradesh,531126,IN,True
12162,Sibsagar,Assam,785666,IN,True
12163,Tirupathur District,Tamil Nadu,635601,IN,True
12164,Raigad,Maharashtra,410210,IN,True
12165,Ajmer,Rajasthan,305007,IN,True
12166,"Malviya Nagar,New Delhi",Delhi,110017,IN,True
12167,Chittoor,Andhra Pradesh,517235,IN,True
12168,Bolpur,West Bengal,731236,IN,True
12169,Thiruvananthpuram,Kerala,695020,IN,True
12170,East Sikkim,Sikkim,737101,IN,True
12171,"Hosanagara(Tq), Shimoga(Dist)",Karnataka,577426,IN,True
12172,Choubepur Kalan,Uttar Pradesh,209203,IN,True
12173,Udupi,Karnataka,576235,IN,True
12174,Ramanathapuram Dist,Tamil Nadu,623525,IN,True
12175,Thiruvananthapuram District,Kerala,695102,IN,True
12176,Borim,Goa,403103,IN,True
12177,Mirza,Assam,781120,IN,True
12178,"Sodepur, Kolkata",West Bengal,700110,IN,True
12179,"Velachery,Chennai-42.",Tamil Nadu,600042,IN,True
12180,"Vyara, Tapi",Gujarat,394650,IN,True
12181,Neeralagi,Karnataka,581202,IN,True
12182,Kolkata South 24 Paragana,West Bengal,700070,IN,True
12183,Borka,Assam,781101,IN,True
12184,Bengaluru East,Karnataka,560037,IN,True
12185,Palakkad,Kerala,679535,IN,True
12186,Jodhpur,Rajasthan,342013,IN,True
12187,Mahagama,Jharkhand,814154,IN,True
12188,Mangaluru 575005,Karnataka,575005,IN,True
12189,Kherdi,Maharashtra,415604,IN,True
12190,Dhubulia,West Bengal,741139,IN,True
12191,Panaji,Goa,403109,IN,True
12192,Kattappana,Kerala,685508,IN,True
12193,Ghosi,Uttar Pradesh,275105,IN,True
12194,Guwahati 29,Assam,781029,IN,True
12195,Burdwan,West Bengal,713401,IN,True
12196,Kollam,Kerala,691571,IN,True
12197,Ghazipur,Uttar Pradesh,275202,IN,True
12198,Leimakhong,Manipur,795002,IN,True
12199,Hyderaba,Telangana,500032,IN,True
12200,Perinthalmanna,Kerala,679321,IN,True
12201,Miranpur,Uttar Pradesh,251315,IN,True
12202,Mumbaimumbai,Maharashtra,400049,IN,True
12203,Kizhuparamba,Kerala,673639,IN,True
12204,"Pokharan Road 2, Thane (West)",Maharashtra,400610,IN,True
12205,Dahisar East Mumbai,Maharashtra,400068,IN,True
12206,Reoti,Uttar Pradesh,277209,IN,True
12207,Ernad,Kerala,676123,IN,True
12208,Singrauli,Madhya Pradesh,486884,IN,True
12209,"Hospital Jn,Elampaloor",Kerala,691501,IN,True
12210,Mandi,Himachal Pradesh,175019,IN,True
12211,Trivandrum,Kerala,695121,IN,True
12212,Chandgad,Maharashtra,416509,IN,True
12213,Jammu,Jammu and Kashmir,181206,IN,True
12214,"Warje, Pune",Maharashtra,411058,IN,True
12215,Derabassi,Punjab,140507,IN,True
12216,Talegaon,Maharashtra,410507,IN,True
12217,Malappuram,Kerala,679341,IN,True
12218,Una,Himachal Pradesh,177201,IN,True
12219,"Shankargarh, District- Balrampur",Chhattisgarh,497118,IN,True
12220,Tumkur,Karnataka,572118,IN,True
12221,Amritsar,Punjab,143204,IN,True
12222,Gorakhpur,Uttar Pradesh,273213,IN,True
12223,Kumarakom,Kerala,686563,IN,True
12224,Keelakarai,Tamil Nadu,623517,IN,True
12225,"Tripunithura, Kochi",Kerala,682306,IN,True
12226,Panachikkad,Kerala,686533,IN,True
12227,Bakani,Rajasthan,326022,IN,True
12228,Salem,Tamil Nadu,636451,IN,True
12229,Navi Mumbai,Maharashtra,400615,IN,True
12230,Anadapuram,Andhra Pradesh,531163,IN,True
12231,Ludhiana,Punjab,141124,IN,True
12232,Thongkhong Laxmi Bazar,Manipur,795132,IN,True
12233,Jalandhar,Punjab,144629,IN,True
12234,"Valsaravakkam,Chennai",Tamil Nadu,600087,IN,True
12235,Mokameh,Bihar,803302,IN,True
12236,Patna,Bihar,800018,IN,True
12237,Nagari,Andhra Pradesh,517592,IN,True
12238,Chamrail,West Bengal,711114,IN,True
12239,Bhilai,Chhattisgarh,490021,IN,True
12240,Habra,West Bengal,743233,IN,True
12241,Kollam,Kerala,690525,IN,True
12242,Jathlana,Haryana,135133,IN,True
12243,Bardoli,Gujarat,394355,IN,True
12244,Missamari,Assam,784506,IN,True
12245,"New Panvel, Raigarh",Maharashtra,410206,IN,True
12246,Hyderabad,Telangana,502307,IN,True
12247,Ujire,Karnataka,574240,IN,True
12248,Chenani,Jammu and Kashmir,182141,IN,True
12249,Anugul,Odisha,759123,IN,True
12250,Gurugram,Haryana,122007,IN,True
12251,Hasnabad,West Bengal,743426,IN,True
12252,Bandikui,Rajasthan,303313,IN,True
12253,Kodungallur,Kerala,680666,IN,True
12254,Pollachi,Tamil Nadu,642001,IN,True
12255,Nasik,Maharashtra,422006,IN,True
12256,Mangalore,Karnataka,574219,IN,True
12257,Nenmenikkara,Kerala,680301,IN,True
12258,Vadakara,Kerala,673103,IN,True
12259,Secunderabad,Telangana,500083,IN,True
12260,Pathanamthitta,Kerala,689664,IN,True
12261,Airoli Navi Mumbai,Maharashtra,400708,IN,True
12262,Dhariwal. Teh & Distt Gurdaspur,Punjab,143519,IN,True
12263,Chiraiyakot Mau,Uttar Pradesh,276129,IN,True
12264,Kootikada,Kerala,691020,IN,True
12265,Thrissur,Kerala,680014,IN,True
12266,"Uppal, Hyderabad,",Telangana,500039,IN,True
12267,Malappuram,Kerala,676525,IN,True
12268,District Petlad 388160,Gujarat,388160,IN,True
12269,Sultanpur Lodhi,Punjab,144626,IN,True
12270,Amalsad,Gujarat,396310,IN,True
12271,"(Via Cuncolim)Quepem,South Goa",Goa,403703,IN,True
12272,Dhanbad,Jharkhand,828301,IN,True
12273,"Owe Gaon, Kharghar, Navi Mumbai",Maharashtra,410210,IN,True
12274,Gangavalli,Tamil Nadu,636105,IN,True
12275,Tal -Newasa Dist- Ahmednagar,Maharashtra,414609,IN,True
12276,Tallada,Telangana,507167,IN,True
12277,Karanpur,Rajasthan,335073,IN,True
12278,"Atmakur(Man),Nellore(Dist).",Andhra Pradesh,524322,IN,True
12279,Thane,Maharashtra,421601,IN,True
12280,Shelar Bhiwandi,Maharashtra,421302,IN,True
12281,"Behind Ganesh Temple, Civil Line, Chandrapur",Maharashtra,442401,IN,True
12282,Padagha,Maharashtra,421101,IN,True
12283,Sarangpur,Madhya Pradesh,465697,IN,True
12284,Bahjoi,Uttar Pradesh,202410,IN,True
12285,Shimoga,Karnataka,577225,IN,True
12286,Sathankulam,Tamil Nadu,628704,IN,True
12287,Kollengode Palakkad,Kerala,678506,IN,True
12288,Mudipu,Karnataka,574153,IN,True
12289,Kalarcode,Kerala,688003,IN,True
12290,Markapur,Andhra Pradesh,523371,IN,True
12291,Thane,Maharashtra,421604,IN,True
12292,Tirunelveli,Tamil Nadu,627006,IN,True
12293,Bhimram,West Bengal,734429,IN,True
12294,Ramanattukara,Kerala,673632,IN,True
12295,Mangon,Maharashtra,402103,IN,True
12296,Bongaon,West Bengal,743262,IN,True
12297,Andar,Bihar,841231,IN,True
12298,Makthal,Telangana,509208,IN,True
12299,Pattukkottai,Tamil Nadu,614601,IN,True
12300,Chandausi,Uttar Pradesh,244414,IN,True
12301,"Khumani Chowk,Bemina Budgam",Jammu and Kashmir,190015,IN,True
12302,Jajpur,Odisha,755027,IN,True
12303,Hirapur,Madhya Pradesh,481102,IN,True
12304,Mauda,Maharashtra,441104,IN,True
12305,Thiruvananthapuram,Kerala,695503,IN,True
12306,"Budhuwari , Korba",Chhattisgarh,495677,IN,True
12307,Aluva,Kerala,683561,IN,True
12308,Chhutmalpur,Uttar Pradesh,247662,IN,True
12309,Sarai Lahur,Uttar Pradesh,221505,IN,True
12310,Samudrapur,Maharashtra,442305,IN,True
12311,Mayang Imphal,Manipur,795132,IN,True
12312,Kottaiyur,Tamil Nadu,630106,IN,True
12313,Rasayani Panvel,Maharashtra,410222,IN,True
12314,Kozhikode,Kerala,673303,IN,True
12315,Kappalur Sidco Industrial Estate,Tamil Nadu,625008,IN,True
12316,Nashik. Gst No. 27Alxpd3261A1Z9,Maharashtra,422010,IN,True
12317,Bansgaon,Uttar Pradesh,273403,IN,True
12318,Vellore,Tamil Nadu,600012,IN,True
12319,Mandideep,Madhya Pradesh,464993,IN,True
12320,Nandikotkur,Andhra Pradesh,518401,IN,True
12321,Dasuya,Punjab,144305,IN,True
12322,Borai,West Bengal,712306,IN,True
12323,Rath,Uttar Pradesh,210431,IN,True
12324,Baloh,Himachal Pradesh,175052,IN,True
12325,Muzaffarpur,Bihar,843146,IN,True
12326,Peramangalam,Kerala,680545,IN,True
12327,Koraput,Odisha,764043,IN,True
12328,"Thundalam, Chennai",Tamil Nadu,600077,IN,True
12329,Pennagaram,Tamil Nadu,636810,IN,True
12330,Deoria,Uttar Pradesh,274201,IN,True
12331,Khan Sahib,Jammu and Kashmir,191111,IN,True
12332,Tundla Kham,Uttar Pradesh,283103,IN,True
12333,Jharia,Jharkhand,828110,IN,True
12334,Kasaragod,Kerala,671321,IN,True
12335,Industrial Estate Barwala,Haryana,134118,IN,True
12336,Mumbai 400098,Maharashtra,400098,IN,True
12337,Srikakulam,Andhra Pradesh,532148,IN,True
12338,Tangutur,Andhra Pradesh,523274,IN,True
12339,"Delhi, Ncr",Uttar Pradesh,201014,IN,True
12340,"Cbd Belapur , Navi Mumbai",Maharashtra,400614,IN,True
12341,Jagatsinghpur,Odisha,754114,IN,True
12342,Puruliya,West Bengal,723121,IN,True
12343,"Uluberia, Howrah",West Bengal,711315,IN,True
12344,Kolazhy,Kerala,680010,IN,True
12345,Siwan,Bihar,841239,IN,True
12346,Madurai North,Tamil Nadu,625107,IN,True
12347,"Badlapur, Mumbai",Maharashtra,421503,IN,True
12348,"Mundhawa, Pune",Maharashtra,411036,IN,True
12349,Marturu,Andhra Pradesh,523301,IN,True
12350,South Delhi,Delhi,110044,IN,True
12351,Tirupattur,Tamil Nadu,635601,IN,True
12352,Pothavaram,Andhra Pradesh,534176,IN,True
12353,Aurangabad,Maharashtra,431134,IN,True
12354,Dharwad,Karnataka,580031,IN,True
12355,Sancoale,Goa,403726,IN,True
12356,North Goa,Goa,403005,IN,True
12357,Irala,Andhra Pradesh,517124,IN,True
12358,Mukkam,Kerala,673602,IN,True
12359,Alirajpur,Madhya Pradesh,457887,IN,True
12360,Madikeri,Karnataka,571235,IN,True
12361,Penugonda,Andhra Pradesh,534320,IN,True
12362,Hyderabad,Andhra Pradesh,500084,IN,True
12363,Shakti Nagar Ntpc Township,Uttar Pradesh,231222,IN,True
12364,Mangalwedha,Maharashtra,413305,IN,True
12365,Banda,Maharashtra,416514,IN,True
12366,Chittaranjan,West Bengal,713365,IN,True
12367,Krishna District,Andhra Pradesh,521286,IN,True
12368,Park City,Dadra and Nagar Haveli and Daman and Diu,396230,IN,True
12369,Eluru -2,Andhra Pradesh,534002,IN,True
12370,"Clappana, Kollam",Kerala,690525,IN,True
12371,Unguturu,Andhra Pradesh,521260,IN,True
12372,Doda,Jammu and Kashmir,182202,IN,True
12373,"Beyond 18Th Sector,C.H.B.Jodhpur",Rajasthan,342001,IN,True
12374,Sivagangai,Tamil Nadu,630552,IN,True
12375,Ernakulam,Kerala,682033,IN,True
12376,"Kanuru, Vijayawada",Andhra Pradesh,520007,IN,True
12377,Haveli,Maharashtra,412207,IN,True
12378,"Sriperumbudur,Chennai City",Tamil Nadu,602105,IN,True
12379,"Bhosari,Pune",Maharashtra,411039,IN,True
12380,Kurla East Mumbai,Maharashtra,400024,IN,True
12381,Hyderabad,Andhra Pradesh,500072,IN,True
12382,"Aluva, Ernakulam Dist",Kerala,683578,IN,True
12383,Sohra,Meghalaya,793111,IN,True
12384,Ponda,Goa,403404,IN,True
12385,Paduvilayi,Kerala,670612,IN,True
12386,Ranchi,Jharkhand,834011,IN,True
12387,Mahesana,Gujarat,382815,IN,True
12388,Amberpwt Hyderabad,Telangana,500013,IN,True
12389,Kattur,Kerala,680703,IN,True
12390,"Liluah, Howrah",West Bengal,711204,IN,True
12391,Kozhenchery,Kerala,689641,IN,True
12392,Chitradurga,Karnataka,577598,IN,True
12393,Yoi Cantt,Himachal Pradesh,176052,IN,True
12394,Bangalore,Karnataka,560104,IN,True
12395,Indore,Madhya Pradesh,453111,IN,True
12396,Mohanur,Tamil Nadu,637015,IN,True
12397,Pune City,Maharashtra,411015,IN,True
12398,Kothavalasa,Andhra Pradesh,535183,IN,True
12399,Thirvallur District,Tamil Nadu,602024,IN,True
12400,"Rajahmundry, East Godavari District",Andhra Pradesh,533103,IN,True
12401,"Govindpuram, Ghaziabad",Uttar Pradesh,201013,IN,True
12402,Trichur,Kerala,680566,IN,True
12403,Mangaluru,Karnataka,574150,IN,True
12404,"New Panvel, Navi Mumbai",Maharashtra,410206,IN,True
12405,Rangareddy,Telangana,500058,IN,True
12406,"Electronic City Phase-1, Bangalore",Karnataka,560100,IN,True
12407,Kalayn,Maharashtra,421202,IN,True
12408,Bhubaneswarb,Odisha,751015,IN,True
12409,Kamalapuram,Andhra Pradesh,516289,IN,True
12410,Kashganj,Uttar Pradesh,207243,IN,True
12411,Mumbai,Maharashtra,401303,IN,True
12412,Barwala,Haryana,125121,IN,True
12413,"Thrippunithura , Kochi",Kerala,682309,IN,True
12414,Garawand,Chhattisgarh,494661,IN,True
12415,Sulakkarai Medu,Tamil Nadu,626003,IN,True
12416,Muzaffarpur,Bihar,844120,IN,True
12417,South East Delhi,Delhi,110076,IN,True
12418,Jawalamukhi,Himachal Pradesh,176031,IN,True
12419,Palakkad,Kerala,678581,IN,True
12420,Jhalawar,Rajasthan,326513,IN,True
12421,Mangaluru,Karnataka,575011,IN,True
12422,Rahata,Maharashtra,423107,IN,True
12423,Etawah,Uttar Pradesh,206253,IN,True
12424,Venjaramoodu,Kerala,695607,IN,True
12425,Karanja,Maharashtra,444110,IN,True
12426,Bhisiana,Punjab,151201,IN,True
12427,Manali,Himachal Pradesh,175136,IN,True
12428,Taluka Kalyan District Thane,Maharashtra,421204,IN,True
12429,Serampore,West Bengal,712204,IN,True
12430,Nawada,Bihar,805130,IN,True
12431,Sitarganj,Uttarakhand,263151,IN,True
12432,Jorhat,Assam,785634,IN,True
12433,Somandepalle,Andhra Pradesh,515122,IN,True
12434,Gakulpur,Tripura,799120,IN,True
12435,Kochi,Kerala,682304,IN,True
12436,Howrah,West Bengal,711310,IN,True
12437,Vizianagaram,Andhra Pradesh,535525,IN,True
12438,Greater Mohali,Punjab,140301,IN,True
12439,Safidon,Haryana,126112,IN,True
12440,North Paroor,Kerala,683513,IN,True
12441,Mumbai,Maharashtra,400610,IN,True
12442,Trichy,Tamil Nadu,621005,IN,True
12443,"Srisailam Project, Sundipenta",Andhra Pradesh,518102,IN,True
12444,Trichy,Tamil Nadu,620022,IN,True
12445,Kanchipuram,Tamil Nadu,603112,IN,True
12446,Thazhuthala,Kerala,691589,IN,True
12447,Narayangaon,Maharashtra,410504,IN,True
12448,Kolaghat,West Bengal,721171,IN,True
12449,Tirupati,Andhra Pradesh,517505,IN,True
12450,Dera Gopipur,Himachal Pradesh,177101,IN,True
12451,Kalwa Thane,Maharashtra,400605,IN,True
12452,Mapusa - Nachinola,Goa,403507,IN,True
12453,Bassi Pathana,Punjab,140412,IN,True
12454,Madayi,Kerala,670304,IN,True
12455,Alappuzha,Kerala,690504,IN,True
12456,Premgadh Ta. Jetpur,Gujarat,360370,IN,True
12457,"Powai, Mumbai",Maharashtra,400072,IN,True
12458,Calicut Dist,Kerala,673309,IN,True
12459,South - Goa,Goa,403707,IN,True
12460,Ichhawar,Madhya Pradesh,466115,IN,True
12461,Mumbai'S,Maharashtra,400076,IN,True
12462,Chanchal,West Bengal,732139,IN,True
12463,Haveri,Karnataka,581115,IN,True
12464,"Jabalpur, Madhya Pradesh",Madhya Pradesh,482001,IN,True
12465,Vasai Road,Maharashtra,401208,IN,True
12466,Ariyalur D.T,Tamil Nadu,621715,IN,True
12467,Visakhapatanam,Andhra Pradesh,531163,IN,True
12468,Hingna/Nagpur,Maharashtra,441110,IN,True
12469,Veeravanallur,Tamil Nadu,627426,IN,True
12470,Vanavasi,Tamil Nadu,636457,IN,True
12471,"Kahalgaon, Bhagalpur",Bihar,813214,IN,True
12472,Dehri On Sone,Bihar,821307,IN,True
12473,Umargam,Gujarat,396165,IN,True
12474,Katihar,Bihar,854113,IN,True
12475,Bellary,Karnataka,583275,IN,True
12476,Anil Neerkonda Hospital,Andhra Pradesh,531162,IN,True
12477,Badlapur Road,Maharashtra,421503,IN,True
12478,Zionpuram,Tamil Nadu,629501,IN,True
12479,Edathiruthy,Kerala,680687,IN,True
12480,Rajapalayam,Tamil Nadu,626111,IN,True
12481,Trombay,Maharashtra,400088,IN,True
12482,Deralakatte/ Mangalore,Karnataka,575018,IN,True
12483,Kapurthala,Punjab,144819,IN,True
12484,Secundrabad,Telangana,500047,IN,True
12485,Bisalpur,Uttar Pradesh,262201,IN,True
12486,Jaipur,Rajasthan,303007,IN,True
12487,Ghaziabad,Uttar Pradesh,201019,IN,True
12488,Belagavi,Karnataka,591213,IN,True
12489,Sahatwar,Uttar Pradesh,277211,IN,True
12490,Sonbhadra,Uttar Pradesh,231218,IN,True
12491,Tasgaon,Maharashtra,416408,IN,True
12492,New Delhi-59,Delhi,110059,IN,True
12493,"Noida,",Uttar Pradesh,201301,IN,True
12494,Pathippalam,Kerala,670691,IN,True
12495,"Gopiganj  ,Bhadohi",Uttar Pradesh,221303,IN,True
12496,Sangli,Maharashtra,416415,IN,True
12497,Bantval,Karnataka,574253,IN,True
12498,Penha De Franca,Goa,403521,IN,True
12499,Kadodara,Gujarat,394310,IN,True
12500,Wardha,Maharashtra,442005,IN,True
12501,Honnali,Karnataka,577217,IN,True
12502,Karkal,Karnataka,574102,IN,True
12503,Darbhnga,Bihar,847302,IN,True
12504,"Vayasanagar, Jajpur Road",Odisha,755019,IN,True
12505,Robertsonpet,Karnataka,563117,IN,True
12506,Alappuzha,Kerala,688524,IN,True
12507,Kasol,Himachal Pradesh,175105,IN,True
12508,Jalundh Khambhat,Gujarat,388640,IN,True
12509,Kadodara,Gujarat,394305,IN,True
12510,"Bilaspur,",Chhattisgarh,495004,IN,True
12511,Sibsagar,Assam,785701,IN,True
12512,Patnagarh,Odisha,767025,IN,True
12513,"Thottada,Kannur,670007",Kerala,670007,IN,True
12514,Samalkot,Andhra Pradesh,533440,IN,True
12515,Vizianagaram,Andhra Pradesh,535546,IN,True
12516,Biswanath,Assam,784184,IN,True
12517,Mahalingpur,Karnataka,587312,IN,True
12518,Ganjam,Odisha,761110,IN,True
12519,Kangra,Himachal Pradesh,176092,IN,True
12520,Mahad (Raigad ),Maharashtra,402305,IN,True
12521,Cuttack - 14,Odisha,753014,IN,True
12522,Katihar,Bihar,854337,IN,True
12523,Gosainganj Faizabad District Ayodhya,Uttar Pradesh,224141,IN,True
12524,Darsi,Andhra Pradesh,523247,IN,True
12525,Tottakkattukara Aluva,Kerala,683108,IN,True
12526,Pune 411041,Maharashtra,411041,IN,True
12527,Salon,Uttar Pradesh,229127,IN,True
12528,Jammu,Jammu and Kashmir,180009,IN,True
12529,Haridwar,Uttarakhand,247670,IN,True
12530,Ahmadabad,Gujarat,380001,IN,True
12531,Guwahati,Assam,781031,IN,True
12532,Bankapura,Karnataka,581202,IN,True
12533,Nalbari,Assam,781337,IN,True
12534,Palakkad,Kerala,680588,IN,True
12535,Srikakulam,Andhra Pradesh,532292,IN,True
12536,Calicut,Kerala,673019,IN,True
12537,Chalakudy,Kerala,680309,IN,True
12538,Nelamangala Bangaluru,Karnataka,562123,IN,True
12539,Athani,Karnataka,591304,IN,True
12540,Aluva,Kerala,683578,IN,True
12541,Parvathipuram,Andhra Pradesh,535523,IN,True
12542,Pune,Maharashtra,412406,IN,True
12543,Palari,Chhattisgarh,493228,IN,True
12544,Chittoor,Andhra Pradesh,517417,IN,True
12545,Nagaon,Assam,782137,IN,True
12546,"Tezpur, Majgaon",Assam,784154,IN,True
12547,Tirur,Kerala,676103,IN,True
12548,Anpara,Uttar Pradesh,231220,IN,True
12549,Porsa,Madhya Pradesh,476115,IN,True
12550,Sonitpur,Assam,784001,IN,True
12551,Pamarru,Andhra Pradesh,533263,IN,True
12552,Jaipur,Rajasthan,303121,IN,True
12553,Kunnathunad.,Kerala,682311,IN,True
12554,Kullu,Himachal Pradesh,175129,IN,True
12555,Rudraprayag,Uttarakhand,246475,IN,True
12556,Kanhangad,Kerala,671316,IN,True
12557,"Edachira,Kakkanad",Kerala,682030,IN,True
12558,Durah,Himachal Pradesh,172033,IN,True
12559,"Palayamkottai ,Tirunelveli",Tamil Nadu,627002,IN,True
12560,Falkawn,Mizoram,796005,IN,True
12561,Dehradun,Uttarakhand,248016,IN,True
12562,Hutmura,West Bengal,723148,IN,True
12563,Kiraoli,Uttar Pradesh,283122,IN,True
12564,Azamgarh,Uttar Pradesh,276305,IN,True
12565,Kakimada,Andhra Pradesh,533002,IN,True
12566,Puthanathani,Kerala,676510,IN,True
12567,Koothuparamba,Kerala,670643,IN,True
12568,Jammu,Jammu and Kashmir,180016,IN,True
12569,Karwar,Karnataka,581328,IN,True
12570,Kottapuram Po,Kerala,680584,IN,True
12571,Palghar( East),Maharashtra,401404,IN,True
12572,"Indirapuram , Ghaziabad",Uttar Pradesh,201014,IN,True
12573,Thiruvarur,Tamil Nadu,612603,IN,True
12574,Nallasopra East Mumbi,Maharashtra,401209,IN,True
12575,Mokokchung,Nagaland,798604,IN,True
12576,Chitradurga,Karnataka,577502,IN,True
12577,North Goa,Goa,403401,IN,True
12578,"Alwarpet, Chennai",Tamil Nadu,600018,IN,True
12579,Karimanagar,Telangana,504208,IN,True
12580,Chittoor,Andhra Pradesh,517192,IN,True
12581,"Darmavaram,Addanki",Andhra Pradesh,523260,IN,True
12582,Sangareddy,Telangana,502296,IN,True
12583,Madhubani,Bihar,847411,IN,True
12584,Kalladaikurichi,Tamil Nadu,627416,IN,True
12585,Thrissur,Kerala,680567,IN,True
12586,Jamnagar,Gujarat,361320,IN,True
12587,Tumgaon,Chhattisgarh,493445,IN,True
12588,"Thane(W), Thane",Maharashtra,400615,IN,True
12589,Biknoor,Telangana,503101,IN,True
12590,Sitarganj,Uttarakhand,262405,IN,True
12591,"Srirama Colony, Armur",Telangana,503224,IN,True
12592,Panchkula,Haryana,134102,IN,True
12593,Guntur,Andhra Pradesh,522510,IN,True
12594,Manavalakurichi,Tamil Nadu,629252,IN,True
12595,Thalassery,Kerala,670641,IN,True
12596,South-West Delhi,Delhi,110043,IN,True
12597,Maniyur,Kerala,673523,IN,True
12598,Shehera,Gujarat,389210,IN,True
12599,Trivandrum,Kerala,695010,IN,True
12600,Champua,Odisha,758041,IN,True
12601,Durgapur,West Bengal,713217,IN,True
12602,Alappuzha,Kerala,688540,IN,True
12603,"Edathiruthy,Thrissur",Kerala,680703,IN,True
12604,Angul,Odisha,759143,IN,True
12605,Chickballapur,Karnataka,562104,IN,True
12606,Kongorpilly,Kerala,683518,IN,True
12607,Raipur Tehsil Pirawa District Jhalawar,Rajasthan,326036,IN,True
12608,Portblair,Andaman and Nicobar Islands,744105,IN,True
12609,Tapovan Laxman Jhula Rishikesh,Uttarakhand,249201,IN,True
12610,Nanauta,Uttar Pradesh,247452,IN,True
12611,Bareilly Cantt,Uttar Pradesh,243001,IN,True
12612,Yellanur Road Tadpatri,Andhra Pradesh,515411,IN,True
12613,Sheoganj,Rajasthan,307027,IN,True
12614,Erumappetty,Kerala,680584,IN,True
12615,Tenkasi,Tamil Nadu,627852,IN,True
12616,"Kalwari,Mirzapur",Uttar Pradesh,231210,IN,True
12617,Nigadi Pune,Maharashtra,411044,IN,True
12618,Nainital,Uttarakhand,263156,IN,True
12619,Boinchi,West Bengal,712134,IN,True
12620,Aspur,Rajasthan,314021,IN,True
12621,Abu Road,Rajasthan,307510,IN,True
12622,Jila Bijnor,Uttar Pradesh,246731,IN,True
12623,Hyhyderabad,Telangana,500072,IN,True
12624,Alappuzha Harippad,Kerala,690517,IN,True
12625,Rae Bareli,Uttar Pradesh,229405,IN,True
12626,Natthuwa Wala,Uttarakhand,248005,IN,True
12627,Kanchikacharla,Andhra Pradesh,521180,IN,True
12628,Keelamanjakudi,Tamil Nadu,614619,IN,True
12629,"North Paravur,Ernakulam",Kerala,683513,IN,True
12630,Supaul,Bihar,852218,IN,True
12631,Bangalore,Karnataka,560105,IN,True
12632,Dharmapuri,Tamil Nadu,636808,IN,True
12633,Champa,Chhattisgarh,495671,IN,True
12634,Kizhuparamba,Kerala,673645,IN,True
12635,"Hanamkonda, Warangal. Mobile- 7661968333",Telangana,506001,IN,True
12636,Lanjigarh,Odisha,766027,IN,True
12637,Bardez,Goa,403508,IN,True
12638,Bathinda,Punjab,151201,IN,True
12639,Timiri,Tamil Nadu,632512,IN,True
12640,Bangalore 560076,Karnataka,560076,IN,True
12641,"Maniyankuzhi, Kanyakumari",Tamil Nadu,629161,IN,True
12642,Mecheri,Tamil Nadu,636453,IN,True
12643,Hosapete,Karnataka,583203,IN,True
12644,Kanchipuram,Tamil Nadu,631605,IN,True
12645,Bengaluru,Karnataka,560009,IN,True
12646,Davanagere,Karnataka,577006,IN,True
12647,Sikta,Bihar,845307,IN,True
12648,Arrah,Bihar,802302,IN,True
12649,Rasagobindapur,Odisha,757055,IN,True
12650,Kulasekharapuram P.O Kerla,Kerala,690546,IN,True
12651,Ghorawal,Uttar Pradesh,231210,IN,True
12652,Ranchi,Jharkhand,835101,IN,True
12653,Gudivada,Andhra Pradesh,521301,IN,True
12654,Guntur,Andhra Pradesh,522324,IN,True
12655,Raipur,Chhattisgarh,492101,IN,True
12656,Malappuram,Kerala,679323,IN,True
12657,Kanyakumari,Tamil Nadu,629004,IN,True
12658,Bhognipur,Uttar Pradesh,209312,IN,True
12659,West Bengal,West Bengal,721301,IN,True
12660,Chenkalpattu,Tamil Nadu,603319,IN,True
12661,Greater Faridabad,Haryana,121002,IN,True
12662,North Goa,Goa,403002,IN,True
12663,Maharajganj,Uttar Pradesh,273303,IN,True
12664,Sethiathoppu,Tamil Nadu,608702,IN,True
12665,Tnpl Pugalur,Tamil Nadu,639113,IN,True
12666,Portbair,Andaman and Nicobar Islands,744102,IN,True
12667,"Pimpri Chinchwad, Chickli Pcntda, Pune",Maharashtra,411019,IN,True
12668,Bagalkot,Karnataka,587104,IN,True
12669,Attur,Tamil Nadu,636108,IN,True
12670,Sivaganga,Tamil Nadu,630502,IN,True
12671,Sindgi,Karnataka,586128,IN,True
12672,Margao,Goa,403721,IN,True
12673,Thrissur,Kerala,680516,IN,True
12674,Sarwar,Rajasthan,305403,IN,True
12675,Tinsukia,Assam,786170,IN,True
12676,Haryana,Haryana,121004,IN,True
12677,Chennai Kancheepuram,Tamil Nadu,600119,IN,True
12678,Dakshin Odlabari,West Bengal,735209,IN,True
12679,Udupi,Karnataka,574117,IN,True
12680,Cbd Belapur,Maharashtra,400614,IN,True
12681,Chi V Greater Noida,Uttar Pradesh,201310,IN,True
12682,Sivakasi,Tamil Nadu,626124,IN,True
12683,Ambernath West,Maharashtra,421503,IN,True
12684,Vadodara,Gujarat,391243,IN,True
12685,Rairangpur,Odisha,757047,IN,True
12686,Taliegao,Goa,403005,IN,True
12687,Karimnagar,Telangana,506371,IN,True
12688,Visakhapatnam,Andhra Pradesh,530035,IN,True
12689,"Pune,",Maharashtra,411037,IN,True
12690,"Sarona, Raipur",Chhattisgarh,492099,IN,True
12691,Lalganj Azamgarh,Uttar Pradesh,276202,IN,True
12692,Vasai ( W),Maharashtra,401207,IN,True
12693,Bheem,Rajasthan,305921,IN,True
12694,Koperkhairane,Maharashtra,400709,IN,True
12695,Atru,Rajasthan,325218,IN,True
12696,Chennai 64,Tamil Nadu,600064,IN,True
12697,Vedurupaka,Andhra Pradesh,533345,IN,True
12698,Alappuzha,Kerala,688522,IN,True
12699,Ripponpete,Karnataka,577426,IN,True
12700,Kowkoor,Telangana,500010,IN,True
12701,Secundrabad,Telangana,500003,IN,True
12702,Benudia,West Bengal,721601,IN,True
12703,Pedapudi,Andhra Pradesh,533344,IN,True
12704,Kushalanagara,Karnataka,571104,IN,True
12705,Leather Complex Industrial Area,Punjab,144021,IN,True
12706,Sivasagar,Assam,785640,IN,True
12707,Virar (West),Maharashtra,401303,IN,True
12708,Rourkela,Odisha,769009,IN,True
12709,Kulasekaram,Tamil Nadu,629161,IN,True
12710,South Delhi,Delhi,110062,IN,True
12711,Mumbai 400067,Maharashtra,400067,IN,True
12712,Hamirpur,Himachal Pradesh,176040,IN,True
12713,Bihta Begusarai District,Bihar,851129,IN,True
12714,Sagalee,Arunachal Pradesh,791112,IN,True
12715,Mokameh,Bihar,803303,IN,True
12716,Kadungalloor,Kerala,683106,IN,True
12717,Ala,Kerala,680668,IN,True
12718,Mohali,Punjab,160065,IN,True
12719,Kolkata,West Bengal,700112,IN,True
12720,Nellorenellore,Andhra Pradesh,524001,IN,True
12721,Kottayam,Kerala,686540,IN,True
12722,Shahdara,Delhi,110093,IN,True
12723,Madurai,Tamil Nadu,625205,IN,True
12724,Cherthalacherthala,Kerala,688524,IN,True
12725,Robertsganj Sonbhadra,Uttar Pradesh,231216,IN,True
12726,Mumbai-400 062,Maharashtra,400062,IN,True
12727,Kathiar,Bihar,854105,IN,True
12728,Nagothana,Maharashtra,402106,IN,True
12729,Ellenabad,Haryana,125102,IN,True
12730,Tripunitra,Kerala,682309,IN,True
12731,Gurdaspur,Punjab,143528,IN,True
12732,Tindivanam,Tamil Nadu,604306,IN,True
12733,Kadaba,Karnataka,574221,IN,True
12734,Tiruppur,Tamil Nadu,639002,IN,True
12735,Bhilai Charoda   Dist-Durg,Chhattisgarh,490025,IN,True
12736,Goindwal,Punjab,144628,IN,True
12737,Karukachal,Kerala,686540,IN,True
12738,"Bandra West, Mumbai",Maharashtra,400050,IN,True
12739,"Nannilam, Tiruvarur",Tamil Nadu,610105,IN,True
12740,Chendamangalam,Kerala,683512,IN,True
12741,Mumbai,Maharashtra,410210,IN,True
12742,Kottayam,Kerala,686609,IN,True
12743,Pakwara,Uttar Pradesh,244102,IN,True
12744,Cuttack,Odisha,754200,IN,True
12745,Samastipur,Bihar,848160,IN,True
12746,Dachepalli,Andhra Pradesh,522414,IN,True
12747,Mumbaimumbai,Maharashtra,400053,IN,True
12748,Nilambur,Kerala,679330,IN,True
12749,Kozhikode,Kerala,673601,IN,True
12750,Kodavasal,Tamil Nadu,612601,IN,True
12751,Mumbai-400066,Maharashtra,400066,IN,True
12752,Visakhapatnam,Andhra Pradesh,531113,IN,True
12753,Haldwani (Nainital),Uttarakhand,263139,IN,True
12754,Bengaluru 562125,Karnataka,562125,IN,True
12755,Gudiyatham,Tamil Nadu,635803,IN,True
12756,Pratapgarh,Uttar Pradesh,230129,IN,True
12757,Labhpur,West Bengal,731303,IN,True
12758,Nasvadi Chhotaudepur,Gujarat,391150,IN,True
12759,Krishnarajanagara,Karnataka,571602,IN,True
12760,Kaliabor,Assam,782136,IN,True
12761,Tiruvallur,Tamil Nadu,600057,IN,True
12762,Rangjuli,Assam,783130,IN,True
12763,Mandi,Himachal Pradesh,175124,IN,True
12764,Sankeshwar,Karnataka,591313,IN,True
12765,Silvasaa,Dadra and Nagar Haveli and Daman and Diu,396230,IN,True
12766,Bilaspur,Himachal Pradesh,176040,IN,True
12767,Dist. Ratnagiri. ( Mob. No. 9860115770 ),Maharashtra,416702,IN,True
12768,Koyilandy,Kerala,673307,IN,True
12769,Baga,Goa,403516,IN,True
12770,Calicut,Kerala,673572,IN,True
12771,Sundargarh,Odisha,770020,IN,True
12772,Roshnabad,Uttar Pradesh,209745,IN,True
12773,Navsari,Gujarat,396427,IN,True
12774,Dibrugarh,Assam,786008,IN,True
12775,Jalandhar,Punjab,144030,IN,True
12776,"Faridabad, Sector-91",Haryana,121003,IN,True
12777,Gaya,Bihar,824231,IN,True
12778,Wardha,Maharashtra,444705,IN,True
12779,Pudukad,Kerala,680301,IN,True
12780,Maner,Bihar,801108,IN,True
12781,Hamirpur,Himachal Pradesh,177040,IN,True
12782,Yenagudde,Karnataka,574105,IN,True
12783,"Adarsh Nagar, Jaipur",Rajasthan,302004,IN,True
12784,Vadodara,Gujarat,391250,IN,True
12785,"Thane, Kalwa",Maharashtra,400605,IN,True
12786,Heroor,Karnataka,576213,IN,True
12787,Dhemaji,Assam,787110,IN,True
12788,Muzaffarnagar,Uttar Pradesh,251203,IN,True
12789,Nerchowk Mandi,Himachal Pradesh,175008,IN,True
12790,Ghazipur,Uttar Pradesh,232333,IN,True
12791,Vadugapatti Theni District,Tamil Nadu,625603,IN,True
12792,Vasai (West),Maharashtra,401202,IN,True
12793,Narkatiaganj,Bihar,845451,IN,True
12794,Jalalabad,Uttar Pradesh,242221,IN,True
12795,Katigorah,Assam,788805,IN,True
12796,Paithan,Maharashtra,431107,IN,True
12797,P. O. Cherpu,Kerala,680561,IN,True
12798,"Betim,  Bardez",Goa,403101,IN,True
12799,Kollam,Kerala,691566,IN,True
12800,Kurnool,Andhra Pradesh,518360,IN,True
12801,Pernem,Goa,403513,IN,True
12802,Varanasi,Uttar Pradesh,221403,IN,True
12803,Madhubani,Bihar,847232,IN,True
12804,Banmankhi Bazar,Bihar,854202,IN,True
12805,Dehu Cantt Civil Township,Maharashtra,411044,IN,True
12806,Radhapuram,Tamil Nadu,627120,IN,True
12807,Dehradun,Uttarakhand,248198,IN,True
12808,Pandavapura,Karnataka,571434,IN,True
12809,Bengaluru 560043,Karnataka,560043,IN,True
12810,Godavarikhani,Telangana,505209,IN,True
12811,Jorhat,Assam,785005,IN,True
12812,Tcpimpri Chinchwad,Maharashtra,411057,IN,True
12813,Ernakulam,Kerala,682301,IN,True
12814,Kandanassery,Kerala,680602,IN,True
12815,Tindivanam Villupuram District,Tamil Nadu,604001,IN,True
12816,Gadag Betigeri,Karnataka,582103,IN,True
12817,Lakhimpur-Kheri,Uttar Pradesh,262701,IN,True
12818,Baroda,Gujarat,390010,IN,True
12819,Thane,Maharashtra,401301,IN,True
12820,Borli Panchtan,Maharashtra,402403,IN,True
12821,Karimnagar,Telangana,505172,IN,True
12822,Sikar Rode Jaipur,Rajasthan,302039,IN,True
12823,Perumbaikad,Kerala,686016,IN,True
12824,Barwala,Gujarat,382450,IN,True
12825,Botad,Gujarat,364710,IN,True
12826,Uttara Kannada,Karnataka,581318,IN,True
12827,Hd Kote,Karnataka,571114,IN,True
12828,Kasibugga,Andhra Pradesh,532222,IN,True
12829,Tiruvarur,Tamil Nadu,614102,IN,True
12830,Titabor Town,Assam,785630,IN,True
12831,"Patto,  Panaji -Goa",Goa,403001,IN,True
12832,Trichy,Tamil Nadu,621305,IN,True
12833,Bangalore Rural,Karnataka,560036,IN,True
12834,Srinagar,Jammu and Kashmir,190009,IN,True
12835,Chityala,Telangana,508114,IN,True
12836,"Mumbai, Powai",Maharashtra,400076,IN,True
12837,"Bharatpur , Bhubaneswar",Odisha,751003,IN,True
12838,Pallippuram Thiruvananthapuram District,Kerala,695316,IN,True
12839,Ooty,Tamil Nadu,643002,IN,True
12840,Chakia,Uttar Pradesh,232103,IN,True
12841,Ghatsila,Jharkhand,832303,IN,True
12842,Rajendranagar,Telangana,500086,IN,True
12843,"Umalla ,Di:Bharuch",Gujarat,393120,IN,True
12844,"Andoorkonam, Trivandrum",Kerala,695584,IN,True
12845,"Thrikkakara, Kakkanad",Kerala,682021,IN,True
12846,Bantwal,Karnataka,574265,IN,True
12847,Sivsaghr,Assam,785662,IN,True
12848,Giddaluru,Andhra Pradesh,523357,IN,True
12849,Kolkata,West Bengal,700119,IN,True
12850,Alappuzha,Kerala,690548,IN,True
12851,Bangalore 560062,Karnataka,560062,IN,True
12852,Bhopal,Madhya Pradesh,462066,IN,True
12853,Urapakkam West,Tamil Nadu,603202,IN,True
12854,Rania,Haryana,125076,IN,True
12855,Narharpur,Chhattisgarh,494335,IN,True
12856,Koliyoor,Kerala,695523,IN,True
12857,Belagavi,Karnataka,591124,IN,True
12858,"Pudupattinam,Kalpakkam",Tamil Nadu,603102,IN,True
12859,Bhayandar (West),Maharashtra,401101,IN,True
12860,Kozhikode,Kerala,673106,IN,True
12861,Kollam,Kerala,691005,IN,True
12862,Kottarakara,Kerala,691531,IN,True
12863,Hiramandalam,Andhra Pradesh,532459,IN,True
12864,Bangalore North Vidyaranyapura Post,Karnataka,560097,IN,True
12865,Etha,Uttar Pradesh,207001,IN,True
12866,Chandrapur,Maharashtra,440013,IN,True
12867,Banswara,Rajasthan,327608,IN,True
12868,Howrah 711112,West Bengal,711112,IN,True
12869,Visakhapaynam,Andhra Pradesh,530045,IN,True
12870,Matampally,Telangana,508204,IN,True
12871,Bangalore Rural,Karnataka,562114,IN,True
12872,Kottayam,Kerala,686632,IN,True
12873,District Fatehabad,Haryana,125133,IN,True
12874,Amritsar,Punjab,143107,IN,True
12875,Indore,Madhya Pradesh,452004,IN,True
12876,Pakhanjur,Chhattisgarh,494776,IN,True
12877,Bethuadahari,West Bengal,741126,IN,True
12878,Coramendal Post Kgf,Karnataka,563118,IN,True
12879,Kochi,Kerala,683104,IN,True
12880,"Narsapur , Medak District",Telangana,502313,IN,True
12881,Machhiwara,Punjab,141115,IN,True
12882,Pratapgarh,Uttar Pradesh,230403,IN,True
12883,Yazali,Arunachal Pradesh,791119,IN,True
12884,Tirunelveli,Tamil Nadu,627812,IN,True
12885,Bemili,Andhra Pradesh,531162,IN,True
12886,New Town,West Bengal,700091,IN,True
12887,Chinchwad Pune,Maharashtra,411033,IN,True
12888,Kolkata,West Bengal,743503,IN,True
12889,Pala,Kerala,686575,IN,True
12890,Thonnakkal,Kerala,695317,IN,True
12891,"Mulund East, Mumbai",Maharashtra,400081,IN,True
12892,Kanyakumari,Tamil Nadu,629202,IN,True
12893,Thookkanaikampalayam,Tamil Nadu,638506,IN,True
12894,Malad West,Maharashtra,400064,IN,True
12895,"Borivali (W), Mumbai",Maharashtra,400091,IN,True
12896,Bareilly,Uttar Pradesh,243202,IN,True
12897,Sheohar,Bihar,843334,IN,True
12898,Kariyannur,Kerala,680584,IN,True
12899,Karatagi,Karnataka,583229,IN,True
12900,Saharsa,Bihar,852106,IN,True
12901,North West Delhi,Delhi,110035,IN,True
12902,Danapur,Bihar,800012,IN,True
12903,Garbeta,West Bengal,721127,IN,True
12904,Junagadh,Gujarat,362002,IN,True
12905,Ramagundam,Telangana,505214,IN,True
12906,Pune,Maharashtra,412205,IN,True
12907,Puthuppally,Kerala,686021,IN,True
12908,Delhi,Delhi,110024,IN,True
12909,Delhi,Delhi,110049,IN,True
12910,Dombivili East,Maharashtra,421204,IN,True
12911,Sri Ganganagar,Rajasthan,335805,IN,True
12912,Pachore,Madhya Pradesh,465683,IN,True
12913,Thergoan,Maharashtra,411033,IN,True
12914,Secunderabad,Telangana,500049,IN,True
12915,Papannapet,Telangana,502125,IN,True
12916,Nathampannai,Tamil Nadu,622002,IN,True
12917,Thrissur,Kerala,680586,IN,True
12918,Gola Cholapur Varanasi,Uttar Pradesh,221101,IN,True
12919,Shivamogga,Karnataka,577233,IN,True
12920,Bharuch,Gujarat,392012,IN,True
12921,Kalinagar,Uttar Pradesh,262124,IN,True
12922,Chandigarhchandigarh,Chandigarh,160011,IN,True
12923,Burdwan,West Bengal,713127,IN,True
12924,Gajendragarh,Karnataka,582114,IN,True
12925,Dhenkanal,Odisha,759039,IN,True
12926,Bangalore Rural,Karnataka,560067,IN,True
12927,Jais,Uttar Pradesh,229305,IN,True
12928,Sirkali,Tamil Nadu,609111,IN,True
12929,Kumbabad,Kerala,689547,IN,True
12930,Chennaichennai,Tamil Nadu,600100,IN,True
12931,Palakkad,Kerala,679554,IN,True
12932,Nallur Kanniyakumari District,Tamil Nadu,629171,IN,True
12933,Peddamaddhuru,Andhra Pradesh,522020,IN,True
12934,Avittathur,Kerala,680683,IN,True
12935,Kaniyur Tiruppur District,Tamil Nadu,642113,IN,True
12936,Ludhiana,Punjab,142027,IN,True
12937,"Sardarshahar, Churu",Rajasthan,302016,IN,True
12938,Contai,West Bengal,721427,IN,True
12939,Malappuram,Kerala,676305,IN,True
12940,Puliyur,Tamil Nadu,639114,IN,True
12941,"Mulund (West), Mumbai",Maharashtra,400080,IN,True
12942,Kodoli Panhala,Maharashtra,416114,IN,True
12943,Bangalore,Karnataka,560057,IN,True
12944,Courtalam,Tamil Nadu,627802,IN,True
12945,Gobardanga,West Bengal,743247,IN,True
12946,Supaul,Bihar,852130,IN,True
12947,Kakdihi,West Bengal,721137,IN,True
12948,Tiruvallur,Tamil Nadu,600037,IN,True
12949,"Dombivli West, Thane Dist",Maharashtra,421202,IN,True
12950,Sonamura,Tripura,799131,IN,True
12951,Dhenkanal,Odisha,759015,IN,True
12952,"Kothrud,Pune",Maharashtra,411029,IN,True
12953,Miyapur Hyderabad,Telangana,500032,IN,True
12954,Rahuri Factory,Maharashtra,413706,IN,True
12955,Kumbalangy,Kerala,682007,IN,True
12956,Jaipur,Rajasthan,303704,IN,True
12957,Karunagapally,Kerala,690528,IN,True
12958,Suryapet,Telangana,508204,IN,True
12959,"Kovaipudur, Coimbatore",Tamil Nadu,641042,IN,True
12960,Moga,Punjab,142054,IN,True
12961,"Bhayander (E), Thane",Maharashtra,401105,IN,True
12962,Ryali,Andhra Pradesh,533236,IN,True
12963,Madhyamgram,West Bengal,700132,IN,True
12964,Jhanjharpur Rs,Bihar,847403,IN,True
12965,Cochin,Kerala,682017,IN,True
12966,Idukki,Kerala,685592,IN,True
12967,Raja Sansi,Punjab,143001,IN,True
12968,Aralvaimozhi,Tamil Nadu,629302,IN,True
12969,Prattipadu,Andhra Pradesh,533432,IN,True
12970,Prayagraj,Uttar Pradesh,211008,IN,True
12971,Palakkad,Kerala,678701,IN,True
12972,Virajpete,Karnataka,571214,IN,True
12973,Medha,Maharashtra,415012,IN,True
12974,"Bally, Bally Station",West Bengal,711201,IN,True
12975,Kottayam,Kerala,686533,IN,True
12976,South West Delhi,Delhi,110023,IN,True
12977,Elamakkara Kochi,Kerala,682026,IN,True
12978,Alanthurai,Tamil Nadu,641101,IN,True
12979,"Ainavilli Mandal, East Godhavari",Andhra Pradesh,533211,IN,True
12980,Titwala,Maharashtra,421605,IN,True
12981,Koperkhairne,Maharashtra,400709,IN,True
12982,Visakhapatnam,Andhra Pradesh,531163,IN,True
12983,Thiruvananthapuram,Kerala,695302,IN,True
12984,Panna,Madhya Pradesh,488001,IN,True
12985,Nayagarh,Odisha,752080,IN,True
12986,Kangra,Himachal Pradesh,177108,IN,True
12987,Amravati,Maharashtra,444908,IN,True
12988,Kolhar-Bhagwatipur,Maharashtra,413710,IN,True
12989,Dharmapuri,Tamil Nadu,636807,IN,True
12990,"Tangi, Cuttack",Odisha,754022,IN,True
12991,Pandaria Kabirdham,Chhattisgarh,491559,IN,True
12992,Ulhasnagar 1,Maharashtra,421001,IN,True
12993,"Yelahanka, Karnataka, 560064",Karnataka,560064,IN,True
12994,Athni,Karnataka,591304,IN,True
12995,"T.Vadipatti,Madurai",Tamil Nadu,625218,IN,True
12996,Distt Shamli,Uttar Pradesh,247775,IN,True
12997,Chazhoor,Kerala,680571,IN,True
12998,Sadulshahar,Rajasthan,335062,IN,True
12999,Narasimharajapura,Karnataka,577112,IN,True
13000,Arki,Himachal Pradesh,173208,IN,True
13001,Madhurai Uthangudi,Tamil Nadu,625107,IN,True
13002,Industrial Park Naidupet,Andhra Pradesh,524421,IN,True
13003,Assonora,Goa,403503,IN,True
13004,Kanyakumari,Tamil Nadu,629158,IN,True
13005,Bairgania,Bihar,843313,IN,True
13006,Colvale,Goa,403501,IN,True
13007,Kakkanad West,Kerala,682030,IN,True
13008,Ganapavaram,Andhra Pradesh,534198,IN,True
13009,Secunderabad,Telangana,500007,IN,True
13010,Khammam,Telangana,507170,IN,True
13011,Bhubaneswar,Odisha,751029,IN,True
13012,Loni Ghaziabad,Uttar Pradesh,201102,IN,True
13013,Jayashankar Bhupalpally,Telangana,505504,IN,True
13014,Virar.  (W),Maharashtra,401303,IN,True
13015,Kotauratla,Andhra Pradesh,531085,IN,True
13016,New Delhi 45,Delhi,110045,IN,True
13017,Kannur,Kerala,670621,IN,True
13018,Munagapadu,Andhra Pradesh,521229,IN,True
13019,Bara Gaon,Uttar Pradesh,284121,IN,True
13020,Kannur,Kerala,670325,IN,True
13021,Shirur Kasar,Maharashtra,413249,IN,True
13022,Shimla,Himachal Pradesh,171206,IN,True
13023,Pennagaram,Tamil Nadu,636813,IN,True
13024,Chandigarh,Chandigarh,160102,IN,True
13025,Mulki,Karnataka,574146,IN,True
13026,Mehnagar,Uttar Pradesh,276204,IN,True
13027,Kochi,Kerala,682312,IN,True
13028,Amballur,Kerala,682314,IN,True
13029,Karumaloor,Kerala,683511,IN,True
13030,Budhlada,Punjab,151503,IN,True
13031,Kolkata 700145,West Bengal,700145,IN,True
13032,Thiruvalla,Kerala,689111,IN,True
13033,Banki Barabanki,Uttar Pradesh,225001,IN,True
13034,"Thirupatture District,Tamilnadu.India.",Tamil Nadu,635653,IN,True
13035,Tiruchirappalli,Tamil Nadu,621002,IN,True
13036,Kokkata,West Bengal,700106,IN,True
13037,Mansarovar (Ksmothe),Maharashtra,410209,IN,True
13038,Kachhwa,Uttar Pradesh,231501,IN,True
13039,Barh,Bihar,803213,IN,True
13040,Edappally North,Kerala,682024,IN,True
13041,Khardah,West Bengal,700119,IN,True
13042,Shirol,Maharashtra,416103,IN,True
13043,Bengaluru,Karnataka,560044,IN,True
13044,Rashid Market,Delhi,110051,IN,True
13045,Guwahati,Assam,781027,IN,True
13046,Aligarh,Uttar Pradesh,202123,IN,True
13047,Talegàon Dabhade Pune,Maharashtra,411019,IN,True
13048,Mandawar,Rajasthan,321609,IN,True
13049,Pathanamthitta,Kerala,689674,IN,True
13050,Vaikom P.O,Kerala,686141,IN,True
13051,"Varam, Kannur",Kerala,670594,IN,True
13052,Singur,West Bengal,712409,IN,True
13053,Dhania,West Bengal,743711,IN,True
13054,Farakka,West Bengal,742212,IN,True
13055,Nagpur,Maharashtra,441109,IN,True
13056,Dhana,Madhya Pradesh,470228,IN,True
13057,Ponduru,Andhra Pradesh,532168,IN,True
13058,Karaikkudi Sivagangai,Tamil Nadu,630001,IN,True
13059,Thakurli East,Maharashtra,421201,IN,True
13060,Cherkala,Kerala,671541,IN,True
13061,Medak,Telangana,502290,IN,True
13062,Chirayankil,Kerala,695304,IN,True
13063,Santrampur,Gujarat,389260,IN,True
13064,Kochi,Kerala,683589,IN,True
13065,Goalpara,Assam,783121,IN,True
13066,Radaur,Haryana,135133,IN,True
13067,Udaipur Mavli,Rajasthan,313203,IN,True
13068,Puttur,Andhra Pradesh,517584,IN,True
13069,Kolhapur,Maharashtra,415412,IN,True
13070,Bokaro Steel City,Jharkhand,827011,IN,True
13071,Lucknow,Uttar Pradesh,227305,IN,True
13072,Tiruppur,Tamil Nadu,641029,IN,True
13073,Moshi,Maharashtra,412105,IN,True
13074,At And Post Nabipur .. Dist Bharuch,Gujarat,392210,IN,True
13075,Lakhimpur,Assam,787001,IN,True
13076,Pal Road Jodhpur,Rajasthan,342001,IN,True
13077,Kottayam,Kerala,686653,IN,True
13078,Thrissur,Kerala,679561,IN,True
13079,Hamirpur,Uttar Pradesh,210506,IN,True
13080,Bhulepur,Uttar Pradesh,224143,IN,True
13081,Atarra,Uttar Pradesh,210201,IN,True
13082,Rayya,Punjab,143112,IN,True
13083,Ambernath,Maharashtra,421502,IN,True
13084,"Mulugupally, Kataram",Telangana,505503,IN,True
13085,"Parvathipuram, Vizianagaram Dist",Andhra Pradesh,535522,IN,True
13086,"Ottapalam, Palakkad",Kerala,679103,IN,True
13087,Chennai-81,Tamil Nadu,600081,IN,True
13088,"Thane, Diva",Maharashtra,400612,IN,True
13089,Muzhappilangad,Kerala,670662,IN,True
13090,Savli,Gujarat,391770,IN,True
13091,"Puttaparthi, Anantapur District",Andhra Pradesh,515134,IN,True
13092,Sonepat,Haryana,131001,IN,True
13093,Nimbahera,Rajasthan,312601,IN,True
13094,Bokaro Steel City,Jharkhand,827014,IN,True
13095,Chhachhrauli,Haryana,135103,IN,True
13096,Lawngtlai,Mizoram,796891,IN,True
13097,Thrissur,Kerala,680617,IN,True
13098,Kamorta,Andaman and Nicobar Islands,744303,IN,True
13099,Ernakulam,Kerala,683544,IN,True
13100,Barhaj,Uttar Pradesh,274182,IN,True
13101,"Vindhyanagar, Singrauli",Madhya Pradesh,486885,IN,True
13102,Mulur,Karnataka,574145,IN,True
13103,"Sivasagar,Sunpura Gohain Gaon",Assam,785640,IN,True
13104,Kolkata,West Bengal,700144,IN,True
13105,Allur,Andhra Pradesh,524315,IN,True
13106,Vadakkummuri,Kerala,680570,IN,True
13107,"Chandannagar, Hooghly",West Bengal,712136,IN,True
13108,"Nanganallur, Chennai",Tamil Nadu,600061,IN,True
13109,Balaghat,Madhya Pradesh,481441,IN,True
13110,Gurgaon,Haryana,122413,IN,True
13111,Kalyan E,Maharashtra,421306,IN,True
13112,Balia,Bihar,851211,IN,True
13113,Krishnagiri Dt,Tamil Nadu,635112,IN,True
13114,Indapur,Maharashtra,413132,IN,True
13115,Jaunpur,Uttar Pradesh,222132,IN,True
13116,Bari,Madhya Pradesh,464665,IN,True
13117,Bhopal,Madhya Pradesh,462020,IN,True
13118,Zirakhpur,Punjab,140604,IN,True
13119,Tumakuru,Karnataka,572114,IN,True
13120,Debai,Uttar Pradesh,203389,IN,True
13121,Baleshwar,Odisha,756026,IN,True
13122,North Paravur,Kerala,683512,IN,True
13123,Mangrol,Gujarat,394430,IN,True
13124,New Delhis,Delhi,110032,IN,True
13125,Viralimalai,Tamil Nadu,621316,IN,True
13126,Rajur Ahmadnagar District,Maharashtra,422604,IN,True
13127,Jagiroad,Assam,782410,IN,True
13128,Budhlada,Punjab,151502,IN,True
13129,Verna Goa,Goa,403722,IN,True
13130,Panjim,Goa,403201,IN,True
13131,Nutakki,Andhra Pradesh,522303,IN,True
13132,Kovoor,Kerala,673008,IN,True
13133,Solapur,Maharashtra,416404,IN,True
13134,Begusarai District,Bihar,851116,IN,True
13135,Amlai,Madhya Pradesh,484110,IN,True
13136,Nagaon,Assam,782460,IN,True
13137,Duvvur,Andhra Pradesh,516175,IN,True
13138,Elampalloor,Kerala,691504,IN,True
13139,Kollam,Kerala,691583,IN,True
13140,"Belgharia, Kolkata",West Bengal,700056,IN,True
13141,Edathala,Kerala,683564,IN,True
13142,Mangalore,Karnataka,574267,IN,True
13143,Anantapalli,Andhra Pradesh,534111,IN,True
13144,Koteshwar,Karnataka,576222,IN,True
13145,Jalgaon,Maharashtra,425304,IN,True
13146,Krishna,Andhra Pradesh,521126,IN,True
13147,Gunupur,Odisha,765029,IN,True
13148,Moti Daman,Dadra and Nagar Haveli and Daman and Diu,396220,IN,True
13149,Ellora,Maharashtra,431102,IN,True
13150,Thane,Maharashtra,421605,IN,True
13151,Kanjirappally,Kerala,686507,IN,True
13152,Narasimharajapura,Karnataka,577134,IN,True
13153,"Tadepalli, Guntur Dt.",Andhra Pradesh,522501,IN,True
13154,Jakhal Mandi,Haryana,125133,IN,True
13155,Bhopal,Madhya Pradesh,462013,IN,True
13156,Gurgaon,Haryana,122051,IN,True
13157,Kodungalur,Kerala,680664,IN,True
13158,Sangrampur,Bihar,813212,IN,True
13159,Kalyan West/ Dist Thane,Maharashtra,421301,IN,True
13160,"Atmakur  (M), Kurnool Dist",Andhra Pradesh,518422,IN,True
13161,District-Fatehpur,Uttar Pradesh,212657,IN,True
13162,North Dinajpur,West Bengal,733208,IN,True
13163,Ranchi2,Jharkhand,834002,IN,True
13164,Manthani,Telangana,505184,IN,True
13165,Kuttanad,Kerala,689572,IN,True
13166,Kannur,Kerala,670642,IN,True
13167,Maihar Satna,Madhya Pradesh,485771,IN,True
13168,Cuddalore/Pondy Road,Puducherry,605007,IN,True
13169,Halisahar,West Bengal,743135,IN,True
13170,Tada,Andhra Pradesh,524401,IN,True
13171,Coimbatore 25,Tamil Nadu,641025,IN,True
13172,Ramgarh Cantonment Township,Jharkhand,829103,IN,True
13173,Pallikkunnu,Kerala,670014,IN,True
13174,Beltola Guwahati,Assam,781028,IN,True
13175,Bhopal,Madhya Pradesh,462007,IN,True
13176,Mahbubnagar,Telangana,509408,IN,True
13177,Chirmiri,Chhattisgarh,497451,IN,True
13178,Jalandhar,Punjab,144201,IN,True
13179,Bardhaman,West Bengal,713216,IN,True
13180,Vellore,Tamil Nadu,632011,IN,True
13181,Valathur,Tamil Nadu,635813,IN,True
13182,Bhoranj,Himachal Pradesh,177025,IN,True
13183,Jagatsinghpur,Odisha,754102,IN,True
13184,Karimganj,Assam,788711,IN,True
13185,"Navarkulam, Lawspet",Puducherry,605008,IN,True
13186,Sultanganj,Bihar,813213,IN,True
13187,Malkangiri,Odisha,764044,IN,True
13188,Haleangady Mangaluru,Karnataka,574146,IN,True
13189,Nadiad,Gujarat,387330,IN,True
13190,"Kolkata, India",West Bengal,700143,IN,True
13191,Kolhapur,Maharashtra,416119,IN,True
13192,Bachupally,Telangana,500090,IN,True
13193,Bongaon,West Bengal,743251,IN,True
13194,Ernakulam,Kerala,682002,IN,True
13195,"Adipur, Gandhidham",Gujarat,370205,IN,True
13196,Ambad,Maharashtra,431204,IN,True
13197,Daddi,Karnataka,591254,IN,True
13198,Chethipuzha,Kerala,686538,IN,True
13199,Deoghar,Jharkhand,814157,IN,True
13200,Dhalavoipuram,Tamil Nadu,626122,IN,True
13201,Mayyanad,Kerala,691303,IN,True
13202,"Manipal,Udupi",Karnataka,576104,IN,True
13203,"Pattambi,Palakkad",Kerala,679308,IN,True
13204,Srikakulam,Andhra Pradesh,532123,IN,True
13205,"Kavalam, Alappuzha",Kerala,688506,IN,True
13206,Panaji,Goa,403005,IN,True
13207,Hathras,Uttar Pradesh,281306,IN,True
13208,Dhenkanal,Odisha,759013,IN,True
13209,Rajarhaat,West Bengal,700136,IN,True
13210,Baleshwar,Odisha,756126,IN,True
13211,Vijapura,Karnataka,586129,IN,True
13212,Kurattikadu,Kerala,689622,IN,True
13213,Shaktigarh,Uttarakhand,263151,IN,True
13214,P.O Chettipadi,Kerala,676319,IN,True
13215,Una,Himachal Pradesh,174507,IN,True
13216,"Yelahanka 64,Bengaluru",Karnataka,560064,IN,True
13217,Medak,Telangana,505528,IN,True
13218,Betul,Madhya Pradesh,460663,IN,True
13219,Cuttack,Odisha,754037,IN,True
13220,"Perumbavoor,Maruthukavala",Kerala,683542,IN,True
13221,Amangal,Telangana,509321,IN,True
13222,Chegannur,Kerala,689124,IN,True
13223,"Nani Daman,Daman",Dadra and Nagar Haveli and Daman and Diu,396210,IN,True
13224,Medchal,Telangana,500078,IN,True
13225,"Butibori, Nagpur",Maharashtra,441108,IN,True
13226,Jansath,Uttar Pradesh,251314,IN,True
13227,Dharapadavedu,Tamil Nadu,632202,IN,True
13228,Khandwa,Madhya Pradesh,450119,IN,True
13229,Thirupparankundran,Tamil Nadu,625005,IN,True
13230,Ratnagiri,Maharashtra,415601,IN,True
13231,Erode,Tamil Nadu,638476,IN,True
13232,Maham,Haryana,124112,IN,True
13233,Pimpri Chinchwad,Maharashtra,411038,IN,True
13234,Nalgonda,Telangana,508277,IN,True
13235,Noida,Uttar Pradesh,221001,IN,True
13236,Gollapudi Vijayawada Rural,Andhra Pradesh,521225,IN,True
13237,Baisinga,Odisha,757028,IN,True
13238,Maheshpur,Jharkhand,816106,IN,True
13239,Noida Sector 75,Uttar Pradesh,201301,IN,True
13240,Jogindarnagar,Himachal Pradesh,175012,IN,True
13241,Dombivli (E) Dist.Thane,Maharashtra,421201,IN,True
13242,Gr. Noida,Uttar Pradesh,201301,IN,True
13243,Cheyyur,Tamil Nadu,603305,IN,True
13244,Karamchedu,Andhra Pradesh,523168,IN,True
13245,Sarmathura,Rajasthan,328026,IN,True
13246,Nabarangapur,Odisha,764063,IN,True
13247,Pimpri-Chinchwad,Maharashtra,411057,IN,True
13248,"Pennukkara,Chengannur,Alappuzha",Kerala,689520,IN,True
13249,Rajnandgaon,Chhattisgarh,491557,IN,True
13250,New Delhi 110058,Delhi,110058,IN,True
13251,Jalandhar,Punjab,144806,IN,True
13252,Kancheepuram,Tamil Nadu,603310,IN,True
13253,Kendujhar,Odisha,758082,IN,True
13254,Ernakulam,Kerala,683110,IN,True
13255,Guntur,Andhra Pradesh,522436,IN,True
13256,Rajgarh,Madhya Pradesh,465661,IN,True
13257,Gudluru,Andhra Pradesh,523281,IN,True
13258,"West Godavari District, Eluru",Andhra Pradesh,534007,IN,True
13259,Bengalur,Karnataka,560097,IN,True
13260,Thane- 401107,Maharashtra,401107,IN,True
13261,Kattur,Kerala,680702,IN,True
13262,Kottayam,Kerala,686003,IN,True
13263,"Khodiyar, Ahmedabad",Gujarat,382421,IN,True
13264,Gaya,Bihar,824206,IN,True
13265,Ahmedabad,Gujarat,380063,IN,True
13266,Sonebhadra,Uttar Pradesh,231218,IN,True
13267,Deulgaon Raja,Maharashtra,443204,IN,True
13268,Ernakulam,Kerala,682034,IN,True
13269,Brajarajnagar,Odisha,768233,IN,True
13270,Vellore,Tamil Nadu,632402,IN,True
13271,Medak,Telangana,505467,IN,True
13272,Murmadi,Maharashtra,441809,IN,True
13273,Madanapalle,Andhra Pradesh,517319,IN,True
13274,"Chhata , Mathura",Uttar Pradesh,281401,IN,True
13275,Nagalapuram,Andhra Pradesh,517589,IN,True
13276,Deesa,Gujarat,385535,IN,True
13277,Katras,Jharkhand,828113,IN,True
13278,Delhi,Delhi,110076,IN,True
13279,Haldwani,Uttarakhand,263126,IN,True
13280,Greater Noida West,Uttar Pradesh,203207,IN,True
13281,Thirupuvanam Sivaganga District,Tamil Nadu,630611,IN,True
13282,Pangode,Kerala,695609,IN,True
13283,Laxmi Nagar,Delhi,110092,IN,True
13284,Gogunda,Rajasthan,313705,IN,True
13285,Kulpahar,Uttar Pradesh,210426,IN,True
13286,Porumamilla,Andhra Pradesh,516193,IN,True
13287,Gauri Bazar,Uttar Pradesh,274202,IN,True
13288,Ghansali,Uttarakhand,249155,IN,True
13289,Malappuram,Kerala,673634,IN,True
13290,Udumalpet,Tamil Nadu,642128,IN,True
13291,Noida Extension,Uttar Pradesh,201306,IN,True
13292,Dahanu West,Maharashtra,401602,IN,True
13293,Darbhanga,Bihar,847303,IN,True
13294,Jainoor,Telangana,504313,IN,True
13295,Elapakkam (Post) Chengalpattu  (District),Tamil Nadu,603201,IN,True
13296,Behat,Uttar Pradesh,247121,IN,True
13297,Lonavala,Maharashtra,410402,IN,True
13298,Obedullahganj,Madhya Pradesh,464993,IN,True
13299,Pamarru,Andhra Pradesh,533305,IN,True
13300,Nalgonda,Telangana,508213,IN,True
13301,Aurangabad,Bihar,824111,IN,True
13302,Bheemunipatnam,Andhra Pradesh,531162,IN,True
13303,Singrauli,Madhya Pradesh,486888,IN,True
13304,Bangalore,Karnataka,560065,IN,True
13305,"Takhatpur,Dist - Bilaspur",Chhattisgarh,495330,IN,True
13306,Banka,Bihar,813211,IN,True
13307,Sariya,Chhattisgarh,496554,IN,True
13308,Baghpat,Uttar Pradesh,250623,IN,True
13309,Dammapeta,Telangana,507306,IN,True
13310,Kolhapur,Maharashtra,416508,IN,True
13311,Nagamangala,Karnataka,571432,IN,True
13312,"Shankarpuri ,Gwalior ,Morar",Madhya Pradesh,474006,IN,True
13313,Kutukuluru,Andhra Pradesh,533264,IN,True
13314,Pethanaickenpalayam,Tamil Nadu,636119,IN,True
13315,Cuttack,Odisha,754130,IN,True
13316,Seoni Malwa,Madhya Pradesh,461223,IN,True
13317,Rangaareddy,Telangana,509358,IN,True
13318,Gidhaur,Bihar,811305,IN,True
13319,Chittoor,Andhra Pradesh,517569,IN,True
13320,"Ichalkaranji, Kolhapur",Maharashtra,416115,IN,True
13321,Peralam,Tamil Nadu,609405,IN,True
13322,Kolhapur,Maharashtra,416502,IN,True
13323,Belthangady,Karnataka,574214,IN,True
13324,Debagarh,Odisha,768109,IN,True
13325,"Kallambalam ,28Th Mile Vettiyara P.O",Kerala,695603,IN,True
13326,Bindki Fatehpur,Uttar Pradesh,212657,IN,True
13327,"Goregaon West, Mumbai",Maharashtra,400104,IN,True
13328,Chikamagalur,Karnataka,577124,IN,True
13329,"Pallikaranai, Chennai",Tamil Nadu,600100,IN,True
13330,Talaja,Gujarat,364140,IN,True
13331,Gyanpur,Uttar Pradesh,221304,IN,True
13332,Selaqui Dehradun,Uttarakhand,248197,IN,True
13333,Ramnagar Varanasi,Uttar Pradesh,221008,IN,True
13334,Palakkad,Kerala,679340,IN,True
13335,Padampur,Rajasthan,335041,IN,True
13336,South 24 Parganas,West Bengal,743330,IN,True
13337,Gurgaon,Haryana,122050,IN,True
13338,Bangalore South,Karnataka,560100,IN,True
13339,"Biswanath Chariali, Biswanath",Assam,784176,IN,True
13340,Thrissur,Kerala,680589,IN,True
13341,Lucknown,Uttar Pradesh,226028,IN,True
13342,Hanskhali,West Bengal,741505,IN,True
13343,"Mettupalayam ,Coimbatore District.",Tamil Nadu,641301,IN,True
13344,Ernakulam Dist.,Kerala,683511,IN,True
13345,Rajpur Sonarpur,West Bengal,743330,IN,True
13346,Nhangattiri,Kerala,679303,IN,True
13347,Parbhani,Maharashtra,431510,IN,True
13348,"New Town, Rajarhat",West Bengal,700156,IN,True
13349,Hosdurg,Kerala,671533,IN,True
13350,Mysuru,Karnataka,570027,IN,True
13351,Dist Una,Himachal Pradesh,174308,IN,True
13352,"Mala,Thrissur",Kerala,680732,IN,True
13353,Kolkata,West Bengal,700161,IN,True
13354,Thrithala,Kerala,679305,IN,True
13355,Narasapur,Andhra Pradesh,533251,IN,True
13356,Rajasunakhala,Odisha,752065,IN,True
13357,Aluva Ernakulam,Kerala,683102,IN,True
13358,"Thiruvottiyur,Chennai",Tamil Nadu,600019,IN,True
13359,Mumbai,Maharashtra,421203,IN,True
13360,Kurnool,Andhra Pradesh,518218,IN,True
13361,"Borivali West, Munbai",Maharashtra,400091,IN,True
13362,"Khammam ,Nelakondapalli",Telangana,507160,IN,True
13363,Jengjal Waribok,Meghalaya,794002,IN,True
13364,Kurichedu,Andhra Pradesh,523304,IN,True
13365,Bangarupalyam,Andhra Pradesh,517416,IN,True
13366,Warangal Industrial Area,Telangana,506151,IN,True
13367,Saligram,Karnataka,576226,IN,True
13368,Vizianagaram,Andhra Pradesh,535547,IN,True
13369,Solapur,Maharashtra,413304,IN,True
13370,Trivarndrum,Kerala,695587,IN,True
13371,Sitamarhi,Bihar,843333,IN,True
13372,Madurai,Tamil Nadu,625110,IN,True
13373,North Goa,Goa,403501,IN,True
13374,Redhills,Tamil Nadu,600052,IN,True
13375,"Adajan Gam, Surat",Gujarat,395009,IN,True
13376,Baberu,Uttar Pradesh,210121,IN,True
13377,Amlohri,Madhya Pradesh,486887,IN,True
13378,Purnea,Bihar,854329,IN,True
13379,South West Delhi,Delhi,110010,IN,True
13380,Nizamabad,Uttar Pradesh,276206,IN,True
13381,"Harsul, Aurangabad 431001",Maharashtra,401107,IN,True
13382,Balasinor,Gujarat,388255,IN,True
13383,Sitamadhi,Bihar,843228,IN,True
13384,Bansdih,Uttar Pradesh,277210,IN,True
13385,Kangra,Himachal Pradesh,176022,IN,True
13386,Kudchi,Karnataka,591316,IN,True
13387,Vpo Rauni,Punjab,141415,IN,True
13388,Vidyanagar,Andhra Pradesh,524413,IN,True
13389,Berhampur,Odisha,761001,IN,True
13390,Kunnamangalam ( Via) Calicut,Kerala,673571,IN,True
13391,Gollaprolu,Andhra Pradesh,533445,IN,True
13392,"Nautanwa, Maharajganj",Uttar Pradesh,273162,IN,True
13393,Barh,Bihar,803215,IN,True
13394,Chamarajanagar,Karnataka,571127,IN,True
13395,Kirandul,Chhattisgarh,494556,IN,True
13396,Sikar,Rajasthan,332317,IN,True
13397,Kotulpur,West Bengal,722141,IN,True
13398,Trivandrum,Kerala,695043,IN,True
13399,"Sardarshahar ,Churu",Rajasthan,331403,IN,True
13400,Medziphema,Nagaland,797106,IN,True
13401,"Manavadar, Junagdh",Gujarat,362630,IN,True
13402,Tehatta,West Bengal,741163,IN,True
13403,Nagaon,Assam,782103,IN,True
13404,Sarai Mir,Uttar Pradesh,276305,IN,True
13405,Calicut,Kerala,673008,IN,True
13406,Movva,Andhra Pradesh,521135,IN,True
13407,Mangalore,Karnataka,575030,IN,True
13408,New Delhi (North),Delhi,110084,IN,True
13409,Khandala,Maharashtra,410302,IN,True
13410,Pallikkal,Kerala,673636,IN,True
13411,Munderi,Kerala,670591,IN,True
13412,Kannur,Kerala,670594,IN,True
13413,"Muvattupuzha , Ernakulam Dst",Kerala,686670,IN,True
13414,Chamoli,Uttarakhand,246424,IN,True
13415,Miryagudem,Telangana,508218,IN,True
13416,Nagapattinam,Tamil Nadu,609811,IN,True
13417,Kalanad Post. Melparamba Kasaragod,Kerala,671121,IN,True
13418,Thrissur,Kerala,680684,IN,True
13419,New Barrackpore,West Bengal,700131,IN,True
13420,Sathupally,Telangana,507164,IN,True
13421,Charibatia,Odisha,754028,IN,True
13422,Mapusa,Goa,403526,IN,True
13423,Madhubani,Bihar,847108,IN,True
13424,"Mitrol,Palwal",Haryana,121105,IN,True
13425,Vikramgad,Maharashtra,401605,IN,True
13426,Shalimar Bagh,Delhi,110088,IN,True
13427,Pasan,Madhya Pradesh,484336,IN,True
13428,Aurangabad,Bihar,824303,IN,True
13429,Mendipathar,Assam,783126,IN,True
13430,"Hanamkonda ,Warangal",Telangana,506010,IN,True
13431,Surajgarha,Bihar,811106,IN,True
13432,Bommuru Rajahmundry,Andhra Pradesh,533124,IN,True
13433,Satara,Maharashtra,412805,IN,True
13434,"Mehadipatnam ,Hyderabad",Telangana,500028,IN,True
13435,Hyderabad,Andhra Pradesh,500018,IN,True
13436,Pedapadu Mandal,Andhra Pradesh,534437,IN,True
13437,Kurinjipadi,Tamil Nadu,607302,IN,True
13438,Pathanamthitta,Kerala,689614,IN,True
13439,Derabassi,Punjab,140603,IN,True
13440,Bansi,Uttar Pradesh,272153,IN,True
13441,Dhaniakhali,West Bengal,712302,IN,True
13442,Bengalurubangalore,Karnataka,560100,IN,True
13443,Kalwa,Maharashtra,400605,IN,True
13444,"Akash Nagar Annexe, Manimedu",Tamil Nadu,600128,IN,True
13445,Amalapuram,Andhra Pradesh,533222,IN,True
13446,Nalasopara,Maharashtra,401203,IN,True
13447,Damua,Madhya Pradesh,480555,IN,True
13448,Pillanallur,Tamil Nadu,637403,IN,True
13449,Hulsoor,Karnataka,585416,IN,True
13450,Firozpur,Punjab,152003,IN,True
13451,Ongole,Andhra Pradesh,523272,IN,True
13452,Neyyattinkara,Kerala,695133,IN,True
13453,Chittoor,Andhra Pradesh,517172,IN,True
13454,Chettipalayam Coimbatore District,Tamil Nadu,641201,IN,True
13455,Gorakhpur,Uttar Pradesh,273202,IN,True
13456,Perinthalmanna,Kerala,679340,IN,True
13457,Kadapa,Andhra Pradesh,516312,IN,True
13458,Lalganj Azamgarh U. P,Uttar Pradesh,276202,IN,True
13459,Sehore,Madhya Pradesh,466661,IN,True
13460,New Perungalathur,Tamil Nadu,600063,IN,True
13461,Tindivanam,Tamil Nadu,604303,IN,True
13462,Mahbubnagar,Telangana,509207,IN,True
13463,Nadapuram,Kerala,673506,IN,True
13464,"Butibori Midc,",Maharashtra,441122,IN,True
13465,Arvi,Maharashtra,442201,IN,True
13466,Gantyada,Andhra Pradesh,535215,IN,True
13467,Palakkad,Kerala,678632,IN,True
13468,"Sopanbaug, Pune",Maharashtra,411001,IN,True
13469,"Kargikala, Kota, Bilaspur",Chhattisgarh,495113,IN,True
13470,Govindpuram,Uttar Pradesh,201013,IN,True
13471,Vaduthala,Kerala,682023,IN,True
13472,Thrissur,Kerala,680702,IN,True
13473,Barasat - I,West Bengal,700126,IN,True
13474,Oragadam,Tamil Nadu,602105,IN,True
13475,Kunnummal,Kerala,673508,IN,True
13476,Chitvel,Andhra Pradesh,516110,IN,True
13477,Nandgaon,Maharashtra,423106,IN,True
13478,Kannur,Kerala,670741,IN,True
13479,Bulandshahr,Uttar Pradesh,203150,IN,True
13480,Nawagarh Janjgir,Chhattisgarh,495557,IN,True
13481,Hyderabad Secunderabad,Telangana,500025,IN,True
13482,Kodarma,Jharkhand,825410,IN,True
13483,Bandhawagarh,Madhya Pradesh,484661,IN,True
13484,Vijalpor,Gujarat,396445,IN,True
13485,Bambolim,Goa,403201,IN,True
13486,Raidighi,West Bengal,743383,IN,True
13487,"Pala, Kottayam",Kerala,686575,IN,True
13488,Mangaluru,Karnataka,575026,IN,True
13489,Vikarabad Pudur,Telangana,501101,IN,True
13490,"Bhakali, Rewari",Haryana,123302,IN,True
13491,Kadur,Karnataka,577135,IN,True
13492,"Bapunagar,Ahmedabad",Gujarat,380024,IN,True
13493,Rau,Madhya Pradesh,453556,IN,True
13494,Mahoor,Maharashtra,431721,IN,True
13495,Pulikkal,Kerala,673637,IN,True
13496,Tiswadi,Goa,403110,IN,True
13497,"Greater  Mohali  / Kharar  , Punjab",Punjab,140301,IN,True
13498,Ranipur,Uttar Pradesh,284205,IN,True
13499,Ponneri. Chennai,Tamil Nadu,601204,IN,True
13500,Chennai 126,Tamil Nadu,600126,IN,True
13501,Darjiling,West Bengal,734009,IN,True
13502,"Gudivada, Krishna District",Andhra Pradesh,521301,IN,True
13503,Mysore,Karnataka,560017,IN,True
13504,Jajpur,Odisha,754205,IN,True
13505,Perumbavoor,Kerala,683548,IN,True
13506,Khurda,Odisha,752055,IN,True
13507,Thiruvananthapuram,Kerala,695612,IN,True
13508,Ramdurg,Karnataka,591123,IN,True
13509,Malur,Karnataka,563130,IN,True
13510,Dhanualti,Uttarakhand,249145,IN,True
13511,Almora,Uttarakhand,263629,IN,True
13512,Udupi,Karnataka,576229,IN,True
13513,Aurad,Karnataka,585326,IN,True
13514,Uthukuli,Tamil Nadu,638751,IN,True
13515,Madappally College,Kerala,673102,IN,True
13516,Mehmdabad,Gujarat,387130,IN,True
13517,Narsinghpur,Madhya Pradesh,487110,IN,True
13518,Chennithala,Kerala,690104,IN,True
13519,Padubidri,Karnataka,574111,IN,True
13520,Lakhipur Cachar District,Assam,788126,IN,True
13521,Ahmedabad,Gujarat,382346,IN,True
13522,Rourkela- 769012,Odisha,769012,IN,True
13523,"Ramapuram, Pala, Kottayam",Kerala,686576,IN,True
13524,Hyderabad,Telangana,500873,IN,True
13525,West Nimar,Madhya Pradesh,451001,IN,True
13526,Nagaon,Assam,782442,IN,True
13527,Kalpakkkam,Tamil Nadu,603102,IN,True
13528,"Pothreddipally, Sangareddy",Telangana,502295,IN,True
13529,Hamirpur,Himachal Pradesh,176044,IN,True
13530,Bhubaneshwar,Odisha,752101,IN,True
13531,Longding-District . Arunachal Pradesh,Arunachal Pradesh,786631,IN,True
13532,Alathur,Kerala,678541,IN,True
13533,Kuruli,Maharashtra,410501,IN,True
13534,Dhauli Payu ...Mathura,Uttar Pradesh,281001,IN,True
13535,Bengaluru.,Karnataka,560062,IN,True
13536,Chhindwara,Madhya Pradesh,480441,IN,True
13537,Vasco-Da-Gama,Goa,403711,IN,True
13538,Sikar,Rajasthan,332405,IN,True
13539,Chettuva,Kerala,680616,IN,True
13540,Jhanti Pahari,West Bengal,722137,IN,True
13541,Kurla West Mumbai,Maharashtra,400070,IN,True
13542,Secunderabad-25,Telangana,500025,IN,True
13543,Gumia,Jharkhand,829128,IN,True
13544,Tikarpada,Odisha,765020,IN,True
13545,Tangi,Odisha,752022,IN,True
13546,Muthur,Tamil Nadu,642005,IN,True
13547,Tiruppur,Tamil Nadu,641687,IN,True
13548,"Iritty,Kannur",Kerala,670703,IN,True
13549,Bada Bazar Sagar,Madhya Pradesh,470002,IN,True
13550,Shimla,Himachal Pradesh,171007,IN,True
13551,Kanpur Nagar,Uttar Pradesh,208012,IN,True
13552,Chathannoor,Kerala,691572,IN,True
13553,Malkangiri,Odisha,764048,IN,True
13554,Dindori,Madhya Pradesh,481882,IN,True
13555,Titilagarh,Odisha,767066,IN,True
13556,"Alapuzha,Kayamkullam",Kerala,690531,IN,True
13557,Bangalore,Karnataka,560051,IN,True
13558,1,Uttarakhand,248001,IN,True
13559,"Kphb 9Th Phase, Near Forum Mall, Hyderabad",Telangana,500072,IN,True
13560,Sankari(T.K),Tamil Nadu,637303,IN,True
13561,Mohammadpur Urf Chainpur,Bihar,800001,IN,True
13562,Rengali,Odisha,768212,IN,True
13563,Ayacode,Tamil Nadu,629161,IN,True
13564,Bhilwara,Rajasthan,311802,IN,True
13565,Chengannur,Kerala,689626,IN,True
13566,Kotabammali,Andhra Pradesh,532195,IN,True
13567,Shedbal,Karnataka,591315,IN,True
13568,Vaishali,Bihar,844505,IN,True
13569,Nashik,Maharashtra,422203,IN,True
13570,Vadakara,Kerala,673541,IN,True
13571,Tirunelveli,Tamil Nadu,627114,IN,True
13572,Malikipuram,Andhra Pradesh,533254,IN,True
13573,Kasaragod,Kerala,670511,IN,True
13574,Anakkayam,Kerala,676509,IN,True
13575,Aluva 6,Kerala,683106,IN,True
13576,Mysore,Karnataka,570006,IN,True
13577,Manugur,Telangana,507116,IN,True
13578,Margao,Goa,403708,IN,True
13579,"Veraval, Dist- Gir Somnath",Gujarat,362265,IN,True
13580,Kothamangalam,Kerala,686681,IN,True
13581,Ranipet,Tamil Nadu,632406,IN,True
13582,Purnia,Bihar,854203,IN,True
13583,"Chhaya, Porbandar",Gujarat,360575,IN,True
13584,Madavoor Pallikkal,Kerala,695602,IN,True
13585,Madgoan,Goa,403601,IN,True
13586,Mumbai 400049,Maharashtra,400049,IN,True
13587,Mowad,Maharashtra,441303,IN,True
13588,Thiruvarur,Tamil Nadu,614018,IN,True
13589,"Mallital, Nainital",Uttarakhand,263002,IN,True
13590,Biccavolu,Andhra Pradesh,533343,IN,True
13591,Vrindavan     {Mathura},Uttar Pradesh,281121,IN,True
13592,Pihani Dist. Hardoi,Uttar Pradesh,241406,IN,True
13593,Bodeli,Gujarat,391135,IN,True
13594,Palakkad,Kerala,679357,IN,True
13595,"Vasant Vihar, Thane",Maharashtra,400601,IN,True
13596,Guntur,Andhra Pradesh,522309,IN,True
13597,Sonbhadra,Uttar Pradesh,231220,IN,True
13598,Mira Road (East),Maharashtra,401107,IN,True
13599,Fort.Mumbai,Maharashtra,400023,IN,True
13600,Rasayani Mohopada,Maharashtra,410207,IN,True
13601,Sundarnagar Distt Mandi,Himachal Pradesh,175018,IN,True
13602,Niz Hajo,Assam,781102,IN,True
13603,Khordha,Odisha,752054,IN,True
13604,"Shela, Ahmedabad",Gujarat,380058,IN,True
13605,Valavanur,Tamil Nadu,605108,IN,True
13606,Thane (West),Maharashtra,400608,IN,True
13607,"Kakkodi Mukku,Kannadichal Road",Kerala,673611,IN,True
13608,Chandurbazar,Maharashtra,444704,IN,True
13609,Jourian,Jammu and Kashmir,181202,IN,True
13610,Yawal,Maharashtra,425302,IN,True
13611,Chennai - 8,Tamil Nadu,600008,IN,True
13612,Tanjavur,Tamil Nadu,613401,IN,True
13613,Chittranjan Park New Delhi,Delhi,110019,IN,True
13614,Bengalurubangalore,Karnataka,560062,IN,True
13615,"Ramanagara Taluk ,Bidadi",Karnataka,562109,IN,True
13616,"Bassi, Jaipur",Rajasthan,303301,IN,True
13617,Mangalore,Karnataka,575017,IN,True
13618,",Raibarely Road Faizabad (Ayodhya)",Uttar Pradesh,224001,IN,True
13619,Perumanna,Kerala,676551,IN,True
13620,Guntur,Andhra Pradesh,522256,IN,True
13621,Vijayanagaram,Andhra Pradesh,532127,IN,True
13622,Darbhanga,Bihar,846002,IN,True
13623,Dona Paula,Goa,403004,IN,True
13624,"Pulivendula, Kadapa",Andhra Pradesh,516390,IN,True
13625,Mumbai 400053,Maharashtra,400053,IN,True
13626,Krishnaganj,West Bengal,741509,IN,True
13627,Central Delhi,Delhi,110005,IN,True
13628,Badlapur (W),Maharashtra,421503,IN,True
13629,Manasa,Madhya Pradesh,458110,IN,True
13630,Balikuda,Odisha,754106,IN,True
13631,"Mohanraopet, Korutla Mandal, Jagityal Dist",Telangana,505453,IN,True
13632,Udupi,Karnataka,576214,IN,True
13633,Rhenock,Sikkim,737133,IN,True
13634,Shoranur,Kerala,679505,IN,True
13635,Solapur,Maharashtra,413008,IN,True
13636,Contai,West Bengal,721433,IN,True
13637,Aluva / Ernakulam,Kerala,683112,IN,True
13638,Adipur,Gujarat,370205,IN,True
13639,Kottayam District,Kerala,686011,IN,True
13640,Kanhan,Maharashtra,441401,IN,True
13641,Gautam Budh Nagar,Uttar Pradesh,201307,IN,True
13642,Penha De Franca,Goa,403101,IN,True
13643,Morazha,Kerala,670331,IN,True
13644,Nandikotkur Kurnool,Andhra Pradesh,518401,IN,True
13645,Kothrud,Maharashtra,411038,IN,True
13646,Anugul,Odisha,759128,IN,True
13647,Palurgada,Odisha,761027,IN,True
13648,New Delhi-110015,Delhi,110015,IN,True
13649,Coimbatore,Tamil Nadu,641013,IN,True
13650,Lakhanpur,Jammu and Kashmir,184152,IN,True
13651,Dhanbad,Jharkhand,828121,IN,True
13652,Raikal,Telangana,505460,IN,True
13653,Ambarnath (East),Maharashtra,421501,IN,True
13654,Njarackal,Kerala,682503,IN,True
13655,Padoor,Kerala,680524,IN,True
13656,Pune,Maharashtra,412106,IN,True
13657,Thiruvananthapuram,Kerala,695146,IN,True
13658,Podili,Andhra Pradesh,523240,IN,True
13659,Rawalsar,Himachal Pradesh,175023,IN,True
13660,Malegaon Dist Nasik,Maharashtra,423203,IN,True
13661,Gaziabad,Uttar Pradesh,201005,IN,True
13662,Tiruchanur,Andhra Pradesh,517503,IN,True
13663,Howrah,West Bengal,711204,IN,True
13664,Palakkad,Kerala,678597,IN,True
13665,Mannancherry,Kerala,688538,IN,True
13666,Prakasam District,Andhra Pradesh,523212,IN,True
13667,Bantwal T.Q.,Karnataka,574211,IN,True
13668,Kurnool - Dist,Andhra Pradesh,518206,IN,True
13669,Gola Bazar,Uttar Pradesh,273408,IN,True
13670,Udma,Kerala,671317,IN,True
13671,Vatakara,Kerala,673308,IN,True
13672,Sitapur,Uttar Pradesh,261121,IN,True
13673,Basoda,Madhya Pradesh,464221,IN,True
13674,Thane (West),Maharashtra,400601,IN,True
13675,South Chittor Eranakulam.,Kerala,682027,IN,True
13676,Chigur,Telangana,505467,IN,True
13677,Chandauli,Uttar Pradesh,232118,IN,True
13678,Tenkasi,Tamil Nadu,627818,IN,True
13679,Boinpalle,Telangana,505524,IN,True
13680,"Thiruvalla, Pathanamthitta",Kerala,689104,IN,True
13681,Karur(Dt),Tamil Nadu,639110,IN,True
13682,Village :Muddapur Tq :Mudhol Dist :Bagalkot,Karnataka,587122,IN,True
13683,Sahaswan,Uttar Pradesh,243638,IN,True
13684,Rohini Sector 8,Delhi,110085,IN,True
13685,Mira Rd,Maharashtra,401107,IN,True
13686,Katwa,West Bengal,713130,IN,True
13687,Virar East.,Maharashtra,401305,IN,True
13688,Koottilangadi,Kerala,676506,IN,True
13689,Sirohi,Rajasthan,307026,IN,True
13690,Ramgarh Sikar District,Rajasthan,331024,IN,True
13691,North 24 Parganas,West Bengal,743123,IN,True
13692,Andheri East,Maharashtra,400099,IN,True
13693,Dist-Chandauli Sub Dist- Chakiya Shahabganj,Uttar Pradesh,232118,IN,True
13694,"Pimpri Chinchwad, Pune",Maharashtra,411057,IN,True
13695,Malshiras,Maharashtra,413107,IN,True
13696,Veiloor,Kerala,695305,IN,True
13697,Moti Bhoyan,Gujarat,382721,IN,True
13698,Mehandipur,Rajasthan,303509,IN,True
13699,Khorda,Odisha,751002,IN,True
13700,Pathanamthitta,Kerala,689542,IN,True
13701,Gulbarga,Karnataka,585106,IN,True
13702,Khorda,Odisha,751012,IN,True
13703,Othakadai Madurai,Tamil Nadu,625107,IN,True
13704,Triprayar,Kerala,680567,IN,True
13705,Sikandra,Bihar,811315,IN,True
13706,City,Meghalaya,793003,IN,True
13707,Badlapur (East),Maharashtra,421503,IN,True
13708,Palarivattom,Kerala,682024,IN,True
13709,Pittalavanipalem,Andhra Pradesh,522311,IN,True
13710,"Ernakulam, Kochi",Kerala,682018,IN,True
13711,"Mohan Garden, Uttam Nagar,New Delhi",Delhi,110059,IN,True
13712,Kozhikode,Kerala,673009,IN,True
13713,Kudal- Sindhudurg,Maharashtra,416510,IN,True
13714,Panitola,Assam,786183,IN,True
13715,Munger,Bihar,811202,IN,True
13716,Sikar,Rajasthan,332316,IN,True
13717,Bhimtal,Uttarakhand,263136,IN,True
13718,Chikmagalur,Karnataka,577130,IN,True
13719,"Baidyabati, Hooghly",West Bengal,712222,IN,True
13720,Adityana,Gujarat,360545,IN,True
13721,"Chembur, Mumbai",Maharashtra,400089,IN,True
13722,Attingal,Kerala,695143,IN,True
13723,Mysore,Karnataka,570018,IN,True
13724,Ghaziyabad,Uttar Pradesh,201102,IN,True
13725,Gandhinagar,Gujarat,382019,IN,True
13726,Aversa,Karnataka,581316,IN,True
13727,Delhi,Delhi,110014,IN,True
13728,Gmr Power Plant Kmalanga Township,Odisha,759121,IN,True
13729,Mysurumysore,Karnataka,570008,IN,True
13730,Kottayam,Kerala,686514,IN,True
13731,"Medak, Narsapur",Telangana,502313,IN,True
13732,Chandrapur,Maharashtra,442917,IN,True
13733,"Ponnamaravathi, Pudukottai District",Tamil Nadu,622407,IN,True
13734,New Delhide,Delhi,110075,IN,True
13735,Melli,Sikkim,737128,IN,True
13736,Vatsavai,Andhra Pradesh,521402,IN,True
13737,Munagala,Telangana,508233,IN,True
13738,Hyderabad,Telangana,500112,IN,True
13739,Chaumuhan,Uttar Pradesh,281406,IN,True
13740,"Kuthuparamba, Kannur",Kerala,670643,IN,True
13741,Ludhiana,Punjab,141419,IN,True
13742,Chakluwa Kaladhungi,Uttarakhand,263139,IN,True
13743,Thane,Maharashtra,421004,IN,True
13744,Kundarki,Uttar Pradesh,244413,IN,True
13745,Thalassery,Kerala,670671,IN,True
13746,Likabali,Arunachal Pradesh,791125,IN,True
13747,Goreswar,Assam,781366,IN,True
13748,Zakiesato,Nagaland,797112,IN,True
13749,Nooranad,Kerala,690504,IN,True
13750,Samastipur,Bihar,848505,IN,True
13751,Silchar,Assam,788013,IN,True
13752,Gadag,Karnataka,582101,IN,True
13753,Orathanadu,Tamil Nadu,614625,IN,True
13754,Nandej,Gujarat,382435,IN,True
13755,Hubli,Karnataka,580031,IN,True
13756,Mannar,Kerala,689626,IN,True
13757,Cuddalore,Tamil Nadu,608704,IN,True
13758,Faizabad Ayodhya,Uttar Pradesh,224001,IN,True
13759,Radhapuram,Tamil Nadu,627111,IN,True
13760,Bengaluru 560032,Karnataka,560032,IN,True
13761,Gorakhpur,Uttar Pradesh,273158,IN,True
13762,Kollam,Kerala,691521,IN,True
13763,Puttur,Karnataka,574210,IN,True
13764,Mangalore,Karnataka,575008,IN,True
13765,Riico Industrial Area Kant Kalwar,Rajasthan,303002,IN,True
13766,Mandya,Karnataka,571477,IN,True
13767,Goura,West Bengal,721146,IN,True
13768,Ramagundam,Telangana,505208,IN,True
13769,Hamirpur,Himachal Pradesh,176043,IN,True
13770,"Melur, Madurai (Dt)",Tamil Nadu,625106,IN,True
13771,Pune 48,Maharashtra,411048,IN,True
13772,Greater Noida West,Uttar Pradesh,201309,IN,True
13773,Dehardun,Uttarakhand,248197,IN,True
13774,Pune-15,Maharashtra,411015,IN,True
13775,Tsundur,Andhra Pradesh,522318,IN,True
13776,Tilda,Chhattisgarh,493114,IN,True
13777,Kalyan (E),Maharashtra,421306,IN,True
13778,Vikarabad Dist,Telangana,501158,IN,True
13779,Bantwal,Karnataka,574260,IN,True
13780,Adilabad,Telangana,505526,IN,True
13781,Portblair Shadipur,Andaman and Nicobar Islands,744101,IN,True
13782,Kizhuvalam Koonthalloor,Kerala,695304,IN,True
13783,Ratnagiri,Maharashtra,415629,IN,True
13784,Bhiloda,Gujarat,383250,IN,True
13785,Thane:421302,Maharashtra,421302,IN,True
13786,Athvelly,Telangana,501401,IN,True
13787,Chirala,Andhra Pradesh,523156,IN,True
13788,Bhavnagar,Gujarat,364006,IN,True
13789,Ananthapur,Andhra Pradesh,515801,IN,True
13790,Soreng  West Sikkim,Sikkim,737121,IN,True
13791,Gangnapur,West Bengal,741238,IN,True
13792,Nagda,Madhya Pradesh,456335,IN,True
13793,"Masi,Almora",Uttarakhand,263658,IN,True
13794,Miran Sahib  Jammu,Jammu and Kashmir,181101,IN,True
13795,Pathanamthitta,Kerala,689104,IN,True
13796,Hubli,Karnataka,580020,IN,True
13797,Idukki,Kerala,685551,IN,True
13798,Kartarpur,Punjab,144801,IN,True
13799,Satara,Maharashtra,415004,IN,True
13800,Hansari Jhansi,Uttar Pradesh,284135,IN,True
13801,Sumerpur,Rajasthan,306902,IN,True
13802,"Bhubaneswar, Khordha",Odisha,751003,IN,True
13803,Thiruchentur,Tamil Nadu,628206,IN,True
13804,Raninagar Ii,West Bengal,742308,IN,True
13805,New Delh,Delhi,110048,IN,True
13806,"Sodpur, Kolkata",West Bengal,700113,IN,True
13807,Kozhikode,Kerala,673104,IN,True
13808,Kochi,Kerala,682009,IN,True
13809,New Tehri (Baurari),Uttarakhand,249001,IN,True
13810,Pithoragarh,Uttarakhand,262520,IN,True
13811,Chomu Jaipur,Rajasthan,303702,IN,True
13812,Bhimavaram 2,Andhra Pradesh,534202,IN,True
13813,Adilabad,Telangana,505504,IN,True
13814,Bagalkote,Karnataka,587101,IN,True
13815,Indore,Madhya Pradesh,453441,IN,True
13816,Chamba,Himachal Pradesh,176311,IN,True
13817,"Kunrathur, Chennai",Tamil Nadu,600069,IN,True
13818,Kottayam,Kerala,686518,IN,True
13819,Meenachil,Kerala,686634,IN,True
13820,Merta Road,Rajasthan,341511,IN,True
13821,Triprayar,Kerala,680566,IN,True
13822,Sg Highway Ahmedabad,Gujarat,382421,IN,True
13823,Moodbidri,Karnataka,574226,IN,True
13824,Udangudi,Tamil Nadu,628203,IN,True
13825,Lalkuan,Uttarakhand,262402,IN,True
13826,Pondicherry,Puducherry,605005,IN,True
13827,Muzaffarnagar,Uttar Pradesh,251327,IN,True
13828,Salem,Tamil Nadu,636502,IN,True
13829,Kakinada,Andhra Pradesh,533462,IN,True
13830,"Kukatpalli, Hyderabad",Telangana,500072,IN,True
13831,Ernakulam,Kerala,682006,IN,True
13832,Nagamalaipudukottai,Tamil Nadu,625021,IN,True
13833,Vaddeswaram,Andhra Pradesh,522502,IN,True
13834,Muvattupuzha,Kerala,686663,IN,True
13835,Prayagraj,Uttar Pradesh,211004,IN,True
13836,Ntpc Barh Township,Bihar,803215,IN,True
13837,"Medchal District, Shamirpet Mondal. Hyderabad",Telangana,500078,IN,True
13838,Vedasandur,Tamil Nadu,624710,IN,True
13839,Delhi,Delhi,110005,IN,True
13840,Kochi,Kerala,683517,IN,True
13841,Gurgaon,Haryana,122022,IN,True
13842,Irinjalakuda,Kerala,680701,IN,True
13843,K R Puram Bengaluru,Karnataka,560036,IN,True
13844,"Medavakkam, Chennai",Tamil Nadu,600100,IN,True
13845,Thanjavur,Tamil Nadu,613003,IN,True
13846,Thoothukudi,Tamil Nadu,628101,IN,True
13847,Yernagudem,Andhra Pradesh,534313,IN,True
13848,Bokaro,Jharkhand,827004,IN,True
13849,Kadapa,Andhra Pradesh,516203,IN,True
13850,Arjunda,Chhattisgarh,491225,IN,True
13851,Ayodhya,Uttar Pradesh,224135,IN,True
13852,Palacoderu,Andhra Pradesh,534244,IN,True
13853,Nagapattinam,Tamil Nadu,609701,IN,True
13854,Bhakali,Haryana,124146,IN,True
13855,Singampuneri,Tamil Nadu,630502,IN,True
13856,Katihar,Bihar,854108,IN,True
13857,Lilia,Gujarat,365535,IN,True
13858,Fatehgarh Churian,Punjab,143602,IN,True
13859,"Zirakpur, Punjab",Punjab,140603,IN,True
13860,Nalasorapra (E),Maharashtra,401209,IN,True
13861,Nagla,Uttarakhand,263149,IN,True
13862,Mysuru,Karnataka,571122,IN,True
13863,"Kotdwara,Pauri Garhwal",Uttarakhand,246149,IN,True
13864,Kolimigundla,Andhra Pradesh,518123,IN,True
13865,"New Delhi, Delhi Cantt",Delhi,110010,IN,True
13866,Jamakhandi,Karnataka,587301,IN,True
13867,Pedapadu,Andhra Pradesh,534437,IN,True
13868,Kumardhubhi,Jharkhand,828203,IN,True
13869,Raebareli,Uttar Pradesh,229308,IN,True
13870,Gaya,Bihar,824201,IN,True
13871,Kharora,Chhattisgarh,493225,IN,True
13872,"Chinnakalapet, Puducherry",Puducherry,605014,IN,True
13873,Kalasapakkam,Tamil Nadu,606751,IN,True
13874,Erumaipatti,Tamil Nadu,637013,IN,True
13875,Thane,Maharashtra,401701,IN,True
13876,Chinchpokli,Maharashtra,400012,IN,True
13877,Palghar,Maharashtra,401701,IN,True
13878,Kundapura,Karnataka,576212,IN,True
13879,Thiruvallom,Kerala,695027,IN,True
13880,Ron,Madhya Pradesh,477335,IN,True
13881,Pirawa,Rajasthan,326034,IN,True
13882,Maslandapur,West Bengal,743289,IN,True
13883,South Andaman,Andaman and Nicobar Islands,744103,IN,True
13884,"Perumbakkam, Chennai",Tamil Nadu,600100,IN,True
13885,Banglore,Karnataka,560066,IN,True
13886,Meerut,Uttar Pradesh,250221,IN,True
13887,Bhubaneshwar,Odisha,751024,IN,True
13888,"Sanpada,Navi Mumbai",Maharashtra,400705,IN,True
13889,Sangam,Andhra Pradesh,524306,IN,True
13890,Peraiyur,Tamil Nadu,625703,IN,True
13891,"Banjara Hills ,Hyderabad",Telangana,500034,IN,True
13892,Paramathi,Tamil Nadu,637207,IN,True
13893,New Delhinew Delhi,Delhi,110080,IN,True
13894,Vijayawada,Andhra Pradesh,521301,IN,True
13895,Palani,Tamil Nadu,624618,IN,True
13896,Kolappalur,Tamil Nadu,638456,IN,True
13897,Eral,Tamil Nadu,628801,IN,True
13898,"Sirkali, Nagapattinum (District)",Tamil Nadu,609110,IN,True
13899,Thalassery,Kerala,670106,IN,True
13900,Saiyad Raja,Uttar Pradesh,232110,IN,True
13901,Mumbai-400051,Maharashtra,400051,IN,True
13902,Navsari,Gujarat,396463,IN,True
13903,Bally,West Bengal,711107,IN,True
13904,Cuttack,Odisha,754112,IN,True
13905,Thrikkakara,Kerala,682033,IN,True
13906,Varthegundi,Karnataka,577129,IN,True
13907,Siddipet,Telangana,502102,IN,True
13908,District Mandi,Himachal Pradesh,175124,IN,True
13909,Silapathar,Assam,787059,IN,True
13910,Varanasi,Uttar Pradesh,221104,IN,True
13911,Trivandrum,Kerala,695025,IN,True
13912,Umbargam,Gujarat,396135,IN,True
13913,Kochin,Kerala,682021,IN,True
13914,"Pune,Lohengao",Maharashtra,411047,IN,True
13915,Mehsana,Gujarat,384002,IN,True
13916,Ramgarh,Jharkhand,825314,IN,True
13917,Devakottai.Sivagangai District.,Tamil Nadu,630302,IN,True
13918,Ayan Kollan Kondan (Po) Rajapalayam (Tk),Tamil Nadu,626142,IN,True
13919,Baghpat (250601),Uttar Pradesh,250601,IN,True
13920,"Attingal,  Kochalumoodu",Kerala,695104,IN,True
13921,Bankura,West Bengal,722136,IN,True
13922,Bettiah,Bihar,845459,IN,True
13923,Junglighat,Andaman and Nicobar Islands,744103,IN,True
13924,Santa Cruz Mumbai,Maharashtra,400055,IN,True
13925,Villupuram,Tamil Nadu,605105,IN,True
13926,Allagadda,Andhra Pradesh,518543,IN,True
13927,J Odhpur,Rajasthan,342001,IN,True
13928,Bharsingi,Maharashtra,441305,IN,True
13929,Narpatganj,Bihar,854335,IN,True
13930,Borivali East,Maharashtra,400066,IN,True
13931,Cherukolpuzha,Kerala,689611,IN,True
13932,Chipurupalle.  Vizianagaram Dist,Andhra Pradesh,535128,IN,True
13933,Melpattampakkam,Tamil Nadu,607104,IN,True
13934,Kalyan W Dist Thane,Maharashtra,421301,IN,True
13935,Chittoor,Andhra Pradesh,517004,IN,True
13936,Kendrapara,Odisha,754214,IN,True
13937,Bharuch,Gujarat,392002,IN,True
13938,Tirupati,Andhra Pradesh,517526,IN,True
13939,Punalur,Kerala,691333,IN,True
13940,Tenkasi,Tamil Nadu,627804,IN,True
13941,Bilimora,Gujarat,396380,IN,True
13942,Dhanbad,Jharkhand,828106,IN,True
13943,Pune,Maharashtra,411012,IN,True
13944,Arrah,Bihar,802312,IN,True
13945,Kaliapani,Odisha,755028,IN,True
13946,Rishra Hooghly,West Bengal,712249,IN,True
13947,Dhar,Madhya Pradesh,454448,IN,True
13948,"Naini, Allahabad",Uttar Pradesh,211008,IN,True
13949,"K.R.Puram  , Manubolu",Andhra Pradesh,524405,IN,True
13950,Bathinda,Punjab,151102,IN,True
13951,"Tirukalukundram, Thiruporur",Tamil Nadu,603105,IN,True
13952,Ajekar,Karnataka,574101,IN,True
13953,Amgaon,Maharashtra,441902,IN,True
13954,"Vilayat Gidc , Bharuch",Gujarat,392012,IN,True
13955,Peyad,Kerala,695573,IN,True
13956,Dharwad - 580003.,Karnataka,580003,IN,True
13957,Balugaon,Odisha,752030,IN,True
13958,Mandvi,Gujarat,370465,IN,True
13959,Rajkot,Gujarat,360008,IN,True
13960,Alleppey,Kerala,688006,IN,True
13961,Malnaka Ratnagiri,Maharashtra,415612,IN,True
13962,Kurkheda,Maharashtra,441209,IN,True
13963,Adityapur,Jharkhand,831013,IN,True
13964,"Chittur, Palakkad",Kerala,678103,IN,True
13965,Panpoli,Tamil Nadu,627807,IN,True
13966,Coonoor,Tamil Nadu,643105,IN,True
13967,Changanassery,Kerala,686504,IN,True
13968,Raghunathpur Puruliya District,West Bengal,723133,IN,True
13969,Athazhakunnu,Kerala,670005,IN,True
13970,Gudlavalleru,Andhra Pradesh,521356,IN,True
13971,Kolkata,West Bengal,700072,IN,True
13972,Janjgir Champa,Chhattisgarh,495671,IN,True
13973,Ramanathapuram,Tamil Nadu,623524,IN,True
13974,Jamnagar,Gujarat,361347,IN,True
13975,"Sivagiri, Tirunelveli District",Tamil Nadu,627757,IN,True
13976,Rae Bareli,Uttar Pradesh,229310,IN,True
13977,Vasad,Gujarat,388306,IN,True
13978,Suleeswaranpatti,Tamil Nadu,642006,IN,True
13979,Mandapeta,Andhra Pradesh,533340,IN,True
13980,"Kompally, Hyderabad",Telangana,500014,IN,True
13981,Chengalpattu,Tamil Nadu,603103,IN,True
13982,Raisinghnagar,Rajasthan,335051,IN,True
13983,Tiruchirapalli,Tamil Nadu,620017,IN,True
13984,Calapor,Goa,403005,IN,True
13985,Surat,Gujarat,396430,IN,True
13986,Saharanpur,Uttar Pradesh,247340,IN,True
13987,Ambur,Tamil Nadu,635814,IN,True
13988,Rajauri,Jammu and Kashmir,185153,IN,True
13989,Egarkunr,Jharkhand,828203,IN,True
13990,Donimalai,Karnataka,583118,IN,True
13991,Malappuram P O,Kerala,676505,IN,True
13992,Nawada,Bihar,805101,IN,True
13993,Bokaro Steel City,Jharkhand,827010,IN,True
13994,Purnia,Bihar,854327,IN,True
13995,Takhatpur,Chhattisgarh,495002,IN,True
13996,Cuttack,Odisha,754004,IN,True
13997,Shillong,Meghalaya,793007,IN,True
13998,Narayankhed,Telangana,502286,IN,True
13999,Naspur,Telangana,504303,IN,True
14000,Alappuzha,Kerala,688506,IN,True
14001,"Dwarka, New Delhi",Delhi,110078,IN,True
14002,"S N Puram , Thrissur District",Kerala,680668,IN,True
14003,Beeri Kotekar Post,Karnataka,575022,IN,True
14004,Kavaratti,Lakshadweep,682555,IN,True
14005,Jaipur,Rajasthan,303002,IN,True
14006,"Puthalam,Kanyakumari",Tamil Nadu,629602,IN,True
14007,Kolayat,Rajasthan,334302,IN,True
14008,Kurnool,Andhra Pradesh,518452,IN,True
14009,Chockli,Kerala,673313,IN,True
14010,Karuvanthuruthy,Kerala,673314,IN,True
14011,Siliguri,West Bengal,735203,IN,True
14012,Garh Kamalpur,West Bengal,721628,IN,True
14013,Arumanai,Tamil Nadu,629151,IN,True
14014,Umarkhed,Maharashtra,445206,IN,True
14015,Bangalore-17,Karnataka,560017,IN,True
14016,Chikmagalur,Karnataka,577129,IN,True
14017,Hyderabad,Telangana,500111,IN,True
14018,"Tittakudi,Cuddalore",Tamil Nadu,606106,IN,True
14019,Agorpara,West Bengal,700049,IN,True
14020,Rajmahal,Jharkhand,816108,IN,True
14021,Kodagu,Karnataka,571236,IN,True
14022,East Godavari District,Andhra Pradesh,533261,IN,True
14023,Bongaigaon Rpcl Township,Assam,783385,IN,True
14024,Khammam,Telangana,507204,IN,True
14025,Kandikandi,West Bengal,742136,IN,True
14026,Tinsukia,Assam,786158,IN,True
14027,Kendrapara,Odisha,755016,IN,True
14028,West Godavari,Andhra Pradesh,534101,IN,True
14029,"Manmad, Dist- Nasik",Maharashtra,423104,IN,True
14030,Chennai- 603103,Tamil Nadu,603103,IN,True
14031,Baba Bakala,Punjab,143202,IN,True
14032,Kamareddy,Telangana,503302,IN,True
14033,Srikakulam,Andhra Pradesh,532403,IN,True
14034,Ernakulam,Kerala,686576,IN,True
14035,Kannur,Kerala,670662,IN,True
14036,Belagavi,Karnataka,591106,IN,True
14037,Jabalpur,Madhya Pradesh,482011,IN,True
14038,Kumta,Karnataka,581332,IN,True
14039,Byasanagar,Odisha,755020,IN,True
14040,Pandual,Bihar,847234,IN,True
14041,Udupi,Karnataka,574119,IN,True
14042,Alto Porvorim,Goa,403521,IN,True
14043,Alappuzha,Kerala,688012,IN,True
14044,Tangi,Odisha,752023,IN,True
14045,Jashpur,Chhattisgarh,496118,IN,True
14046,Hauz Khas,Delhi,110016,IN,True
14047,Banagalore,Karnataka,560103,IN,True
14048,"Pasur,Erode",Tamil Nadu,638154,IN,True
14049,Sheikhpura,Bihar,811103,IN,True
14050,Malda,West Bengal,732141,IN,True
14051,"Rau,Indore",Madhya Pradesh,453331,IN,True
14052,Spsr Nellore District,Andhra Pradesh,524126,IN,True
14053,"Raghunathpur, Purulia",West Bengal,723133,IN,True
14054,Nagpur City,Maharashtra,440022,IN,True
14055,Pune 411060,Maharashtra,411060,IN,True
14056,Alappuzha District,Kerala,690503,IN,True
14057,Azamgarh,Uttar Pradesh,223222,IN,True
14058,Vadali,Gujarat,383235,IN,True
14059,Aluva-2,Kerala,683102,IN,True
14060,Rangapara,Assam,784505,IN,True
14061,"Sainik School, Thiruvananthapuram District",Kerala,695585,IN,True
14062,Jalalpur,Uttar Pradesh,224149,IN,True
14063,"Dombivli,Kalyan",Maharashtra,421201,IN,True
14064,"Changanacherry, Kottayam",Kerala,686101,IN,True
14065,Akkalkuwa,Maharashtra,425415,IN,True
14066,"Chembur, Opp Bldg No . 112, Mumbai",Maharashtra,400089,IN,True
14067,Balangir,Odisha,766105,IN,True
14068,Noidanoida,Uttar Pradesh,201301,IN,True
14069,Kalady Ernakulam District,Kerala,683574,IN,True
14070,Ernakulam (Dt),Kerala,682307,IN,True
14071,Seawood East Navi Mumbai,Maharashtra,400706,IN,True
14072,"Sector 90, Manesar",Haryana,122051,IN,True
14073,Ottappalam,Kerala,679516,IN,True
14074,Chandigarh,Chandigarh,160017,IN,True
14075,Kolar Gold Fields,Karnataka,563120,IN,True
14076,Secunderabad,Telangana,500047,IN,True
14077,Kotananduru,Andhra Pradesh,533407,IN,True
14078,"Calicut,Pin-673008",Kerala,673008,IN,True
14079,Kadirur,Kerala,670641,IN,True
14080,Jp Nagar 8Th Phase,Karnataka,560083,IN,True
14081,Moodubelle,Karnataka,576120,IN,True
14082,"Belgharia,Kolkata",West Bengal,700056,IN,True
14083,Miraroad,Maharashtra,401107,IN,True
14084,Bhojipura,Uttar Pradesh,243202,IN,True
14085,Fatehpur District,Uttar Pradesh,212601,IN,True
14086,Tirunelveli,Tamil Nadu,627109,IN,True
14087,Buhana,Rajasthan,333502,IN,True
14088,Thrissur,Kerala,680585,IN,True
14089,Khorda,Odisha,751016,IN,True
14090,Vellore,Tamil Nadu,631003,IN,True
14091,Adoor,Kerala,691555,IN,True
14092,Gomoh,Jharkhand,828401,IN,True
14093,"Kadapara, Tiruvalla",Kerala,689621,IN,True
14094,"Udhampur ,Jammu Kashmir",Jammu and Kashmir,182101,IN,True
14095,Thane Central,Maharashtra,400606,IN,True
14096,Deoria,Uttar Pradesh,274508,IN,True
14097,"Kaghaznagar, 9849771800.",Telangana,504296,IN,True
14098,Rampur Bushahr,Himachal Pradesh,172001,IN,True
14099,Sakhinetipalle,Andhra Pradesh,533252,IN,True
14100,Salem,Tamil Nadu,636015,IN,True
14101,Dungarpur,Rajasthan,314036,IN,True
14102,Shamgarh,Madhya Pradesh,458883,IN,True
14103,Medak,Telangana,502205,IN,True
14104,Aranthangi,Tamil Nadu,614616,IN,True
14105,Lakhna,Uttar Pradesh,206127,IN,True
14106,Pune411002,Maharashtra,411002,IN,True
14107,Gaya,Bihar,824205,IN,True
14108,Iffco Census Village,Uttar Pradesh,243401,IN,True
14109,Vijayapura,Karnataka,586103,IN,True
14110,Ambegaon,Maharashtra,411046,IN,True
14111,Supaul,Bihar,852125,IN,True
14112,Asind,Rajasthan,311301,IN,True
14113,Haroa,West Bengal,743425,IN,True
14114,Karwar,Karnataka,581352,IN,True
14115,Baben,Gujarat,394355,IN,True
14116,Panipat Road,Andaman and Nicobar Islands,744102,IN,True
14117,Gurgaon,Haryana,122008,IN,True
14118,South Goa-Margao,Goa,403709,IN,True
14119,Navimumbai,Maharashtra,400710,IN,True
14120,"Mainaguri, Jalpaiguri",West Bengal,735224,IN,True
14121,Tiruvallur,Tamil Nadu,600051,IN,True
14122,Hailakandi,Assam,788025,IN,True
14123,Jamshedpur,Jharkhand,832108,IN,True
14124,"Trichy, Thirumvermbur",Tamil Nadu,620013,IN,True
14125,Siwan,Bihar,841235,IN,True
14126,Jalpaiguri,West Bengal,734501,IN,True
14127,Medak,Telangana,502101,IN,True
14128,Chandrupatla,Andhra Pradesh,521215,IN,True
14129,"Whitefield, Bangalore",Karnataka,560066,IN,True
14130,Fatehpur Pundri,Haryana,136021,IN,True
14131,Anantapur,Andhra Pradesh,515741,IN,True
14132,"Kanke, Ranchi",Jharkhand,834006,IN,True
14133,Nagapattinam,Tamil Nadu,611108,IN,True
14134,Arwal,Bihar,804419,IN,True
14135,Dowleswaram,Andhra Pradesh,533124,IN,True
14136,Ahmadnagar,Maharashtra,414601,IN,True
14137,Shirhatti,Karnataka,582120,IN,True
14138,Nagpur,Maharashtra,421201,IN,True
14139,Belagavi,Karnataka,591344,IN,True
14140,Bagda,West Bengal,743297,IN,True
14141,Saroornagar,Telangana,500035,IN,True
14142,Dhenkanal,Odisha,759022,IN,True
14143,Havelock,Andaman and Nicobar Islands,744211,IN,True
14144,Gadwal,Telangana,509153,IN,True
14145,Kottarakkara,Kerala,691531,IN,True
14146,Thiruvallur District,Tamil Nadu,601102,IN,True
14147,Mullanpur Garib Dass,Punjab,140901,IN,True
14148,Tanaloor,Kerala,676307,IN,True
14149,Coimbatore,Tamil Nadu,642006,IN,True
14150,"Durgapur, West Bengal",West Bengal,713216,IN,True
14151,Sidhpura,Uttar Pradesh,207246,IN,True
14152,N.Paravoor,Kerala,683594,IN,True
14153,Gadchiroli,Maharashtra,441208,IN,True
14154,Thuraiyur,Tamil Nadu,621014,IN,True
14155,Yavatmal,Maharashtra,444507,IN,True
14156,Seithur,Tamil Nadu,626122,IN,True
14157,Mannarkad I,Kerala,678598,IN,True
14158,Pathanamthitta,Kerala,689549,IN,True
14159,Ambarnath (West),Maharashtra,421505,IN,True
14160,"Thilaspet,Puducherry",Puducherry,605009,IN,True
14161,Kottarakkara,Kerala,691512,IN,True
14162,Banswara,Rajasthan,327023,IN,True
14163,Ferozepur,Punjab,152001,IN,True
14164,Chittoor,Andhra Pradesh,517193,IN,True
14165,Prayagraj,Uttar Pradesh,230304,IN,True
14166,Kapadvanj,Gujarat,387650,IN,True
14167,Kanchipuram,Tamil Nadu,600075,IN,True
14168,Muttayyapuram,Tamil Nadu,628005,IN,True
14169,Bhawan Bahadur Nagar,Uttar Pradesh,245402,IN,True
14170,Vallabhnagar Pimpri,Maharashtra,411018,IN,True
14171,Pothia,Bihar,855117,IN,True
14172,Noida,Uttar Pradesh,203207,IN,True
14173,Gurgoan,Haryana,122101,IN,True
14174,Trivandrum,Kerala,695020,IN,True
14175,Ernakulam District,Kerala,686667,IN,True
14176,Dariyabad,Uttar Pradesh,225403,IN,True
14177,Lauriya,Bihar,845453,IN,True
14178,Kaniha,Assam,781380,IN,True
14179,Mahbubnagar,Telangana,509153,IN,True
14180,Thirupparankundram,Tamil Nadu,625005,IN,True
14181,Garhakota,Madhya Pradesh,470229,IN,True
14182,Mellacheruv,Telangana,508204,IN,True
14183,Sullurpeta,Andhra Pradesh,524121,IN,True
14184,Ghatagaon,Odisha,758027,IN,True
14185,Arki,Himachal Pradesh,173221,IN,True
14186,Paremari Road,Kerala,683541,IN,True
14187,Pudukkottai,Tamil Nadu,630101,IN,True
14188,New Delhilhi,Delhi,110075,IN,True
14189,Mehnagar Azamgarh,Uttar Pradesh,276204,IN,True
14190,Kollam,Kerala,691535,IN,True
14191,Delhi -86,Delhi,110086,IN,True
14192,Virudhunagar,Tamil Nadu,626129,IN,True
14193,Hathras,Uttar Pradesh,204102,IN,True
14194,"Greater Noida,Gautam Buddha Nagar",Uttar Pradesh,201310,IN,True
14195,Movva,Andhra Pradesh,521136,IN,True
14196,Julurupadu,Telangana,507166,IN,True
14197,Thrissur,Kerala,680305,IN,True
14198,Bhilwara,Rajasthan,311301,IN,True
14199,Shivamogga,Karnataka,577414,IN,True
14200,"Kharar, Distt : Mohali",Punjab,140301,IN,True
14201,Chittoor,Andhra Pradesh,517419,IN,True
14202,Gandidham,Gujarat,370205,IN,True
14203,Movva. Mandal,Andhra Pradesh,521136,IN,True
14204,Saunda,Jharkhand,829106,IN,True
14205,Allahabad,Uttar Pradesh,230301,IN,True
14206,Deo,Bihar,824202,IN,True
14207,N.Delhi,Delhi,110015,IN,True
14208,Zamania,Uttar Pradesh,232331,IN,True
14209,Jamtaraj,Jharkhand,815351,IN,True
14210,Sadha Khemaji Tola Chapra,Bihar,841301,IN,True
14211,Ludhiana,Punjab,142032,IN,True
14212,Fatehnagar,Rajasthan,313205,IN,True
14213,"Howajan,Gohpur",Assam,784169,IN,True
14214,Bhadrak,Odisha,756122,IN,True
14215,Hyderabad.,Telangana,500040,IN,True
14216,Pimpri Chinchwad Pune.,Maharashtra,411061,IN,True
14217,Avadi,Tamil Nadu,600062,IN,True
14218,"Dombivali East, Kalyan District",Maharashtra,421201,IN,True
14219,Pudupalayam Agraharam,Tamil Nadu,638007,IN,True
14220,Karanja (Laad),Maharashtra,444105,IN,True
14221,Tirva Rod Gursahaiganj,Uttar Pradesh,209722,IN,True
14222,Moodabettu,Karnataka,576122,IN,True
14223,Punnapara,Kerala,688014,IN,True
14224,Jalandhar,Punjab,144039,IN,True
14225,Erode,Tamil Nadu,638104,IN,True
14226,"Ollur, Thrissur",Kerala,680306,IN,True
14227,Azamgarh,Uttar Pradesh,276288,IN,True
14228,Madhubani,Bihar,847224,IN,True
14229,Guntur,Andhra Pradesh,522311,IN,True
14230,"Rajpur Sonarpur ,Kolkata ,India",West Bengal,700150,IN,True
14231,Ayyampalayam,Tamil Nadu,624204,IN,True
14232,Aluva,Kerala,683110,IN,True
14233,Sargasan Village,Gujarat,382421,IN,True
14234,Devgad,Maharashtra,416804,IN,True
14235,Ernakulam,Kerala,683112,IN,True
14236,Gurugram 122002,Haryana,122002,IN,True
14237,Dombivli East  Thane,Maharashtra,421201,IN,True
14238,Peroorkada Po,Kerala,695005,IN,True
14239,Khopoli-Pali Road.Mh06,Maharashtra,410205,IN,True
14240,Thurayur,Kerala,673307,IN,True
14241,Trichur,Kerala,680541,IN,True
14242,Alathur,Kerala,678683,IN,True
14243,Sojat,Rajasthan,306104,IN,True
14244,Attingal,Kerala,695104,IN,True
14245,"Borivali West, Mumbai",Maharashtra,400092,IN,True
14246,"Dombivali (East), Thane",Maharashtra,421204,IN,True
14247,Pathanamthitta,Kerala,689673,IN,True
14248,P O Peerumadara District Nainital,Uttarakhand,244715,IN,True
14249,Kolkata 700050,West Bengal,700050,IN,True
14250,Alibag,Maharashtra,402203,IN,True
14251,Vadodara,Gujarat,390005,IN,True
14252,Sullurupet,Andhra Pradesh,524121,IN,True
14253,"Bhugaon, Pune",Maharashtra,412115,IN,True
14254,Tiruvallur,Tamil Nadu,600087,IN,True
14255,Rangareddy,Telangana,500079,IN,True
14256,Yacharam,Telangana,501509,IN,True
14257,Village Challah P.O Gutkar,Himachal Pradesh,175021,IN,True
14258,"Laxmi Nagar, Delhi",Delhi,110092,IN,True
14259,Kulasekarapuram,Kerala,690544,IN,True
14260,Kamakshyanagar,Odisha,759018,IN,True
14261,Barakar,West Bengal,713324,IN,True
14262,South Kalamassery,Kerala,683104,IN,True
14263,Chogawan,Punjab,143109,IN,True
14264,Shahjahanpur,Uttar Pradesh,242226,IN,True
14265,Bileipada,Odisha,758038,IN,True
14266,Achalpur,Maharashtra,444806,IN,True
14267,Galiakot,Rajasthan,314026,IN,True
14268,Howrah,West Bengal,711315,IN,True
14269,Palghar,Maharashtra,401207,IN,True
14270,Kelveroad,Maharashtra,401401,IN,True
14271,Pattabiram,Tamil Nadu,600072,IN,True
14272,Bande,Chhattisgarh,494777,IN,True
14273,Srikakulam,Andhra Pradesh,532427,IN,True
14274,Somandepalle,Andhra Pradesh,515110,IN,True
14275,Gautam Buddha Nagar,Uttar Pradesh,201009,IN,True
14276,Kooraikundu,Tamil Nadu,626003,IN,True
14277,Nereducherla,Telangana,508218,IN,True
14278,"Perinthalmanna, Malappuram Dt",Kerala,679322,IN,True
14279,Tirur,Kerala,676104,IN,True
14280,Gurgaon,Haryana,122007,IN,True
14281,Ancharakandy,Kerala,670595,IN,True
14282,"Hyderabad, Rangareddy .",Telangana,500055,IN,True
14283,"Airoli, Navimumbai",Maharashtra,400708,IN,True
14284,"Madeenaguda, Chandanagar, Hyderabad",Telangana,500050,IN,True
14285,Guduvancheri,Tamil Nadu,603202,IN,True
14286,Sandur,Karnataka,583118,IN,True
14287,Belthangadi,Karnataka,574216,IN,True
14288,Margao,Goa,403707,IN,True
14289,North Barrackpur,West Bengal,743144,IN,True
14290,Salem,Tamil Nadu,636204,IN,True
14291,Dharmapuri,Tamil Nadu,636704,IN,True
14292,Nellore,Andhra Pradesh,524414,IN,True
14293,Kankavli,Maharashtra,416601,IN,True
14294,Kumher,Rajasthan,321201,IN,True
14295,Malikipuram,Andhra Pradesh,533250,IN,True
14296,Thiruvegappura,Kerala,679304,IN,True
14297,Unnao,Uttar Pradesh,212665,IN,True
14298,Patiyala,Punjab,147001,IN,True
14299,Uttarpara,West Bengal,712232,IN,True
14300,Engandiyur Village,Kerala,680616,IN,True
14301,Shanti Nagar,Sikkim,737134,IN,True
14302,Kottayam,Kerala,686539,IN,True
14303,"Vindhya Nagar Ntpc Township, Singrauli District",Madhya Pradesh,486885,IN,True
14304,Ajaygarh,Madhya Pradesh,488220,IN,True
14305,Hassan,Karnataka,573214,IN,True
14306,Balangir,Odisha,767002,IN,True
14307,Chhata,Uttar Pradesh,281401,IN,True
14308,Pulwama,Jammu and Kashmir,192306,IN,True
14309,Kollam,Kerala,691020,IN,True
14310,Baroda,Gujarat,390023,IN,True
14311,Korukonda,Andhra Pradesh,533292,IN,True
14312,"Tadepalli Mandal,Guntur District",Andhra Pradesh,522501,IN,True
14313,Aonla,Uttar Pradesh,243403,IN,True
14314,"Gangtok, East Sikkim",Sikkim,737101,IN,True
14315,Coimbatore Rural,Tamil Nadu,641305,IN,True
14316,Kanyakumari,Tamil Nadu,629602,IN,True
14317,Thank,Maharashtra,400610,IN,True
14318,Kolar,Karnataka,563116,IN,True
14319,Bhandara,Maharashtra,441908,IN,True
14320,Chandrapur,Maharashtra,441225,IN,True
14321,Bhavnagar,Gujarat,364060,IN,True
14322,Vaduvanchal,Kerala,673581,IN,True
14323,Yamuna Vihar,Delhi,110053,IN,True
14324,Maurawan,Uttar Pradesh,209821,IN,True
14325,Samastipur,Bihar,848206,IN,True
14326,Koraput,Odisha,764021,IN,True
14327,"K R Puram, Bangalore",Karnataka,560049,IN,True
14328,"Gahunje, Pune",Maharashtra,412101,IN,True
14329,Zundal,Gujarat,382421,IN,True
14330,Vijayawada,Andhra Pradesh,521139,IN,True
14331,Khliehriat,Meghalaya,793200,IN,True
14332,Dalmau,Uttar Pradesh,229207,IN,True
14333,"Batlahalli, Chintamani Taluk, Chikkaballapur Dist",Karnataka,563123,IN,True
14334,Bihar,Bihar,843312,IN,True
14335,Trissur,Kerala,680663,IN,True
14336,Kendrapara,Odisha,754134,IN,True
14337,Tezpur,Assam,784010,IN,True
14338,Vellore,Tamil Nadu,632204,IN,True
14339,Kaptanganj.  Kushinagar,Uttar Pradesh,274301,IN,True
14340,Dimapur,Nagaland,797117,IN,True
14341,Vile Bhagad Midc,Maharashtra,402120,IN,True
14342,Sundarnagar,Himachal Pradesh,175002,IN,True
14343,Bangalore Rural,Karnataka,561203,IN,True
14344,Cherthala,Kerala,688537,IN,True
14345,Vennanthur,Tamil Nadu,637505,IN,True
14346,Hyderaba,Telangana,500019,IN,True
14347,Nanpara,Uttar Pradesh,271882,IN,True
14348,Vettaikaranpudur,Tamil Nadu,642129,IN,True
14349,Sikri Kalan,Uttar Pradesh,201204,IN,True
14350,Banguwan Kalan,Uttar Pradesh,284136,IN,True
14351,Thiruvananthapuram,Kerala,695611,IN,True
14352,Hyd,Telangana,500065,IN,True
14353,Rabkavi Banhatti,Karnataka,587311,IN,True
14354,Silchar,Assam,788026,IN,True
14355,Etmadpur,Uttar Pradesh,283204,IN,True
14356,Kannur,Kerala,670651,IN,True
14357,Ernakulam Kochi,Kerala,682024,IN,True
14358,Talwara,Jammu and Kashmir,182320,IN,True
14359,Una,Himachal Pradesh,177109,IN,True
14360,Muppathadam,Kerala,683110,IN,True
14361,Warangal Rural,Telangana,506122,IN,True
14362,Chandapura,Karnataka,562138,IN,True
14363,Salem,Tamil Nadu,636304,IN,True
14364,Khardaha,West Bengal,700118,IN,True
14365,Sarcarsamakulam,Tamil Nadu,641110,IN,True
14366,Secunderabad,Telangana,500093,IN,True
14367,Ernakulam,Kerala,683514,IN,True
14368,South  Delhi,Delhi,110070,IN,True
14369,Sarni,Madhya Pradesh,460447,IN,True
14370,"Venginissery, Thrissur",Kerala,680563,IN,True
14371,Khordha,Odisha,752050,IN,True
14372,Barabanki,Uttar Pradesh,225204,IN,True
14373,Edakkode,Kerala,695104,IN,True
14374,Thrissur,Kerala,680584,IN,True
14375,Bhanpura,Madhya Pradesh,458775,IN,True
14376,Srikakulam,Andhra Pradesh,535526,IN,True
14377,"Mumbai,Malad  East",Maharashtra,400097,IN,True
14378,Phulpur Azamgarh District,Uttar Pradesh,276304,IN,True
14379,Mahabubabad,Telangana,507211,IN,True
14380,Nashik Road,Maharashtra,422101,IN,True
14381,Kayamkulam,Kerala,690106,IN,True
14382,Gharghoda,Chhattisgarh,496111,IN,True
14383,Guntur,Andhra Pradesh,522302,IN,True
14384,"Vizhinjam, Trivandrum",Kerala,695521,IN,True
14385,Melmanavoor,Tamil Nadu,632010,IN,True
14386,Gird Baragaon,Uttar Pradesh,221314,IN,True
14387,Waraseoni,Madhya Pradesh,481331,IN,True
14388,Thekashu Pt Ii,Assam,783124,IN,True
14389,Bantwa,Gujarat,362620,IN,True
14390,Lucknowlucknow,Uttar Pradesh,226010,IN,True
14391,Taliparamba,Kerala,670306,IN,True
14392,"Milak, Rampur",Uttar Pradesh,244701,IN,True
14393,Hanskunda,West Bengal,733208,IN,True
14394,Kota Mandal,Andhra Pradesh,524413,IN,True
14395,Kalmassery,Kerala,683106,IN,True
14396,"Greater Noida, Sector 1",Uttar Pradesh,201306,IN,True
14397,Pune 411006,Maharashtra,411006,IN,True
14398,Gopalganj,Bihar,841413,IN,True
14399,Thiruvarur,Tamil Nadu,612601,IN,True
14400,Palacoderu,Andhra Pradesh,534210,IN,True
14401,"Hyderabad, Shamshabad",Telangana,501218,IN,True
14402,Ambepur,Maharashtra,402108,IN,True
14403,Marancheri,Kerala,679579,IN,True
14404,Limla,Gujarat,394510,IN,True
14405,Talcher Thermal Power Station Township,Odisha,759104,IN,True
14406,Shahjahanpur,Uttar Pradesh,242306,IN,True
14407,Thrissur,Kerala,680545,IN,True
14408,Periya,Kerala,671316,IN,True
14409,"Kannur District,",Kerala,670334,IN,True
14410,Manesar Pachgaon,Haryana,122413,IN,True
14411,"Vennala, Eranakulam",Kerala,682028,IN,True
14412,"Dona Paula, Panaji",Goa,403004,IN,True
14413,Gudivada,Andhra Pradesh,521322,IN,True
14414,"Nagercoil, Kanyakumari Dist.,",Tamil Nadu,629501,IN,True
14415,"Badlapur , Thane",Maharashtra,421503,IN,True
14416,"Begumpet, Hyderabad",Telangana,500016,IN,True
14417,Dombiwali,Maharashtra,421201,IN,True
14418,Bangluru,Karnataka,560079,IN,True
14419,"Kothapalle, E.G.Dt",Andhra Pradesh,533447,IN,True
14420,Adilabad,Telangana,500001,IN,True
14421,Bokaro Steel City,Jharkhand,827302,IN,True
14422,Karaikal,Puducherry,609603,IN,True
14423,Kanchipuram,Tamil Nadu,631502,IN,True
14424,Khagaria,Bihar,851205,IN,True
14425,Vasai East,Maharashtra,401210,IN,True
14426,Thalassery,Kerala,670107,IN,True
14427,Mahindra World City,Tamil Nadu,603004,IN,True
14428,Eroor  Kochi,Kerala,682306,IN,True
14429,"Mambakkam, Chingleput Dist",Tamil Nadu,600127,IN,True
14430,New Delhi 110032,Delhi,110032,IN,True
14431,Vaishali Nagar Nagpur,Maharashtra,440017,IN,True
14432,Varanasivaranasi,Uttar Pradesh,221003,IN,True
14433,Cherukunnu (P.O),Kerala,670301,IN,True
14434,Belgharia,West Bengal,700056,IN,True
14435,Edaikodu,Tamil Nadu,629152,IN,True
14436,"Gulabpura, Distt Bhilwara",Rajasthan,311021,IN,True
14437,Prayagraj (Allahabad),Uttar Pradesh,211007,IN,True
